{"providers":[{"file":"char/black.png","chars":[""],"height":1,"ascent":-5000,"type":"bitmap"},{"file":"char/black.png","chars":[""],"height":2,"ascent":-5000,"type":"bitmap"},{"file":"char/black.png","chars":[""],"height":3,"ascent":-5000,"type":"bitmap"},{"file":"char/black.png","chars":[""],"height":4,"ascent":-5000,"type":"bitmap"},{"file":"char/black.png","chars":[""],"height":5,"ascent":-5000,"type":"bitmap"},{"file":"char/black.png","chars":[""],"height":6,"ascent":-5000,"type":"bitmap"},{"file":"char/black.png","chars":[""],"height":7,"ascent":-5000,"type":"bitmap"},{"file":"char/black.png","chars":[""],"height":15,"ascent":-5000,"type":"bitmap"},{"file":"char/black.png","chars":[""],"height":31,"ascent":-5000,"type":"bitmap"},{"file":"char/black.png","chars":[""],"height":63,"ascent":-5000,"type":"bitmap"},{"file":"char/black.png","chars":[""],"height":127,"ascent":-5000,"type":"bitmap"},{"file":"char/black.png","chars":[""],"height":256,"ascent":-5000,"type":"bitmap"},{"file":"char/black.png","chars":[""],"height":512,"ascent":-5000,"type":"bitmap"},{"file":"char/black.png","chars":[""],"height":1024,"ascent":-5000,"type":"bitmap"},{"file":"char/black.png","chars":[""],"height":-3,"ascent":-5000,"type":"bitmap"},{"file":"char/black.png","chars":[""],"height":-4,"ascent":-5000,"type":"bitmap"},{"file":"char/black.png","chars":[""],"height":-5,"ascent":-5000,"type":"bitmap"},{"file":"char/black.png","chars":[""],"height":-6,"ascent":-5000,"type":"bitmap"},{"file":"char/black.png","chars":[""],"height":-7,"ascent":-5000,"type":"bitmap"},{"file":"char/black.png","chars":[""],"height":-8,"ascent":-5000,"type":"bitmap"},{"file":"char/black.png","chars":[""],"height":-9,"ascent":-5000,"type":"bitmap"},{"file":"char/black.png","chars":[""],"height":-10,"ascent":-5000,"type":"bitmap"},{"file":"char/black.png","chars":[""],"height":-18,"ascent":-5000,"type":"bitmap"},{"file":"char/black.png","chars":[""],"height":-34,"ascent":-5000,"type":"bitmap"},{"file":"char/black.png","chars":[""],"height":-66,"ascent":-5000,"type":"bitmap"},{"file":"char/black.png","chars":[""],"height":-130,"ascent":-5000,"type":"bitmap"},{"file":"char/black.png","chars":[""],"height":-259,"ascent":-5000,"type":"bitmap"},{"file":"char/black.png","chars":[""],"height":-515,"ascent":-5000,"type":"bitmap"},{"file":"char/black.png","chars":[""],"height":-1027,"ascent":-5000,"type":"bitmap"},{"file":"customemojis:font/emoji/souls.png","chars":[""],"height":9,"ascent":8,"type":"bitmap"},{"file":"customemojis:font/emoji/money.png","chars":[""],"height":9,"ascent":8,"type":"bitmap"},{"file":"customemojis:font/emoji/tokens.png","chars":[""],"height":9,"ascent":8,"type":"bitmap"},{"file":"customemojis:font/emoji/gems.png","chars":[""],"height":9,"ascent":8,"type":"bitmap"},{"file":"customemojis:font/emoji/coins.png","chars":[""],"height":9,"ascent":8,"type":"bitmap"},{"file":"customemojis:font/emoji/2431-pepe-boxing.png","chars":[""],"height":9,"ascent":8,"type":"bitmap"},{"file":"customemojis:font/emoji/1602-nervous.png","chars":[""],"height":9,"ascent":8,"type":"bitmap"},{"file":"customemojis:font/emoji/2618-joeangry.png","chars":[""],"height":9,"ascent":8,"type":"bitmap"},{"file":"customemojis:font/emoji/3123-pepenoted.png","chars":[""],"height":9,"ascent":8,"type":"bitmap"},{"file":"customemojis:font/emoji/4919-bruh-pepe.png","chars":[""],"height":9,"ascent":8,"type":"bitmap"},{"file":"customemojis:font/emoji/4983-pepe-diamond-sword.png","chars":[""],"height":9,"ascent":8,"type":"bitmap"},{"file":"customemojis:font/emoji/5242-kekwsuffer.png","chars":[""],"height":9,"ascent":8,"type":"bitmap"},{"file":"customemojis:font/emoji/5441-pepehands-waa.png","chars":[""],"height":9,"ascent":8,"type":"bitmap"},{"file":"customemojis:font/emoji/5696-hymoji-3036peeposus.png","chars":[""],"height":9,"ascent":8,"type":"bitmap"},{"file":"customemojis:font/emoji/7466-mega-reverse.png","chars":[""],"height":9,"ascent":8,"type":"bitmap"},{"file":"customemojis:font/emoji/7529_kekw.png","chars":[""],"height":9,"ascent":8,"type":"bitmap"},{"file":"customemojis:font/emoji/8031-wat.png","chars":[""],"height":9,"ascent":8,"type":"bitmap"},{"file":"customemojis:font/emoji/8274-laughing-openeyed.png","chars":[""],"height":9,"ascent":8,"type":"bitmap"},{"file":"customemojis:font/emoji/8628-poop.png","chars":[""],"height":9,"ascent":8,"type":"bitmap"},{"file":"customemojis:font/emoji/9115-dumbpepe.png","chars":[""],"height":9,"ascent":8,"type":"bitmap"},{"file":"customemojis:font/emoji/9271-pepposad.png","chars":[""],"height":9,"ascent":8,"type":"bitmap"},{"file":"customemojis:font/emoji/9378-fuckboi.png","chars":[""],"height":9,"ascent":8,"type":"bitmap"},{"file":"customemojis:font/emoji/9390-pixel-rip-tombstone.png","chars":[""],"height":9,"ascent":8,"type":"bitmap"},{"file":"customemojis:font/emoji/9995-peepominecraft.png","chars":[""],"height":9,"ascent":8,"type":"bitmap"},{"file":"customemojis:font/emoji/1591-pixel-emoji-neutral-face.png","chars":[""],"height":9,"ascent":8,"type":"bitmap"},{"file":"customemojis:font/emoji/1650-pixel-emoji-nauseated-face.png","chars":[""],"height":9,"ascent":8,"type":"bitmap"},{"file":"customemojis:font/emoji/1804-pixel-emoji-kissing-heart.png","chars":[""],"height":9,"ascent":8,"type":"bitmap"},{"file":"customemojis:font/emoji/2014-pixel-emoji-anonymous.png","chars":[""],"height":9,"ascent":8,"type":"bitmap"},{"file":"customemojis:font/emoji/2039-pixel-emoji-nya-devil.png","chars":[""],"height":9,"ascent":8,"type":"bitmap"},{"file":"customemojis:font/emoji/2385-pixel-emoji-short-smile.png","chars":[""],"height":9,"ascent":8,"type":"bitmap"},{"file":"customemojis:font/emoji/2544-pixel-emoji-serious-face.png","chars":[""],"height":9,"ascent":8,"type":"bitmap"},{"file":"customemojis:font/emoji/2634-pixel-emoji-smiley.png","chars":[""],"height":9,"ascent":8,"type":"bitmap"},{"file":"customemojis:font/emoji/2669-pixel-emoji-angry.png","chars":[""],"height":9,"ascent":8,"type":"bitmap"},{"file":"customemojis:font/emoji/2826-pixel-emoji-stuck-out-tongue.png","chars":[""],"height":9,"ascent":8,"type":"bitmap"},{"file":"customemojis:font/emoji/2985-pixel-emoji-sob.png","chars":[""],"height":9,"ascent":8,"type":"bitmap"},{"file":"customemojis:font/emoji/3010-pixel-emoji-kind-clown.png","chars":[""],"height":9,"ascent":8,"type":"bitmap"},{"file":"customemojis:font/emoji/3176-pixel-emoji-nerd.png","chars":[""],"height":9,"ascent":8,"type":"bitmap"},{"file":"customemojis:font/emoji/3556-pixel-emoji-heart-eyes.png","chars":[""],"height":9,"ascent":8,"type":"bitmap"},{"file":"customemojis:font/emoji/3606-pixel-emoji-innocent.png","chars":[""],"height":9,"ascent":8,"type":"bitmap"},{"file":"customemojis:font/emoji/3642-pixel-emoji-yum.png","chars":[""],"height":9,"ascent":8,"type":"bitmap"},{"file":"customemojis:font/emoji/4090-pixel-emoji-cry.png","chars":[""],"height":9,"ascent":8,"type":"bitmap"},{"file":"customemojis:font/emoji/4318-pixel-emoji-sad.png","chars":[""],"height":9,"ascent":8,"type":"bitmap"},{"file":"customemojis:font/emoji/4562-pixel-emoji-no-mouth.png","chars":[""],"height":9,"ascent":8,"type":"bitmap"},{"file":"customemojis:font/emoji/4609-pixel-emoji-mask.png","chars":[""],"height":9,"ascent":8,"type":"bitmap"},{"file":"customemojis:font/emoji/4943-pixel-emoji-sunglasses.png","chars":[""],"height":9,"ascent":8,"type":"bitmap"},{"file":"customemojis:font/emoji/4954-pixel-emoji-unamused.png","chars":[""],"height":9,"ascent":8,"type":"bitmap"},{"file":"customemojis:font/emoji/5267-pixel-emoji-pirate.png","chars":[""],"height":9,"ascent":8,"type":"bitmap"},{"file":"customemojis:font/emoji/5309-pixel-emoji-open-mouth.png","chars":[""],"height":9,"ascent":8,"type":"bitmap"},{"file":"customemojis:font/emoji/6151-pixel-emoji-pensive.png","chars":[""],"height":9,"ascent":8,"type":"bitmap"},{"file":"customemojis:font/emoji/6215-pixel-emoji-blush.png","chars":[""],"height":9,"ascent":8,"type":"bitmap"},{"file":"customemojis:font/emoji/6786-pixel-emoji-expressionless.png","chars":[""],"height":9,"ascent":8,"type":"bitmap"},{"file":"customemojis:font/emoji/7131-pixel-emoji-smirk.png","chars":[""],"height":9,"ascent":8,"type":"bitmap"},{"file":"customemojis:font/emoji/7169-pixel-emoji-woozy-face.png","chars":[""],"height":9,"ascent":8,"type":"bitmap"},{"file":"customemojis:font/emoji/7693-pixel-emoji-suspicion.png","chars":[""],"height":9,"ascent":8,"type":"bitmap"},{"file":"customemojis:font/emoji/7706-pixel-emoji-worried.png","chars":[""],"height":9,"ascent":8,"type":"bitmap"},{"file":"customemojis:font/emoji/7844-pixel-emoji-face-with-raised-eyebrow.png","chars":[""],"height":9,"ascent":8,"type":"bitmap"},{"file":"customemojis:font/emoji/7888-pixel-emoji-dizzy-face.png","chars":[""],"height":9,"ascent":8,"type":"bitmap"},{"file":"customemojis:font/emoji/8105-pixel-emoji-drooling-face.png","chars":[""],"height":9,"ascent":8,"type":"bitmap"},{"file":"customemojis:font/emoji/8169-pixel-emoji-lying.png","chars":[""],"height":9,"ascent":8,"type":"bitmap"},{"file":"customemojis:font/emoji/8742-pixel-emoji-confounded.png","chars":[""],"height":9,"ascent":8,"type":"bitmap"},{"file":"customemojis:font/emoji/8874-pixel-emoji-face-vomiting.png","chars":[""],"height":9,"ascent":8,"type":"bitmap"},{"file":"customemojis:font/emoji/8874-pixel-emoji-long-smile.png","chars":[""],"height":9,"ascent":8,"type":"bitmap"},{"file":"customemojis:font/emoji/9952-pixel-emoji-confused.png","chars":[""],"height":9,"ascent":8,"type":"bitmap"},{"file":"betterranks:owner.png","chars":[""],"height":9,"ascent":8,"type":"bitmap"},{"file":"betterranks:admin.png","chars":[""],"height":9,"ascent":8,"type":"bitmap"},{"file":"betterranks:srmod.png","chars":[""],"height":9,"ascent":8,"type":"bitmap"},{"file":"betterranks:mod.png","chars":[""],"height":9,"ascent":8,"type":"bitmap"},{"file":"betterranks:staff.png","chars":[""],"height":9,"ascent":8,"type":"bitmap"},{"file":"betterranks:trainee.png","chars":[""],"height":9,"ascent":8,"type":"bitmap"},{"file":"betterranks:media.png","chars":[""],"height":9,"ascent":8,"type":"bitmap"},{"file":"betterranks:ultra.png","chars":[""],"height":9,"ascent":8,"type":"bitmap"},{"file":"betterranks:overlord.png","chars":[""],"height":9,"ascent":8,"type":"bitmap"},{"file":"betterranks:mvp.png","chars":[""],"height":9,"ascent":8,"type":"bitmap"},{"file":"betterranks:default.png","chars":[""],"height":9,"ascent":8,"type":"bitmap"},{"file":"betterranks:golden.png","chars":[""],"height":9,"ascent":8,"type":"bitmap"},{"file":"betterranks:shiny.png","chars":[""],"height":9,"ascent":8,"type":"bitmap"},{"file":"betterranks:rainbow.png","chars":[""],"height":9,"ascent":8,"type":"bitmap"},{"file":"betterranks:member.png","chars":[""],"height":9,"ascent":8,"type":"bitmap"},{"file":"betterranks:aether.png","chars":[""],"height":9,"ascent":8,"type":"bitmap"},{"file":"betterranks:stellar.png","chars":[""],"height":9,"ascent":8,"type":"bitmap"},{"file":"betterranks:demonic.png","chars":[""],"height":9,"ascent":8,"type":"bitmap"},{"file":"betterranks:eternal.png","chars":[""],"height":9,"ascent":8,"type":"bitmap"},{"file":"betterranks:common.png","chars":[""],"height":9,"ascent":8,"type":"bitmap"},{"file":"betterranks:rare.png","chars":[""],"height":9,"ascent":8,"type":"bitmap"},{"file":"betterranks:legendary.png","chars":[""],"height":9,"ascent":8,"type":"bitmap"},{"file":"betterranks:unique.png","chars":[""],"height":9,"ascent":8,"type":"bitmap"},{"file":"hmccosmetics:icons/cosmetics_gui.png","chars":[""],"height":256,"ascent":14,"type":"bitmap"},{"file":"hmccosmetics:icons/dye_menu.png","chars":[""],"height":256,"ascent":14,"type":"bitmap"},{"file":"hmccosmetics:icons/colorful.png","chars":[""],"height":8,"ascent":8,"type":"bitmap"},{"file":"hmccosmetics:icons/title.png","chars":[""],"height":256,"ascent":128,"type":"bitmap"},{"file":"hmccosmetics:icons/shade.png","chars":[""],"height":16,"ascent":-5,"type":"bitmap"},{"file":"hmccosmetics:icons/shade.png","chars":[""],"height":16,"ascent":-23,"type":"bitmap"},{"file":"hmccosmetics:icons/shade.png","chars":[""],"height":16,"ascent":-41,"type":"bitmap"},{"file":"hmccosmetics:icons/shade.png","chars":[""],"height":16,"ascent":-59,"type":"bitmap"},{"file":"hmccosmetics:icons/shade.png","chars":[""],"height":16,"ascent":-77,"type":"bitmap"},{"file":"hmccosmetics:icons/shade.png","chars":[""],"height":16,"ascent":-95,"type":"bitmap"},{"file":"hmccosmetics:icons/clear_image.png","chars":[""],"height":16,"ascent":-5,"type":"bitmap"},{"file":"hmccosmetics:icons/clear_image.png","chars":[""],"height":16,"ascent":-23,"type":"bitmap"},{"file":"hmccosmetics:icons/clear_image.png","chars":[""],"height":16,"ascent":-41,"type":"bitmap"},{"file":"hmccosmetics:icons/clear_image.png","chars":[""],"height":16,"ascent":-59,"type":"bitmap"},{"file":"hmccosmetics:icons/clear_image.png","chars":[""],"height":16,"ascent":-77,"type":"bitmap"},{"file":"hmccosmetics:icons/clear_image.png","chars":[""],"height":16,"ascent":-95,"type":"bitmap"},{"file":"custom_esc:logotext765px_0_0.png","chars":[""],"height":64,"ascent":16,"type":"bitmap"},{"file":"custom_esc:logotext765px_1_0.png","chars":[""],"height":64,"ascent":16,"type":"bitmap"},{"file":"custom_esc:logotext765px_2_0.png","chars":[""],"height":64,"ascent":16,"type":"bitmap"},{"file":"custom_esc:quit_button.png","chars":[""],"height":20,"ascent":13,"type":"bitmap"},{"file":"custom_esc:you_died.png","chars":[""],"height":128,"ascent":35,"type":"bitmap"},{"file":"_iainternal:hud/small_cooldown_bar/0.png","chars":[""],"height":22,"ascent":-42,"type":"bitmap"},{"file":"_iainternal:hud/small_cooldown_bar/1.png","chars":[""],"height":22,"ascent":-42,"type":"bitmap"},{"file":"_iainternal:hud/small_cooldown_bar/2.png","chars":[""],"height":22,"ascent":-42,"type":"bitmap"},{"file":"_iainternal:hud/small_cooldown_bar/3.png","chars":[""],"height":22,"ascent":-42,"type":"bitmap"},{"file":"_iainternal:hud/small_cooldown_bar/4.png","chars":[""],"height":22,"ascent":-42,"type":"bitmap"},{"file":"_iainternal:hud/small_cooldown_bar/5.png","chars":[""],"height":22,"ascent":-42,"type":"bitmap"},{"file":"_iainternal:hud/small_cooldown_bar/6.png","chars":[""],"height":22,"ascent":-42,"type":"bitmap"},{"file":"_iainternal:hud/small_cooldown_bar/7.png","chars":[""],"height":22,"ascent":-42,"type":"bitmap"},{"file":"_iainternal:hud/small_cooldown_bar/8.png","chars":[""],"height":22,"ascent":-42,"type":"bitmap"},{"file":"_iainternal:hud/small_cooldown_bar/9.png","chars":[""],"height":22,"ascent":-42,"type":"bitmap"},{"file":"_iainternal:hud/small_cooldown_bar/10.png","chars":[""],"height":22,"ascent":-42,"type":"bitmap"},{"file":"_iainternal:hud/small_cooldown_bar/11.png","chars":[""],"height":22,"ascent":-42,"type":"bitmap"},{"file":"_iainternal:hud/small_cooldown_bar/12.png","chars":[""],"height":22,"ascent":-42,"type":"bitmap"},{"file":"_iainternal:hud/small_cooldown_bar/13.png","chars":[""],"height":22,"ascent":-42,"type":"bitmap"},{"file":"_iainternal:hud/small_cooldown_bar/14.png","chars":[""],"height":22,"ascent":-42,"type":"bitmap"},{"file":"_iainternal:hud/small_cooldown_bar/15.png","chars":[""],"height":22,"ascent":-42,"type":"bitmap"},{"file":"_iainternal:hud/small_cooldown_bar/16.png","chars":[""],"height":22,"ascent":-42,"type":"bitmap"},{"file":"_iainternal:hud/small_cooldown_bar/17.png","chars":[""],"height":22,"ascent":-42,"type":"bitmap"},{"file":"_iainternal:hud/small_cooldown_bar/18.png","chars":[""],"height":22,"ascent":-42,"type":"bitmap"},{"file":"_iainternal:hud/small_cooldown_bar/19.png","chars":[""],"height":22,"ascent":-42,"type":"bitmap"},{"file":"_iainternal:hud/small_cooldown_bar/20.png","chars":[""],"height":22,"ascent":-42,"type":"bitmap"},{"file":"_iainternal:gui/no_recipe.png","chars":[""],"height":170,"ascent":47,"type":"bitmap"},{"file":"_iainternal:gui/crafting.png","chars":[""],"height":170,"ascent":47,"type":"bitmap"},{"file":"_iainternal:gui/cooking.png","chars":[""],"height":170,"ascent":47,"type":"bitmap"},{"file":"_iainternal:gui/blank_menu.png","chars":[""],"height":170,"ascent":47,"type":"bitmap"},{"file":"_iainternal:gui/anvil_repair.png","chars":[""],"height":170,"ascent":47,"type":"bitmap"},{"file":"_iainternal:gui/smithing.png","chars":[""],"height":170,"ascent":47,"type":"bitmap"},{"file":"_iainternal:gui/ia_server_logo.png","chars":[""],"height":100,"ascent":50,"type":"bitmap"}]}