{"credit":"Made with Blockbench","texture_size":[128,128],"textures":{"2":"animated_wings:demon_wings"},"elements":[{"from":[-8,7.98148,9.4375],"to":[7.5,8.86574,10.4375],"rotation":{"angle":22.5,"axis":"z","origin":[5.25,4.73148,9.9375]},"faces":{"north":{"uv":[4.625,0,8.5,0.25],"texture":"#2"},"east":{"uv":[1.5,5.25,1.75,5.5],"texture":"#2"},"south":{"uv":[8.5,0,4.625,0.25],"texture":"#2"},"west":{"uv":[1.75,5.25,2,5.5],"texture":"#2"},"up":{"uv":[8.5,0.75,4.625,0.5],"texture":"#2"},"down":{"uv":[8.5,0.75,4.625,1],"texture":"#2"}}},{"from":[4.5,2.48148,9.4375],"to":[6,7.98148,10.4375],"rotation":{"angle":22.5,"axis":"z","origin":[5.25,4.73148,9.9375]},"faces":{"north":{"uv":[4.625,2.5,5,3.875],"texture":"#2"},"east":{"uv":[5,2.5,5.25,3.875],"texture":"#2"},"south":{"uv":[4.625,3.875,5,5.25],"texture":"#2"},"west":{"uv":[5,3.875,5.25,5.25],"texture":"#2"},"up":{"uv":[1.125,5.5,0.75,5.25],"texture":"#2"},"down":{"uv":[1.5,5.25,1.125,5.5],"texture":"#2"}}},{"from":[-9,-2.01852,10.3125],"to":[9.5,8.48148,10.3125],"rotation":{"angle":22.5,"axis":"z","origin":[5.25,4.73148,9.9375]},"faces":{"north":{"uv":[0,0,4.625,2.625],"texture":"#2"},"east":{"uv":[0,0,0,2.625],"texture":"#2"},"south":{"uv":[4.625,0,0,2.625],"texture":"#2"},"west":{"uv":[0,0,0,2.625],"texture":"#2"},"up":{"uv":[4.625,0,0,0],"texture":"#2"},"down":{"uv":[4.625,0,0,0],"texture":"#2"}}},{"from":[-9,-2.01852,9.9375],"to":[9.5,8.48148,9.9375],"rotation":{"angle":22.5,"axis":"z","origin":[5.25,4.73148,9.9375]},"faces":{"north":{"uv":[0,2.625,4.625,5.25],"texture":"#2"},"east":{"uv":[0,0,0,2.625],"texture":"#2"},"south":{"uv":[4.625,2.625,0,5.25],"texture":"#2"},"west":{"uv":[0,0,0,2.625],"texture":"#2"},"up":{"uv":[4.625,0,0,0],"texture":"#2"},"down":{"uv":[4.625,0,0,0],"texture":"#2"}}},{"from":[10,-3.01852,9.9375],"to":[28,17.98148,9.9375],"rotation":{"angle":0,"axis":"y","origin":[10.75,4.73148,9.9375]},"faces":{"north":{"uv":[9.75,2,5.25,7.25],"texture":"#2"},"east":{"uv":[0,0,0,2.625],"texture":"#2"},"south":{"uv":[5.25,2,9.75,7.25],"texture":"#2"},"west":{"uv":[0,0,0,2.625],"texture":"#2"},"up":{"uv":[0,0,2.25,0],"texture":"#2"},"down":{"uv":[0,0,2.25,0],"texture":"#2"}}},{"from":[-12,-3.01852,9.9375],"to":[6,17.98148,9.9375],"rotation":{"angle":0,"axis":"y","origin":[5.25,4.73148,9.9375]},"faces":{"north":{"uv":[5.25,2,9.75,7.25],"texture":"#2"},"east":{"uv":[0,0,0,2.625],"texture":"#2"},"south":{"uv":[9.75,2,5.25,7.25],"texture":"#2"},"west":{"uv":[0,0,0,2.625],"texture":"#2"},"up":{"uv":[2.25,0,0,0],"texture":"#2"},"down":{"uv":[2.25,0,0,0],"texture":"#2"}}},{"from":[4.99,1.61793,9.4275],"to":[7.01,4.63793,10.4475],"rotation":{"angle":-22.5,"axis":"z","origin":[6.23223,2.87793,10]},"faces":{"north":{"uv":[6.75,1.25,6.25,2],"texture":"#2"},"east":{"uv":[6.25,1.25,6,2],"texture":"#2"},"south":{"uv":[6.75,1.25,6.25,2],"texture":"#2"},"west":{"uv":[6.25,1.25,6,2],"texture":"#2"},"up":{"uv":[6,1.25,6.5,1],"texture":"#2"},"down":{"uv":[6,1,6.5,1.25],"texture":"#2"}}},{"from":[-9,-2.01852,9.5625],"to":[9.5,8.48148,9.5625],"rotation":{"angle":22.5,"axis":"z","origin":[5.25,4.73148,9.9375]},"faces":{"north":{"uv":[0,0,4.625,2.625],"texture":"#2"},"east":{"uv":[0,0,0,2.625],"texture":"#2"},"south":{"uv":[4.625,0,0,2.625],"texture":"#2"},"west":{"uv":[0,0,0,2.625],"texture":"#2"},"up":{"uv":[4.625,0,0,0],"texture":"#2"},"down":{"uv":[4.625,0,0,0],"texture":"#2"}}},{"from":[-4.5,3.98148,9.6875],"to":[6,9.48148,9.6875],"rotation":{"angle":22.5,"axis":"z","origin":[-0.25,7.73148,9.6875]},"faces":{"north":{"uv":[2,5.75,4.625,7.125],"texture":"#2"},"east":{"uv":[0,0,0,1.375],"texture":"#2"},"south":{"uv":[4.625,5.75,2,7.125],"texture":"#2"},"west":{"uv":[0,0,0,1.375],"texture":"#2"},"up":{"uv":[2.625,0,0,0],"texture":"#2"},"down":{"uv":[2.625,0,0,0],"texture":"#2"}}},{"from":[8.5,7.98148,9.4375],"to":[24,8.86574,10.4375],"rotation":{"angle":-22.5,"axis":"z","origin":[10.75,4.73148,9.9375]},"faces":{"north":{"uv":[8.5,0,4.625,0.25],"texture":"#2"},"east":{"uv":[2,5.25,1.75,5.5],"texture":"#2"},"south":{"uv":[4.625,0,8.5,0.25],"texture":"#2"},"west":{"uv":[1.75,5.25,1.5,5.5],"texture":"#2"},"up":{"uv":[4.625,0.75,8.5,0.5],"texture":"#2"},"down":{"uv":[4.625,0.75,8.5,1],"texture":"#2"}}},{"from":[10,2.48148,9.4375],"to":[11.5,7.98148,10.4375],"rotation":{"angle":-22.5,"axis":"z","origin":[10.75,4.73148,9.9375]},"faces":{"north":{"uv":[5,2.5,4.625,3.875],"texture":"#2"},"east":{"uv":[5.25,3.875,5,5.25],"texture":"#2"},"south":{"uv":[5,3.875,4.625,5.25],"texture":"#2"},"west":{"uv":[5.25,2.5,5,3.875],"texture":"#2"},"up":{"uv":[0.75,5.5,1.125,5.25],"texture":"#2"},"down":{"uv":[1.125,5.25,1.5,5.5],"texture":"#2"}}},{"from":[6.5,-2.01852,9.5625],"to":[25,8.48148,9.5625],"rotation":{"angle":-22.5,"axis":"z","origin":[10.75,4.73148,9.9375]},"faces":{"north":{"uv":[4.625,0,0,2.625],"texture":"#2"},"east":{"uv":[0,0,0,2.625],"texture":"#2"},"south":{"uv":[0,0,4.625,2.625],"texture":"#2"},"west":{"uv":[0,0,0,2.625],"texture":"#2"},"up":{"uv":[0,0,4.625,0],"texture":"#2"},"down":{"uv":[0,0,4.625,0],"texture":"#2"}}},{"from":[8.99,1.61793,9.4275],"to":[11.01,4.63793,10.4475],"rotation":{"angle":22.5,"axis":"z","origin":[9.76777,2.87793,10]},"faces":{"north":{"uv":[6.25,1.25,6.75,2],"texture":"#2"},"east":{"uv":[6,1.25,6.25,2],"texture":"#2"},"south":{"uv":[6.25,1.25,6.75,2],"texture":"#2"},"west":{"uv":[6,1.25,6.25,2],"texture":"#2"},"up":{"uv":[6.5,1.25,6,1],"texture":"#2"},"down":{"uv":[6.5,1,6,1.25],"texture":"#2"}}},{"from":[6.5,-2.01852,10.3125],"to":[25,8.48148,10.3125],"rotation":{"angle":-22.5,"axis":"z","origin":[10.75,4.73148,9.9375]},"faces":{"north":{"uv":[4.625,0,0,2.625],"texture":"#2"},"east":{"uv":[0,0,0,2.625],"texture":"#2"},"south":{"uv":[0,0,4.625,2.625],"texture":"#2"},"west":{"uv":[0,0,0,2.625],"texture":"#2"},"up":{"uv":[0,0,4.625,0],"texture":"#2"},"down":{"uv":[0,0,4.625,0],"texture":"#2"}}},{"from":[6.5,-2.01852,9.9375],"to":[25,8.48148,9.9375],"rotation":{"angle":-22.5,"axis":"z","origin":[10.75,4.73148,9.9375]},"faces":{"north":{"uv":[4.625,2.625,0,5.25],"texture":"#2"},"east":{"uv":[0,0,0,2.625],"texture":"#2"},"south":{"uv":[0,2.625,4.625,5.25],"texture":"#2"},"west":{"uv":[0,0,0,2.625],"texture":"#2"},"up":{"uv":[0,0,4.625,0],"texture":"#2"},"down":{"uv":[0,0,4.625,0],"texture":"#2"}}},{"from":[10,3.98148,9.6875],"to":[20.5,9.48148,9.6875],"rotation":{"angle":-22.5,"axis":"z","origin":[16.25,6.73148,9.6875]},"faces":{"north":{"uv":[4.625,5.75,2,7.125],"texture":"#2"},"east":{"uv":[0,0,0,1.375],"texture":"#2"},"south":{"uv":[2,5.75,4.625,7.125],"texture":"#2"},"west":{"uv":[0,0,0,1.375],"texture":"#2"},"up":{"uv":[0,0,2.625,0],"texture":"#2"},"down":{"uv":[0,0,2.625,0],"texture":"#2"}}}],"gui_light":"front","display":{"thirdperson_righthand":{"translation":[0,0,-1.25],"scale":[0.5,0.5,0.5]},"thirdperson_lefthand":{"translation":[0,0,-1.25],"scale":[0.5,0.5,0.5]},"firstperson_righthand":{"translation":[0.75,5.25,1.25],"scale":[0.5,0.5,0.5]},"firstperson_lefthand":{"translation":[0.75,5.25,1.25],"scale":[0.5,0.5,0.5]},"ground":{"translation":[0,5.25,0],"scale":[0.5,0.5,0.5]},"gui":{"rotation":[0,0,-45],"translation":[2.25,2.25,0],"scale":[0.5,0.5,0.5]},"head":{"rotation":[4,0,0],"translation":[0,-50,1.0],"scale":[2,2,2]},"fixed":{"rotation":[0,0,45],"translation":[-1.5,2,0],"scale":[0.5,0.5,0.5]}}}