{"sources":[{"type":"single","resource":"custom_swords:mystic_sword/animations_1"},{"type":"single","resource":"custom_hoes:lava_forge_hoe"},{"type":"single","resource":"hmccosmetics:icons/colorful"},{"type":"single","resource":"custom_crates:void_crate_exo"},{"type":"single","resource":"custom_swords:nexus_sword/sword"},{"type":"single","resource":"custom_hoes:fiend_hoe/hoe"},{"type":"single","resource":"custom_pickaxes:necrotic_pickaxe/necrotic_animation"},{"type":"single","resource":"custom_pickaxes:rainbow_pickaxe"},{"type":"single","resource":"custom_pickaxes:angelic_pickaxe"},{"type":"single","resource":"custom_swords:ninja_sword/ninja_sword"},{"type":"single","resource":"custom_pickaxes:celestial_pickaxe/celestial_animation_2"},{"type":"single","resource":"custom_crates:base_crate_body_texture_void"},{"type":"single","resource":"custom_pickaxes:antler/antler"},{"type":"single","resource":"customemojis:font/emoji/7466-mega-reverse"},{"type":"single","resource":"custom_pickaxes:celestial_pickaxe/celestial"},{"type":"single","resource":"customemojis:font/emoji/9115-dumbpepe"},{"type":"single","resource":"custom_wands:lightning/lighting_animation_2"},{"type":"single","resource":"_iainternal:icons/icon_next_orange"},{"type":"single","resource":"custom_pickaxes:warlock_pickaxe/warlock"},{"type":"single","resource":"customemojis:font/emoji/5441-pepehands-waa"},{"type":"single","resource":"custom_swords:cupid_sword/cupid_sword"},{"type":"single","resource":"custom_cosmetics:frozen_backpack"},{"type":"single","resource":"custom_swords:beat_sword/animations_sword"},{"type":"single","resource":"customemojis:font/emoji/4983-pepe-diamond-sword"},{"type":"single","resource":"custom_hoes:mythril_hoe"},{"type":"single","resource":"custom_pickaxes:shark_pickaxe/pickaxe"},{"type":"single","resource":"custom_hoes:sweet/valentine_animation_01"},{"type":"single","resource":"customemojis:font/emoji/7529_kekw"},{"type":"single","resource":"custom_hoes:sweet/valentine_animation_03"},{"type":"single","resource":"custom_hoes:sweet/valentine_animation_02"},{"type":"single","resource":"custom_swords:sharp_light_sword"},{"type":"single","resource":"custom_cosmetics:divingglasses"},{"type":"single","resource":"lootcrat_plus:rare/iron_box"},{"type":"single","resource":"_iainternal:icons/icon_cancel"},{"type":"single","resource":"custom_cosmetics:ninja_backpack"},{"type":"single","resource":"custom_crates:magma_crate_exo"},{"type":"single","resource":"customemojis:font/emoji/5696-hymoji-3036peeposus"},{"type":"single","resource":"custom_pickaxes:chocolate/chocolate_animation_2texture"},{"type":"single","resource":"_iainternal:icons/icon_arrow_chest"},{"type":"single","resource":"customicons:icons/icon_money"},{"type":"single","resource":"custom_cosmetics:knight_hat"},{"type":"single","resource":"custom_swords:spitting_dragon"},{"type":"single","resource":"custom_cosmetics:knight_backpack"},{"type":"single","resource":"custom_hoes:inferno_hoe/hoe"},{"type":"single","resource":"custom_hoes:sakura_hoe/sakura_texture"},{"type":"single","resource":"custom_swords:violet_sword/sword"},{"type":"single","resource":"animated_wings:angelic_wings"},{"type":"single","resource":"lootcrat_plus:normal/gold_box"},{"type":"single","resource":"custom_wands:money/money_animation"},{"type":"single","resource":"custom_cosmetics:cowboy_hat"},{"type":"single","resource":"custom_swords:adventure_sword/adventure_sword"},{"type":"single","resource":"custom_swords:timeless_sword"},{"type":"single","resource":"custom_cosmetics:demonic_wings"},{"type":"single","resource":"lootcrat_plus:rare/emerald_box"},{"type":"single","resource":"custom_pickaxes:paladin_pickaxe/paladin"},{"type":"single","resource":"custom_swords:nexus_sword/animations/animations_bolt"},{"type":"single","resource":"custom_swords:steam_sword"},{"type":"single","resource":"custom_swords:beat_sword/sword"},{"type":"single","resource":"customemojis:font/emoji/4919-bruh-pepe"},{"type":"single","resource":"custom_pickaxes:blue_pickaxe"},{"type":"single","resource":"lootcrat_plus:rare/diamond_box"},{"type":"single","resource":"custom_hoes:ifrit_hoe/tex4"},{"type":"single","resource":"custom_pickaxes:skeleton/skeletonoverlord_animation_04"},{"type":"single","resource":"custom_pickaxes:skeleton/skeletonoverlord_animation_01"},{"type":"single","resource":"lootcrat_plus:rare/gold_box"},{"type":"single","resource":"custom_pickaxes:skeleton/skeletonoverlord_animation_03"},{"type":"single","resource":"custom_pickaxes:skeleton/skeletonoverlord_animation_02"},{"type":"single","resource":"custom_crates:tree_crate_animation_03"},{"type":"single","resource":"custom_wands:earth/earth_wand"},{"type":"single","resource":"custom_crates:tree_crate_animation_02"},{"type":"single","resource":"custom_crates:tree_crate_animation_01"},{"type":"single","resource":"custom_hoes:sakura_hoe/sakura_animation_01"},{"type":"single","resource":"custom_swords:sun_sword"},{"type":"single","resource":"custom_cosmetics:ender_backpack"},{"type":"single","resource":"custom_hoes:spirit_hoe"},{"type":"single","resource":"custom_pickaxes:paladin_pickaxe/paladin_animation_2"},{"type":"single","resource":"customemojis:font/emoji/8628-poop"},{"type":"single","resource":"customemojis:font/emoji/8031-wat"},{"type":"single","resource":"customicons:icons/icon_generator"},{"type":"single","resource":"custom_swords:ifrit_sword/tex1"},{"type":"single","resource":"custom_cosmetics:ninja_hand"},{"type":"single","resource":"custom_wands:money/money_wand"},{"type":"single","resource":"custom_pickaxes:sakura_pickaxe/sakura_texture"},{"type":"single","resource":"animated_wings:nature_wings"},{"type":"single","resource":"custom_pickaxes:candy_pickaxe/1"},{"type":"single","resource":"custom_swords:neptune_sword/neptune_sword"},{"type":"single","resource":"custom_crates:goobits_coin_crystal"},{"type":"single","resource":"custom_cosmetics:frozen_hat"},{"type":"single","resource":"custom_pickaxes:bloody"},{"type":"single","resource":"custom_swords:cupid_sword/animations_1"},{"type":"single","resource":"custom_hoes:stardust_hoe"},{"type":"single","resource":"custom_hoes:phantom_hoe"},{"type":"single","resource":"customicons:icons/op_essence_stone_animation"},{"type":"single","resource":"custom_pickaxes:penguin_pickaxe"},{"type":"single","resource":"custom_hoes:aquametal_hoe"},{"type":"single","resource":"custom_pickaxes:xmas_2023/winter_pickaxe"},{"type":"single","resource":"custom_cosmetics:ear2"},{"type":"single","resource":"custom_pickaxes:pumpkin_pickaxe"},{"type":"single","resource":"custom_crates:base_crate_body_texture_magma"},{"type":"single","resource":"custom_wands:lightning/lighting_animation"},{"type":"single","resource":"customemojis:font/emoji/2431-pepe-boxing"},{"type":"single","resource":"hmccosmetics:icons/arrow_back"},{"type":"single","resource":"custom_swords:void_sword"},{"type":"single","resource":"custom_cosmetics:frozen_hand"},{"type":"single","resource":"custom_cosmetics:witch_hat"},{"type":"single","resource":"custom_pickaxes:necrodius/2"},{"type":"single","resource":"_iainternal:icons/icon_search"},{"type":"single","resource":"custom_pickaxes:necrodius/1"},{"type":"single","resource":"animated_wings:scifi_wings"},{"type":"single","resource":"lootcrat_plus:normal/iron_box"},{"type":"single","resource":"custom_cosmetics:ear1"},{"type":"single","resource":"custom_cosmetics:hornhat"},{"type":"single","resource":"custom_pickaxes:water_pickaxe"},{"type":"single","resource":"custom_swords:soul_reaper_sword"},{"type":"single","resource":"custom_crates:goobits_coin_monthly"},{"type":"single","resource":"customicons:icons/animated-energy-shard"},{"type":"single","resource":"custom_wands:fire/fire_wand"},{"type":"single","resource":"hmccosmetics:icons/arrow_next"},{"type":"single","resource":"custom_hoes:adamantite_hoe"},{"type":"single","resource":"custom_swords:beat_sword/animations_01"},{"type":"single","resource":"custom_cosmetics:ender_hat"},{"type":"single","resource":"custom_swords:terror_sword"},{"type":"single","resource":"custom_swords:beat_sword/animations_02"},{"type":"single","resource":"custom_cosmetics:mask"},{"type":"single","resource":"custom_cosmetics:particles/fire_e"},{"type":"single","resource":"customemojis:font/emoji/9378-fuckboi"},{"type":"single","resource":"customemojis:font/emoji/3123-pepenoted"},{"type":"single","resource":"custom_pickaxes:skeleton/skeletonoverlord_texture_01"},{"type":"single","resource":"customemojis:font/emoji/2618-joeangry"},{"type":"single","resource":"custom_hoes:nuclear_core_hoe"},{"type":"single","resource":"customemojis:font/emoji/9271-pepposad"},{"type":"single","resource":"custom_swords:snow_tank_sword"},{"type":"single","resource":"_iainternal:icons/icon_left_blue"},{"type":"single","resource":"custom_pickaxes:chaotics"},{"type":"single","resource":"customemojis:font/emoji/9390-pixel-rip-tombstone"},{"type":"single","resource":"custom_wands:money/money_animation_2"},{"type":"single","resource":"custom_pickaxes:antler/antler_animation_1texture"},{"type":"single","resource":"custom_swords:nexus_sword/animations/animations_nexus"},{"type":"single","resource":"custom_pickaxes:paladin_pickaxe/paladin_animation"},{"type":"single","resource":"custom_swords:mystic_sword/sword"},{"type":"single","resource":"custom_pickaxes:celestial_pickaxe/celestial_animation"},{"type":"single","resource":"custom_swords:fiend_sword/animations_1"},{"type":"single","resource":"custom_pickaxes:necrotic_pickaxe/necrotic"},{"type":"single","resource":"custom_pickaxes:purple_pickaxe"},{"type":"single","resource":"custom_cosmetics:wizard_backpack"},{"type":"single","resource":"custom_crates:goobits_coin_void"},{"type":"single","resource":"custom_hoes:meteorite_hoe"},{"type":"single","resource":"custom_pickaxes:red_pickaxe"},{"type":"single","resource":"lootcrat_plus:normal/emerald_box"},{"type":"single","resource":"custom_swords:fiend_sword/sword"},{"type":"single","resource":"custom_cosmetics:wizard_hat"},{"type":"single","resource":"custom_swords:mystic_sword/animations_sword"},{"type":"single","resource":"custom_crates:magma_crate_details"},{"type":"single","resource":"custom_swords:fairy_sword/sword"},{"type":"single","resource":"custom_hoes:dark_iron_hoe"},{"type":"single","resource":"custom_cosmetics:chef_hat"},{"type":"single","resource":"custom_swords:undead_sword"},{"type":"single","resource":"custom_swords:inferno_sword/animations_2"},{"type":"single","resource":"custom_crates:void_crate_details"},{"type":"single","resource":"custom_pickaxes:chocolate/chocolate_animation_1texture"},{"type":"single","resource":"lootcrat_plus:rare/amethyst_box"},{"type":"single","resource":"custom_hoes:advanced_hoe"},{"type":"single","resource":"custom_hoes:ifrit_hoe/hornfire"},{"type":"single","resource":"custom_wands:earth/earth_animation"},{"type":"single","resource":"custom_swords:inferno_sword/sword"},{"type":"single","resource":"custom_crates:base_crate_body_texture"},{"type":"single","resource":"customicons:icons/transparent"},{"type":"single","resource":"custom_hoes:cupid_hoe/animations_1"},{"type":"single","resource":"custom_crates:base_crate_body_texture_crystal"},{"type":"single","resource":"customemojis:font/emoji/9995-peepominecraft"},{"type":"single","resource":"custom_crates:base_crate_body_texture_monthly"},{"type":"single","resource":"custom_pickaxes:chocolate/chocolate"},{"type":"single","resource":"customemojis:font/emoji/5242-kekwsuffer"},{"type":"single","resource":"custom_swords:soul_feeder_sword"},{"type":"single","resource":"custom_crates:tree_crate_body_texture"},{"type":"single","resource":"custom_swords:voodoo_sword"},{"type":"single","resource":"custom_pickaxes:orcish_pickaxe/orcish"},{"type":"single","resource":"custom_swords:fairy_sword/animations_03"},{"type":"single","resource":"custom_swords:fairy_sword/animations_02"},{"type":"single","resource":"custom_hoes:cupid_hoe/cupid_hoe"},{"type":"single","resource":"lootcrat_plus:normal/amethyst_box"},{"type":"single","resource":"animated_wings:demon_wings"},{"type":"single","resource":"custom_wands:earth/earth_animation_2"},{"type":"single","resource":"custom_crates:goobits_coin_magma"},{"type":"single","resource":"custom_cosmetics:bearhat"},{"type":"single","resource":"custom_crates:goobits_coin_vote"},{"type":"single","resource":"custom_hoes:inferno_hoe/animations_2"},{"type":"single","resource":"custom_swords:fairy_sword/animations_01"},{"type":"single","resource":"custom_swords:sinister_sword"},{"type":"single","resource":"custom_cosmetics:headphone"},{"type":"single","resource":"custom_swords:necrodius_sword/1"},{"type":"single","resource":"custom_swords:necrodius_sword/2"},{"type":"single","resource":"custom_cosmetics:snow_fox_sleeping"},{"type":"single","resource":"custom_swords:wrath_sword"},{"type":"single","resource":"custom_pickaxes:shark_pickaxe/animations_1_e"},{"type":"single","resource":"customicons:icons/essence_stone_animation"},{"type":"single","resource":"custom_pickaxes:sakura_pickaxe/sakura_animation_01"},{"type":"single","resource":"custom_swords:unholy_sword"},{"type":"single","resource":"custom_swords:violet_sword/animations_1"},{"type":"single","resource":"custom_crates:crystal_crate_exo"},{"type":"single","resource":"custom_swords:undead_edge_sword"},{"type":"single","resource":"custom_hoes:prometheum_hoe"},{"type":"single","resource":"custom_crates:crystal_chest_details"},{"type":"single","resource":"customemojis:font/emoji/1602-nervous"},{"type":"single","resource":"custom_swords:ifrit_sword/hornfire"},{"type":"single","resource":"custom_swords:vile_sword"},{"type":"single","resource":"custom_hoes:fiend_hoe/animations_1"},{"type":"single","resource":"custom_cosmetics:ender_hand"},{"type":"single","resource":"custom_cosmetics:wizard_hand"},{"type":"single","resource":"custom_hoes:void_hoe"},{"type":"single","resource":"custom_hoes:amethyst_hoe"},{"type":"single","resource":"custom_pickaxes:xmas_2023/animations_1"},{"type":"single","resource":"custom_pickaxes:neptune_pickaxe"},{"type":"single","resource":"custom_crates:normal_case"},{"type":"single","resource":"custom_pickaxes:headlesshorseman/headlesshorseman_animation_02"},{"type":"single","resource":"custom_pickaxes:headlesshorseman/headlesshorseman_animation_01"},{"type":"single","resource":"custom_pickaxes:fire_pickaxe"},{"type":"single","resource":"custom_pickaxes:headlesshorseman/headlesshorseman_animation_04"},{"type":"single","resource":"custom_pickaxes:headlesshorseman/headlesshorseman_animation_03"},{"type":"single","resource":"custom_pickaxes:soulless_pickaxe"},{"type":"single","resource":"custom_hoes:bluesteel_hoe"},{"type":"single","resource":"_iainternal:icons/icon_back_orange"},{"type":"single","resource":"custom_cosmetics:ninja_hat"},{"type":"single","resource":"custom_swords:vampire_sword"},{"type":"single","resource":"custom_cosmetics:knight_hand"},{"type":"single","resource":"custom_wands:fire/fire_animation_2"},{"type":"single","resource":"custom_hoes:sweet/valentine_texture_01"},{"type":"single","resource":"_iainternal:icons/icon_right_blue"},{"type":"single","resource":"custom_swords:candy_sword/1"},{"type":"single","resource":"custom_swords:transcended_sword"},{"type":"single","resource":"custom_pickaxes:headlesshorseman/headlesshorseman_texture_01"},{"type":"single","resource":"customemojis:font/emoji/8274-laughing-openeyed"},{"type":"single","resource":"custom_swords:deem_sword/deem_sword"},{"type":"single","resource":"custom_pickaxes:orcish_pickaxe/orcish_animation"},{"type":"single","resource":"lootcrat_plus:normal/diamond_box"},{"type":"single","resource":"custom_wands:lightning/lighting_wand"},{"type":"single","resource":"custom_wands:fire/fire_animation"},{"type":"single","resource":"custom_pickaxes:warlock_pickaxe/warlock_animation"}]}