{"credit":"Made with Blockbench","texture_size":[64,64],"textures":{"0":"custom_cosmetics:bearhat","particle":"custom_cosmetics:bearhat"},"elements":[{"from":[2.2,2.6,2.5],"to":[3.5,15.6,12.9],"faces":{"north":{"uv":[8,8.5,8.25,11.75],"texture":"#0"},"east":{"uv":[0,0,2.5,3.25],"texture":"#0"},"south":{"uv":[8.25,8.5,8.5,11.75],"texture":"#0"},"west":{"uv":[2.5,0,5,3.25],"texture":"#0"},"up":{"uv":[2.5,11.25,2.25,8.75],"texture":"#0"},"down":{"uv":[2.75,8.75,2.5,11.25],"texture":"#0"}}},{"from":[11.3,2.6,2.5],"to":[12.6,15.6,12.9],"faces":{"north":{"uv":[8.5,8.5,8.75,11.75],"texture":"#0"},"east":{"uv":[0,3.25,2.5,6.5],"texture":"#0"},"south":{"uv":[0,8.75,0.25,12],"texture":"#0"},"west":{"uv":[2.5,3.25,5,6.5],"texture":"#0"},"up":{"uv":[3,11.25,2.75,8.75],"texture":"#0"},"down":{"uv":[3.25,8.75,3,11.25],"texture":"#0"}}},{"from":[3.5,2.6,11.6],"to":[11.3,15.6,12.9],"faces":{"north":{"uv":[5,0,7,3.25],"texture":"#0"},"east":{"uv":[0.25,8.75,0.5,12],"texture":"#0"},"south":{"uv":[5,3.25,7,6.5],"texture":"#0"},"west":{"uv":[0.5,8.75,0.75,12],"texture":"#0"},"up":{"uv":[11,0.25,9,0],"texture":"#0"},"down":{"uv":[11,0.25,9,0.5],"texture":"#0"}}},{"from":[7.725,13.65,9.8],"to":[7.725,17.55,15],"faces":{"north":{"uv":[0,0,0,1],"texture":"#0"},"east":{"uv":[8,6.5,9.25,7.5],"texture":"#0"},"south":{"uv":[0,0,0,1],"texture":"#0"},"west":{"uv":[8,7.5,9.25,8.5],"texture":"#0"},"up":{"uv":[0,1.25,0,0],"texture":"#0"},"down":{"uv":[0,0,0,1.25],"texture":"#0"}}},{"from":[7.725,2.6,12.9],"to":[7.725,7.8,14.2],"faces":{"north":{"uv":[0,0,0,1.25],"texture":"#0"},"east":{"uv":[3.25,8.75,3.5,10],"texture":"#0"},"south":{"uv":[0,0,0,1.25],"texture":"#0"},"west":{"uv":[3.5,8.75,3.75,10],"texture":"#0"},"up":{"uv":[0,0.25,0,0],"texture":"#0"},"down":{"uv":[0,0,0,0.25],"texture":"#0"}}},{"from":[3.5,14.3,2.5],"to":[11.3,15.6,11.6],"faces":{"north":{"uv":[9,0.5,11,0.75],"texture":"#0"},"east":{"uv":[8.75,8.5,11,8.75],"texture":"#0"},"south":{"uv":[9,0.75,11,1],"texture":"#0"},"west":{"uv":[8.75,8.75,11,9],"texture":"#0"},"up":{"uv":[2,8.75,0,6.5],"texture":"#0"},"down":{"uv":[4,6.5,2,8.75],"texture":"#0"}}},{"from":[3.5,9.1,2.5],"to":[11.3,14.3,3.8],"faces":{"north":{"uv":[4,6.5,6,7.75],"texture":"#0"},"east":{"uv":[3.75,8.75,4,10],"texture":"#0"},"south":{"uv":[6,6.5,8,7.75],"texture":"#0"},"west":{"uv":[8.75,9,9,10.25],"texture":"#0"},"up":{"uv":[11,1.25,9,1],"texture":"#0"},"down":{"uv":[11,1.25,9,1.5],"texture":"#0"}}},{"from":[3.5,7.35,-0.1],"to":[11.3,11.25,2.5],"faces":{"north":{"uv":[7,0,9,1],"texture":"#0"},"east":{"uv":[0.75,8.75,1.5,9.75],"texture":"#0"},"south":{"uv":[7,1,9,2],"texture":"#0"},"west":{"uv":[1.5,8.75,2.25,9.75],"texture":"#0"},"up":{"uv":[6,8.5,4,7.75],"texture":"#0"},"down":{"uv":[8,7.75,6,8.5],"texture":"#0"}}},{"from":[-0.4,13,7.7],"to":[3.5,18.2,9],"faces":{"north":{"uv":[4,8.5,5,9.75],"texture":"#0"},"east":{"uv":[9,9,9.25,10.25],"texture":"#0"},"south":{"uv":[5,8.5,6,9.75],"texture":"#0"},"west":{"uv":[9.25,1.5,9.5,2.75],"texture":"#0"},"up":{"uv":[10.25,5.5,9.25,5.25],"texture":"#0"},"down":{"uv":[10.25,5.5,9.25,5.75],"texture":"#0"}}},{"from":[11.3,13,7.7],"to":[15.2,18.2,9],"faces":{"north":{"uv":[6,8.5,7,9.75],"texture":"#0"},"east":{"uv":[9.25,2.75,9.5,4],"texture":"#0"},"south":{"uv":[7,8.5,8,9.75],"texture":"#0"},"west":{"uv":[9.25,4,9.5,5.25],"texture":"#0"},"up":{"uv":[10.25,6,9.25,5.75],"texture":"#0"},"down":{"uv":[10.25,6,9.25,6.25],"texture":"#0"}}},{"from":[2.75,0,2.5],"to":[2.75,2.6,11.6],"faces":{"north":{"uv":[0,0,0,0.75],"texture":"#0"},"east":{"uv":[7,2,9.25,2.75],"texture":"#0"},"south":{"uv":[0,0,0,0.75],"texture":"#0"},"west":{"uv":[7,2.75,9.25,3.5],"texture":"#0"},"up":{"uv":[0,2.25,0,0],"texture":"#0"},"down":{"uv":[0,0,0,2.25],"texture":"#0"}}},{"from":[2.75,0,11.6],"to":[12.05,2.6,11.6],"faces":{"north":{"uv":[7,3.5,9.25,4.25],"texture":"#0"},"east":{"uv":[0,0,0,0.75],"texture":"#0"},"south":{"uv":[7,4.25,9.25,5],"texture":"#0"},"west":{"uv":[0,0,0,0.75],"texture":"#0"},"up":{"uv":[2.25,0,0,0],"texture":"#0"},"down":{"uv":[2.25,0,0,0],"texture":"#0"}}},{"from":[12.05,0,2.5],"to":[12.05,2.6,11.6],"faces":{"north":{"uv":[0,0,0,0.75],"texture":"#0"},"east":{"uv":[7,5,9.25,5.75],"texture":"#0"},"south":{"uv":[0,0,0,0.75],"texture":"#0"},"west":{"uv":[7,5.75,9.25,6.5],"texture":"#0"},"up":{"uv":[0,2.25,0,0],"texture":"#0"},"down":{"uv":[0,0,0,2.25],"texture":"#0"}}}],"display":{"thirdperson_righthand":{"rotation":[70,0,0],"scale":[0.5,0.5,0.5]},"thirdperson_lefthand":{"rotation":[70,0,0],"scale":[0.5,0.5,0.5]},"ground":{"translation":[0,5,0]},"gui":{"rotation":[-160,45,-180],"translation":[0,-1,0],"scale":[0.8,0.8,0.8]},"head":{"translation":[1,1.5,1.25],"scale":[1.5,1.5,1.5]},"fixed":{"translation":[0.5,-1.75,0]}}}