{"credit":"Made with Blockbench","texture_size":[32,32],"textures":{"0":"custom_cosmetics:divingglasses","particle":"custom_cosmetics:divingglasses"},"elements":[{"from":[6,8.5,12.5],"to":[12,11.5,13.5],"rotation":{"angle":0,"axis":"y","origin":[0,3,0]},"faces":{"north":{"uv":[3,7,6,8.5],"texture":"#0"},"east":{"uv":[11,10.5,11.5,12],"texture":"#0"},"south":{"uv":[7,4,10,5.5],"texture":"#0"},"west":{"uv":[11.5,5.5,12,7],"texture":"#0"},"up":{"uv":[13,5.5,10,5],"texture":"#0"},"down":{"uv":[9,10.5,6,11],"texture":"#0"}}},{"from":[14,9,4],"to":[14,11,13],"rotation":{"angle":0,"axis":"y","origin":[0,3,0]},"faces":{"north":{"uv":[0,0,0,1],"texture":"#0"},"east":{"uv":[7,5.5,11.5,6.5],"texture":"#0"},"south":{"uv":[0,0,0,1],"texture":"#0"},"west":{"uv":[7,6.5,11.5,7.5],"texture":"#0"},"up":{"uv":[0,4.5,0,0],"texture":"#0"},"down":{"uv":[0,0,0,4.5],"texture":"#0"}}},{"from":[4,9,4],"to":[4,11,13],"rotation":{"angle":0,"axis":"y","origin":[0,3,0]},"faces":{"north":{"uv":[0,0,0,1],"texture":"#0"},"east":{"uv":[7,7.5,11.5,8.5],"texture":"#0"},"south":{"uv":[0,0,0,1],"texture":"#0"},"west":{"uv":[3,8.5,7.5,9.5],"texture":"#0"},"up":{"uv":[0,4.5,0,0],"texture":"#0"},"down":{"uv":[0,0,0,4.5],"texture":"#0"}}},{"from":[4,9,13],"to":[14,11,13],"rotation":{"angle":0,"axis":"y","origin":[0,3,0]},"faces":{"north":{"uv":[7,2,12,3],"texture":"#0"},"east":{"uv":[0,0,0,1],"texture":"#0"},"south":{"uv":[7,3,12,4],"texture":"#0"},"west":{"uv":[0,0,0,1],"texture":"#0"},"up":{"uv":[5,0,0,0],"texture":"#0"},"down":{"uv":[5,0,0,0],"texture":"#0"}}},{"from":[3,7,4],"to":[4,12,4],"rotation":{"angle":0,"axis":"y","origin":[0,3,0]},"faces":{"north":{"uv":[9,10.5,9.5,13],"texture":"#0"},"east":{"uv":[0,0,0,2.5],"texture":"#0"},"south":{"uv":[9.5,10.5,10,13],"texture":"#0"},"west":{"uv":[0,0,0,2.5],"texture":"#0"},"up":{"uv":[0.5,0,0,0],"texture":"#0"},"down":{"uv":[0.5,0,0,0],"texture":"#0"}}},{"from":[14,7,4],"to":[15,12,4],"rotation":{"angle":0,"axis":"y","origin":[0,3,0]},"faces":{"north":{"uv":[6,11,6.5,13.5],"texture":"#0"},"east":{"uv":[0,0,0,2.5],"texture":"#0"},"south":{"uv":[6.5,11,7,13.5],"texture":"#0"},"west":{"uv":[0,0,0,2.5],"texture":"#0"},"up":{"uv":[0.5,0,0,0],"texture":"#0"},"down":{"uv":[0.5,0,0,0],"texture":"#0"}}},{"from":[15,7,2],"to":[15,12,4],"rotation":{"angle":0,"axis":"y","origin":[0,3,0]},"faces":{"north":{"uv":[0,0,0,2.5],"texture":"#0"},"east":{"uv":[10,9.5,11,12],"texture":"#0"},"south":{"uv":[0,0,0,2.5],"texture":"#0"},"west":{"uv":[3,10.5,4,13],"texture":"#0"},"up":{"uv":[0,1,0,0],"texture":"#0"},"down":{"uv":[0,0,0,1],"texture":"#0"}}},{"from":[3,7,2],"to":[3,12,4],"rotation":{"angle":0,"axis":"y","origin":[0,3,0]},"faces":{"north":{"uv":[0,0,0,2.5],"texture":"#0"},"east":{"uv":[4,10.5,5,13],"texture":"#0"},"south":{"uv":[0,0,0,2.5],"texture":"#0"},"west":{"uv":[5,10.5,6,13],"texture":"#0"},"up":{"uv":[0,1,0,0],"texture":"#0"},"down":{"uv":[0,0,0,1],"texture":"#0"}}},{"from":[3,12,2],"to":[15,12,4],"rotation":{"angle":0,"axis":"y","origin":[0,3,0]},"faces":{"north":{"uv":[0,0,6,0],"texture":"#0"},"east":{"uv":[0,0,1,0],"texture":"#0"},"south":{"uv":[0,0,6,0],"texture":"#0"},"west":{"uv":[0,0,1,0],"texture":"#0"},"up":{"uv":[6,6,0,5],"texture":"#0"},"down":{"uv":[6,6,0,7],"texture":"#0"}}},{"from":[3,7,2],"to":[15,7,4],"rotation":{"angle":0,"axis":"y","origin":[0,3,0]},"faces":{"north":{"uv":[0,0,6,0],"texture":"#0"},"east":{"uv":[0,0,1,0],"texture":"#0"},"south":{"uv":[0,0,6,0],"texture":"#0"},"west":{"uv":[0,0,1,0],"texture":"#0"},"up":{"uv":[12,1,6,0],"texture":"#0"},"down":{"uv":[12,1,6,2],"texture":"#0"}}},{"from":[3,7,2],"to":[15,12,2],"rotation":{"angle":0,"axis":"y","origin":[0,3,0]},"faces":{"north":{"uv":[0,0,6,2.5],"texture":"#0"},"east":{"uv":[0,0,0,2.5],"texture":"#0"},"south":{"uv":[0,2.5,6,5],"texture":"#0"},"west":{"uv":[0,0,0,2.5],"texture":"#0"},"up":{"uv":[6,0,0,0],"texture":"#0"},"down":{"uv":[6,0,0,0],"texture":"#0"}}},{"from":[1,4,3],"to":[3,16,5],"rotation":{"angle":0,"axis":"y","origin":[0,3,0]},"faces":{"north":{"uv":[6,2,7,8],"texture":"#0"},"east":{"uv":[0,7,1,13],"texture":"#0"},"south":{"uv":[1,7,2,13],"texture":"#0"},"west":{"uv":[2,7,3,13],"texture":"#0"},"up":{"uv":[8,12,7,11],"texture":"#0"},"down":{"uv":[9,11,8,12],"texture":"#0"}}},{"from":[3,4,3],"to":[10,6,5],"rotation":{"angle":0,"axis":"y","origin":[0,3,0]},"faces":{"north":{"uv":[7.5,8.5,11,9.5],"texture":"#0"},"east":{"uv":[11,8.5,12,9.5],"texture":"#0"},"south":{"uv":[3,9.5,6.5,10.5],"texture":"#0"},"west":{"uv":[11,9.5,12,10.5],"texture":"#0"},"up":{"uv":[10,10.5,6.5,9.5],"texture":"#0"},"down":{"uv":[13.5,4,10,5],"texture":"#0"}}}],"display":{"thirdperson_righthand":{"rotation":[70,0,0],"scale":[0.5,0.5,0.5]},"thirdperson_lefthand":{"rotation":[70,0,0],"scale":[0.5,0.5,0.5]},"firstperson_righthand":{"translation":[0,-2.5,0]},"firstperson_lefthand":{"translation":[0,-2.5,0]},"ground":{"translation":[0,1.5,0]},"gui":{"rotation":[-160,45,-180],"translation":[1.5,0,0]},"head":{"translation":[-1.5,-2,0],"scale":[1.4,1.4,1.4]},"fixed":{"translation":[-1,0,1]}}}