{"credit":"Made with Blockbench","texture_size":[32,32],"textures":{"0":"custom_cosmetics:ender_hand","particle":"custom_cosmetics:ender_hand"},"elements":[{"from":[5.5,1,5],"to":[10.5,6,10],"faces":{"north":{"uv":[10,3.5,12.5,6],"texture":"#0"},"east":{"uv":[6.5,10,9,12.5],"texture":"#0"},"south":{"uv":[0,10.5,2.5,13],"texture":"#0"},"west":{"uv":[10.5,0,13,2.5],"texture":"#0"},"up":{"uv":[15,5,12.5,2.5],"texture":"#0"},"down":{"uv":[15,5,12.5,7.5],"texture":"#0"}}},{"name":"cube_outline","from":[11,6.5,10.5],"to":[5,0.5,4.5],"faces":{"north":{"uv":[3.5,7,6.5,10],"texture":"#0"},"east":{"uv":[7,3.5,10,6.5],"texture":"#0"},"south":{"uv":[6.5,7,9.5,10],"texture":"#0"},"west":{"uv":[9.5,6.5,12.5,9.5],"texture":"#0"},"up":{"uv":[12.5,12.5,9.5,9.5],"texture":"#0"},"down":{"uv":[6.5,10,3.5,13],"texture":"#0"}}},{"name":"cube_outline","from":[11.4,6.9,10.9],"to":[4.6,0.1,4.1],"faces":{"north":{"uv":[0,0,3.5,3.5],"texture":"#0"},"east":{"uv":[0,3.5,3.5,7],"texture":"#0"},"south":{"uv":[3.5,0,7,3.5],"texture":"#0"},"west":{"uv":[3.5,3.5,7,7],"texture":"#0"},"up":{"uv":[3.5,10.5,0,7],"texture":"#0"},"down":{"uv":[10.5,0,7,3.5],"texture":"#0"}}}],"gui_light":"front","display":{"thirdperson_righthand":{"rotation":[90,0,0],"translation":[0,-2.5,5.25],"scale":[0.97852,0.97852,0.97852]},"thirdperson_lefthand":{"rotation":[90,0,0],"translation":[0,-2.5,5.25],"scale":[0.97852,0.97852,0.97852]},"firstperson_righthand":{"scale":[0,0,0]},"firstperson_lefthand":{"scale":[0,0,0]},"ground":{"translation":[0,5,0],"scale":[0.75,0.75,0.75]},"gui":{"rotation":[23.59,44.83,0.01],"translation":[0.5,5,0],"scale":[1.29883,1.29883,1.29883]},"fixed":{"rotation":[-10.75,46,0],"translation":[0,6,-6],"scale":[1.1875,1.1875,1.1875]}}}