{"credit":"Made with Blockbench","texture_size":[64,64],"textures":{"0":"custom_cosmetics:ender_hat","particle":"custom_cosmetics:ender_hat"},"elements":[{"from":[0,9,-3],"to":[16,17,12],"rotation":{"angle":22.5,"axis":"x","origin":[0,0,0]},"faces":{"north":{"uv":[4,7,8,9],"texture":"#0"},"east":{"uv":[7.75,0,11.5,2],"texture":"#0"},"south":{"uv":[0,7.5,4,9.5],"texture":"#0"},"west":{"uv":[7.75,2,11.5,4],"texture":"#0"},"up":{"uv":[4,3.75,0,0],"texture":"#0"},"down":{"uv":[4,3.75,0,7.5],"texture":"#0"}}},{"from":[0.75,-5.75,2.5],"to":[15.25,0.75,16.5],"rotation":{"angle":-22.5,"axis":"x","origin":[0,0,0]},"faces":{"north":{"uv":[7.75,4,11.5,5.75],"texture":"#0"},"east":{"uv":[8,7.5,11.5,9.25],"texture":"#0"},"south":{"uv":[8,5.75,11.75,7.5],"texture":"#0"},"west":{"uv":[4,9,7.5,10.75],"texture":"#0"},"up":{"uv":[7.75,3.5,4,0],"texture":"#0"},"down":{"uv":[7.75,3.5,4,7],"texture":"#0"}}},{"name":"cube_outline","from":[16.2,17.2,12.2],"to":[-0.2,8.8,-3.2],"rotation":{"angle":22.5,"axis":"x","origin":[0,0,0]},"faces":{"north":{"uv":[0,12,2.25,12.75],"rotation":180,"texture":"#0"},"east":{"uv":[0,12,2.25,12.75],"rotation":180,"texture":"#0"},"south":{"uv":[0,12,1.75,12.75],"rotation":180,"texture":"#0"},"west":{"uv":[0,12,2.25,12.75],"rotation":180,"texture":"#0"},"up":{"uv":[2.25,12,0,12.75],"rotation":180,"texture":"#0"},"down":{"uv":[2,12.75,0,12],"rotation":180,"texture":"#0"}}},{"name":"cube_outline","from":[15.45,0.95,16.7],"to":[0.55,-5.95,2.3],"rotation":{"angle":-22.5,"axis":"x","origin":[0,0,0]},"faces":{"north":{"uv":[0,13.5,2.25,14.5],"rotation":180,"texture":"#0"},"east":{"uv":[0,13.5,2.25,14.5],"rotation":180,"texture":"#0"},"south":{"uv":[0,13.5,2.25,14.5],"rotation":180,"texture":"#0"},"west":{"uv":[0,13.5,2.25,14.5],"rotation":180,"texture":"#0"},"up":{"uv":[2.25,13.5,0,14.5],"rotation":180,"texture":"#0"},"down":{"uv":[2.25,14.25,0,13.5],"rotation":180,"texture":"#0"}}}],"gui_light":"front","display":{"ground":{"scale":[0.33594,0.33594,0.33594]},"gui":{"rotation":[180,32.25,180],"translation":[-0.5,1.25,0],"scale":[0.66992,0.66992,0.66992]},"head":{"rotation":[0.25,0,0],"translation":[0,2,-1],"scale":[1.07031,1.07031,1.07031]},"fixed":{"rotation":[-2.08,-45.95,-2.88],"translation":[0,0,-8],"scale":[0.84766,0.84766,0.84766]}}}