{"credit":"Made with Blockbench","texture_size":[64,64],"textures":{"0":"custom_cosmetics:ender_backpack","particle":"custom_cosmetics:ender_backpack"},"elements":[{"from":[4,3,5],"to":[12,13,11],"rotation":{"angle":0,"axis":"y","origin":[0,3,0]},"faces":{"north":{"uv":[0,0,2,2.5],"texture":"#0"},"east":{"uv":[4,0,5.5,2.5],"texture":"#0"},"south":{"uv":[2,0,4,2.5],"texture":"#0"},"west":{"uv":[4,2.5,5.5,5],"texture":"#0"},"up":{"uv":[5,6.5,3,5],"texture":"#0"},"down":{"uv":[7,5,5,6.5],"texture":"#0"}}},{"from":[6.5,5,10.5],"to":[9.5,8,12.5],"rotation":{"angle":0,"axis":"y","origin":[0,3,0]},"faces":{"north":{"uv":[9,3.75,9.75,4.5],"texture":"#0"},"east":{"uv":[3.5,9.75,4,10.5],"texture":"#0"},"south":{"uv":[6.25,11,7,11.75],"texture":"#0"},"west":{"uv":[7.75,11,8.25,11.75],"texture":"#0"},"up":{"uv":[6.25,5,5.5,4.5],"texture":"#0"},"down":{"uv":[7,4.5,6.25,5],"texture":"#0"}}},{"from":[4.5,0,6],"to":[11.5,6,10],"rotation":{"angle":0,"axis":"y","origin":[0,3,0]},"faces":{"north":{"uv":[5.5,3,7.25,4.5],"texture":"#0"},"east":{"uv":[8.25,6.5,9.25,8],"texture":"#0"},"south":{"uv":[3,6.5,4.75,8],"texture":"#0"},"west":{"uv":[8.75,8,9.75,9.5],"texture":"#0"},"up":{"uv":[8.75,5.5,7,4.5],"texture":"#0"},"down":{"uv":[8.75,5.5,7,6.5],"texture":"#0"}}},{"from":[3,13,4],"to":[7,20,8],"rotation":{"angle":22.5,"axis":"x","origin":[1,3,-1]},"faces":{"north":{"uv":[0,7.5,1,9.25],"texture":"#0"},"east":{"uv":[7.5,0,8.5,1.75],"texture":"#0"},"south":{"uv":[1,7.5,2,9.25],"texture":"#0"},"west":{"uv":[7.5,1.75,8.5,3.5],"texture":"#0"},"up":{"uv":[4.5,11.5,3.5,10.5],"texture":"#0"},"down":{"uv":[10.75,10.5,9.75,11.5],"texture":"#0"}}},{"from":[4,7,4],"to":[7,14,8],"rotation":{"angle":22.5,"axis":"z","origin":[0,3,-1]},"faces":{"north":{"uv":[5,9,5.75,10.75],"texture":"#0"},"east":{"uv":[2,7.5,3,9.25],"texture":"#0"},"south":{"uv":[1,9.25,1.75,11],"texture":"#0"},"west":{"uv":[3,8,4,9.75],"texture":"#0"},"up":{"uv":[2.75,12,2,11],"texture":"#0"},"down":{"uv":[3.5,11,2.75,12],"texture":"#0"}}},{"from":[3,9,6.25],"to":[7,14,10.25],"rotation":{"angle":-45,"axis":"x","origin":[1,19,-1]},"faces":{"north":{"uv":[9.5,0,10.5,1.25],"texture":"#0"},"east":{"uv":[9.5,1.25,10.5,2.5],"texture":"#0"},"south":{"uv":[9.5,2.5,10.5,3.75],"texture":"#0"},"west":{"uv":[8.75,9.5,9.75,10.75],"texture":"#0"},"up":{"uv":[1,11.75,0,10.75],"texture":"#0"},"down":{"uv":[11.75,3.75,10.75,4.75],"texture":"#0"}}},{"from":[3.25,15,10],"to":[6.75,20,13.75],"rotation":{"angle":0,"axis":"y","origin":[1,3,-1]},"faces":{"north":{"uv":[2.5,9.75,3.5,11],"texture":"#0"},"east":{"uv":[9.75,3.75,10.75,5],"texture":"#0"},"south":{"uv":[9.75,5,10.75,6.25],"texture":"#0"},"west":{"uv":[5.75,9.75,6.75,11],"texture":"#0"},"up":{"uv":[5.5,11.75,4.5,10.75],"texture":"#0"},"down":{"uv":[11.75,4.75,10.75,5.75],"texture":"#0"}}},{"from":[9,13,4],"to":[13,20,8],"rotation":{"angle":22.5,"axis":"x","origin":[15,3,-1]},"faces":{"north":{"uv":[1,7.5,0,9.25],"texture":"#0"},"east":{"uv":[8.5,1.75,7.5,3.5],"texture":"#0"},"south":{"uv":[2,7.5,1,9.25],"texture":"#0"},"west":{"uv":[8.5,0,7.5,1.75],"texture":"#0"},"up":{"uv":[3.5,11.5,4.5,10.5],"texture":"#0"},"down":{"uv":[9.75,10.5,10.75,11.5],"texture":"#0"}}},{"from":[9.25,15,10],"to":[12.75,20,13.75],"rotation":{"angle":0,"axis":"y","origin":[15,3,-1]},"faces":{"north":{"uv":[3.5,9.75,2.5,11],"texture":"#0"},"east":{"uv":[6.75,9.75,5.75,11],"texture":"#0"},"south":{"uv":[10.75,5,9.75,6.25],"texture":"#0"},"west":{"uv":[10.75,3.75,9.75,5],"texture":"#0"},"up":{"uv":[4.5,11.75,5.5,10.75],"texture":"#0"},"down":{"uv":[10.75,4.75,11.75,5.75],"texture":"#0"}}},{"from":[9,9,6.25],"to":[13,14,10.25],"rotation":{"angle":-45,"axis":"x","origin":[15,19,-1]},"faces":{"north":{"uv":[10.5,0,9.5,1.25],"texture":"#0"},"east":{"uv":[9.75,9.5,8.75,10.75],"texture":"#0"},"south":{"uv":[10.5,2.5,9.5,3.75],"texture":"#0"},"west":{"uv":[10.5,1.25,9.5,2.5],"texture":"#0"},"up":{"uv":[0,11.75,1,10.75],"texture":"#0"},"down":{"uv":[10.75,3.75,11.75,4.75],"texture":"#0"}}},{"name":"cube_outline","from":[12.2,13.2,11.2],"to":[3.8,2.8,4.8],"rotation":{"angle":0,"axis":"y","origin":[0,3,0]},"faces":{"north":{"uv":[0,2.5,2,5],"texture":"#0"},"east":{"uv":[0,5,1.5,7.5],"texture":"#0"},"south":{"uv":[2,2.5,4,5],"texture":"#0"},"west":{"uv":[1.5,5,3,7.5],"texture":"#0"},"up":{"uv":[7.5,1.5,5.5,0],"texture":"#0"},"down":{"uv":[7.5,1.5,5.5,3],"texture":"#0"}}},{"name":"cube_outline","from":[9.7,8.2,12.7],"to":[6.3,4.8,10.3],"rotation":{"angle":0,"axis":"y","origin":[0,3,0]},"faces":{"north":{"uv":[11,6.75,11.75,7.5],"texture":"#0"},"east":{"uv":[8.25,11,8.75,11.75],"texture":"#0"},"south":{"uv":[7,11,7.75,11.75],"texture":"#0"},"west":{"uv":[11.5,0,12,0.75],"texture":"#0"},"up":{"uv":[10.75,8,10,7.5],"texture":"#0"},"down":{"uv":[12.25,0.75,11.5,1.25],"texture":"#0"}}},{"name":"cube_outline","from":[11.7,6.2,10.2],"to":[4.3,-0.2,5.8],"rotation":{"angle":0,"axis":"y","origin":[0,3,0]},"faces":{"north":{"uv":[4.75,6.5,6.5,8],"texture":"#0"},"east":{"uv":[4,9,5,10.5],"texture":"#0"},"south":{"uv":[6.5,6.5,8.25,8],"texture":"#0"},"west":{"uv":[0,9.25,1,10.75],"texture":"#0"},"up":{"uv":[9,4.5,7.25,3.5],"texture":"#0"},"down":{"uv":[5.75,8,4,9],"texture":"#0"}}},{"name":"cube_outline","from":[7.2,20.2,8.2],"to":[2.8,12.8,3.8],"rotation":{"angle":22.5,"axis":"x","origin":[1,3,-1]},"faces":{"north":{"uv":[5.75,8,6.75,9.75],"texture":"#0"},"east":{"uv":[6.75,8,7.75,9.75],"texture":"#0"},"south":{"uv":[7.75,8,8.75,9.75],"texture":"#0"},"west":{"uv":[8.5,0,9.5,1.75],"texture":"#0"},"up":{"uv":[11.75,8.5,10.75,7.5],"texture":"#0"},"down":{"uv":[11.75,8.5,10.75,9.5],"texture":"#0"}}},{"name":"cube_outline","from":[7.2,14.2,8.2],"to":[3.8,6.8,3.8],"rotation":{"angle":22.5,"axis":"z","origin":[0,3,-1]},"faces":{"north":{"uv":[1.75,9.25,2.5,11],"texture":"#0"},"east":{"uv":[8.5,1.75,9.5,3.5],"texture":"#0"},"south":{"uv":[9.25,6.25,10,8],"texture":"#0"},"west":{"uv":[8.75,4.5,9.75,6.25],"texture":"#0"},"up":{"uv":[6.25,12,5.5,11],"texture":"#0"},"down":{"uv":[11.75,5.75,11,6.75],"texture":"#0"}}},{"name":"cube_outline","from":[7.2,14.2,10.45],"to":[2.8,8.8,6.05],"rotation":{"angle":-45,"axis":"x","origin":[1,19,-1]},"faces":{"north":{"uv":[6.75,9.75,7.75,11],"texture":"#0"},"east":{"uv":[7.75,9.75,8.75,11],"texture":"#0"},"south":{"uv":[9.75,8,10.75,9.25],"texture":"#0"},"west":{"uv":[9.75,9.25,10.75,10.5],"texture":"#0"},"up":{"uv":[9.75,11.75,8.75,10.75],"texture":"#0"},"down":{"uv":[11.75,9.5,10.75,10.5],"texture":"#0"}}},{"name":"cube_outline","from":[6.95,20.2,13.95],"to":[3.05,14.8,9.8],"rotation":{"angle":0,"axis":"y","origin":[1,3,-1]},"faces":{"north":{"uv":[10,6.25,11,7.5],"texture":"#0"},"east":{"uv":[10.5,0,11.5,1.25],"texture":"#0"},"south":{"uv":[10.5,1.25,11.5,2.5],"texture":"#0"},"west":{"uv":[10.5,2.5,11.5,3.75],"texture":"#0"},"up":{"uv":[11.75,11.5,10.75,10.5],"texture":"#0"},"down":{"uv":[2,11,1,12],"texture":"#0"}}},{"name":"cube_outline","from":[13.2,20.2,8.2],"to":[8.8,12.8,3.8],"rotation":{"angle":22.5,"axis":"x","origin":[15,3,-1]},"faces":{"north":{"uv":[6.75,8,5.75,9.75],"texture":"#0"},"east":{"uv":[9.5,0,8.5,1.75],"texture":"#0"},"south":{"uv":[8.75,8,7.75,9.75],"texture":"#0"},"west":{"uv":[7.75,8,6.75,9.75],"texture":"#0"},"up":{"uv":[10.75,8.5,11.75,7.5],"texture":"#0"},"down":{"uv":[10.75,8.5,11.75,9.5],"texture":"#0"}}},{"name":"cube_outline","from":[12.95,20.2,13.95],"to":[9.05,14.8,9.8],"rotation":{"angle":0,"axis":"y","origin":[15,3,-1]},"faces":{"north":{"uv":[11,6.25,10,7.5],"texture":"#0"},"east":{"uv":[11.5,2.5,10.5,3.75],"texture":"#0"},"south":{"uv":[11.5,1.25,10.5,2.5],"texture":"#0"},"west":{"uv":[11.5,0,10.5,1.25],"texture":"#0"},"up":{"uv":[10.75,11.5,11.75,10.5],"texture":"#0"},"down":{"uv":[1,11,2,12],"texture":"#0"}}},{"name":"cube_outline","from":[13.2,14.2,10.45],"to":[8.8,8.8,6.05],"rotation":{"angle":-45,"axis":"x","origin":[15,19,-1]},"faces":{"north":{"uv":[7.75,9.75,6.75,11],"texture":"#0"},"east":{"uv":[10.75,9.25,9.75,10.5],"texture":"#0"},"south":{"uv":[10.75,8,9.75,9.25],"texture":"#0"},"west":{"uv":[8.75,9.75,7.75,11],"texture":"#0"},"up":{"uv":[8.75,11.75,9.75,10.75],"texture":"#0"},"down":{"uv":[10.75,9.5,11.75,10.5],"texture":"#0"}}}],"gui_light":"front","display":{"thirdperson_righthand":{"rotation":[15.28,5.59,-14.05]},"thirdperson_lefthand":{"rotation":[78.76,-12.35,10.98],"translation":[-5.5,-8,7],"scale":[0.77344,0.77344,0.77344]},"gui":{"rotation":[11.25,16.5,-39.25],"translation":[-1.75,-2,0],"scale":[0.65234,0.65234,0.65234]},"head":{"rotation":[18.78,5.59,-14.05],"translation":[-0.25,-54.75,7.5],"scale":[1.20898,1.20898,1.20898]},"fixed":{"rotation":[173.97,-10.37,149.7],"translation":[1,-3,-2],"scale":[0.78906,0.78906,0.78906]}}}