{"credit":"Made with Blockbench","texture_size":[32,32],"textures":{"0":"custom_cosmetics:frozen_backpack","particle":"custom_cosmetics:frozen_backpack"},"elements":[{"from":[4.75,0.5,4.62641],"to":[11.75,8.5,11.62641],"rotation":{"angle":0,"axis":"y","origin":[1,17.08031,0.37641]},"faces":{"north":{"uv":[0,0,3.5,3.5],"texture":"#0"},"east":{"uv":[0,0,3.5,3.5],"texture":"#0"},"south":{"uv":[0,0,3.5,3.5],"texture":"#0"},"west":{"uv":[0,0,3.5,3.5],"texture":"#0"},"up":{"uv":[3.5,7,0,3.5],"texture":"#0"},"down":{"uv":[7,0,3.5,3.5],"texture":"#0"}}},{"from":[-4.5,5.5,6.62641],"to":[-0.5,17,10.62641],"rotation":{"angle":45,"axis":"z","origin":[0,16.08031,0.37641]},"faces":{"north":{"uv":[14,3,16,8],"texture":"#0"},"east":{"uv":[14,3,16,8],"texture":"#0"},"south":{"uv":[14,3,16,8],"texture":"#0"},"west":{"uv":[14,3,16,8],"texture":"#0"},"up":{"uv":[14,5,12,3],"texture":"#0"},"down":{"uv":[14,5,12,7],"texture":"#0"}}},{"from":[-4,14.25,19.87359],"to":[-0.5,25.75,22.87359],"rotation":{"angle":-45,"axis":"x","origin":[0,-0.08031,15.62359]},"faces":{"north":{"uv":[16,8,14,3],"texture":"#0"},"east":{"uv":[16,8,14,3],"texture":"#0"},"south":{"uv":[16,8,14,3],"texture":"#0"},"west":{"uv":[16,8,14,3],"texture":"#0"},"up":{"uv":[14,5,12,7],"texture":"#0"},"down":{"uv":[14,5,12,3],"texture":"#0"}}},{"from":[-2.25,14.25,14.25],"to":[-2.25,19.25,19.25],"rotation":{"angle":-45,"axis":"x","origin":[0,0,0]},"faces":{"north":{"uv":[8.5,8,8.5,10.5],"texture":"#0"},"east":{"uv":[0,8,2.5,10.5],"texture":"#0"},"south":{"uv":[7.5,8,7.5,10.5],"texture":"#0"},"west":{"uv":[0,8,2.5,10.5],"texture":"#0"},"up":{"uv":[6.5,8,6.5,10.5],"texture":"#0"},"down":{"uv":[5.5,8,5.5,10.5],"texture":"#0"}}},{"from":[-2.25,9.25,14.25],"to":[-2.25,14.25,19.25],"rotation":{"angle":-45,"axis":"x","origin":[0,0,0]},"faces":{"north":{"uv":[8.5,8,8.5,10.5],"texture":"#0"},"east":{"uv":[0,8,2.5,10.5],"texture":"#0"},"south":{"uv":[7.5,8,7.5,10.5],"texture":"#0"},"west":{"uv":[0,8,2.5,10.5],"texture":"#0"},"up":{"uv":[6.5,8,6.5,10.5],"texture":"#0"},"down":{"uv":[5.5,8,5.5,10.5],"texture":"#0"}}},{"from":[-4.75,14.25,16.75],"to":[0.25,19.25,16.75],"rotation":{"angle":-45,"axis":"x","origin":[0,0,0]},"faces":{"north":{"uv":[2.5,8,0,10.5],"texture":"#0"},"east":{"uv":[0,8,2.5,10.5],"texture":"#0"},"south":{"uv":[2.5,8,0,10.5],"texture":"#0"},"west":{"uv":[0,8,2.5,10.5],"texture":"#0"},"up":{"uv":[6.5,8,6.5,10.5],"texture":"#0"},"down":{"uv":[5.5,8,5.5,10.5],"texture":"#0"}}},{"from":[-4.75,6.25,16.75],"to":[0.25,11.25,16.75],"rotation":{"angle":-45,"axis":"x","origin":[0,0,0]},"faces":{"north":{"uv":[2.5,8,0,10.5],"texture":"#0"},"east":{"uv":[0,8,2.5,10.5],"texture":"#0"},"south":{"uv":[2.5,8,0,10.5],"texture":"#0"},"west":{"uv":[0,8,2.5,10.5],"texture":"#0"},"up":{"uv":[6.5,8,6.5,10.5],"texture":"#0"},"down":{"uv":[5.5,8,5.5,10.5],"texture":"#0"}}},{"from":[4.25,7.25,8.5],"to":[9,12.25,8.5],"rotation":{"angle":22.5,"axis":"z","origin":[0,0,0]},"faces":{"north":{"uv":[2.5,8,0,10.5],"texture":"#0"},"east":{"uv":[0,8,2.5,10.5],"texture":"#0"},"south":{"uv":[2.5,8,0,10.5],"texture":"#0"},"west":{"uv":[0,8,2.5,10.5],"texture":"#0"},"up":{"uv":[6.5,8,6.5,10.5],"texture":"#0"},"down":{"uv":[5.5,8,5.5,10.5],"texture":"#0"}}},{"from":[-8,8.25,8.5],"to":[-3,13,8.5],"rotation":{"angle":-22.5,"axis":"z","origin":[0,0,0]},"faces":{"north":{"uv":[2.5,8,0,10.5],"rotation":90,"texture":"#0"},"east":{"uv":[5.5,8,5.5,10.5],"rotation":270,"texture":"#0"},"south":{"uv":[2.5,8,0,10.5],"rotation":270,"texture":"#0"},"west":{"uv":[6.5,8,6.5,10.5],"rotation":270,"texture":"#0"},"up":{"uv":[0,8,2.5,10.5],"rotation":270,"texture":"#0"},"down":{"uv":[0,8,2.5,10.5],"rotation":270,"texture":"#0"}}},{"from":[-3.5,-6,6.62641],"to":[0.5,5.5,10.62641],"rotation":{"angle":-45,"axis":"z","origin":[1,-5.08031,0.37641]},"faces":{"north":{"uv":[14,8,16,3],"texture":"#0"},"east":{"uv":[14,8,16,3],"texture":"#0"},"south":{"uv":[14,8,16,3],"texture":"#0"},"west":{"uv":[14,8,16,3],"texture":"#0"},"up":{"uv":[14,7,12,5],"texture":"#0"},"down":{"uv":[14,3,12,5],"texture":"#0"}}},{"from":[-7,-2,8.5],"to":[-2,2.75,8.5],"rotation":{"angle":22.5,"axis":"z","origin":[1,11,0]},"faces":{"north":{"uv":[0,8,2.5,10.5],"rotation":90,"texture":"#0"},"east":{"uv":[5.5,8,5.5,10.5],"rotation":270,"texture":"#0"},"south":{"uv":[0,8,2.5,10.5],"rotation":270,"texture":"#0"},"west":{"uv":[6.5,8,6.5,10.5],"rotation":270,"texture":"#0"},"up":{"uv":[2.5,8,0,10.5],"rotation":270,"texture":"#0"},"down":{"uv":[2.5,8,0,10.5],"rotation":270,"texture":"#0"}}},{"from":[5.25,-1.25,8.5],"to":[10,3.75,8.5],"rotation":{"angle":-22.5,"axis":"z","origin":[1,11,0]},"faces":{"north":{"uv":[2.5,10.5,0,8],"texture":"#0"},"east":{"uv":[0,10.5,2.5,8],"texture":"#0"},"south":{"uv":[2.5,10.5,0,8],"texture":"#0"},"west":{"uv":[0,10.5,2.5,8],"texture":"#0"},"up":{"uv":[5.5,10.5,5.5,8],"texture":"#0"},"down":{"uv":[6.5,10.5,6.5,8],"texture":"#0"}}},{"from":[-3,-14.75,19.87359],"to":[0.5,-3.25,22.87359],"rotation":{"angle":45,"axis":"x","origin":[1,11.08031,15.62359]},"faces":{"north":{"uv":[16,3,14,8],"texture":"#0"},"east":{"uv":[16,3,14,8],"texture":"#0"},"south":{"uv":[16,3,14,8],"texture":"#0"},"west":{"uv":[16,3,14,8],"texture":"#0"},"up":{"uv":[14,3,12,5],"texture":"#0"},"down":{"uv":[14,7,12,5],"texture":"#0"}}},{"from":[-3.75,-0.25,16.75],"to":[1.25,4.75,16.75],"rotation":{"angle":45,"axis":"x","origin":[1,11,0]},"faces":{"north":{"uv":[2.5,10.5,0,8],"texture":"#0"},"east":{"uv":[0,10.5,2.5,8],"texture":"#0"},"south":{"uv":[2.5,10.5,0,8],"texture":"#0"},"west":{"uv":[0,10.5,2.5,8],"texture":"#0"},"up":{"uv":[5.5,10.5,5.5,8],"texture":"#0"},"down":{"uv":[6.5,10.5,6.5,8],"texture":"#0"}}},{"from":[-1.25,-3.25,14.25],"to":[-1.25,1.75,19.25],"rotation":{"angle":45,"axis":"x","origin":[1,11,0]},"faces":{"north":{"uv":[8.5,10.5,8.5,8],"texture":"#0"},"east":{"uv":[0,10.5,2.5,8],"texture":"#0"},"south":{"uv":[7.5,10.5,7.5,8],"texture":"#0"},"west":{"uv":[0,10.5,2.5,8],"texture":"#0"},"up":{"uv":[5.5,10.5,5.5,8],"texture":"#0"},"down":{"uv":[6.5,10.5,6.5,8],"texture":"#0"}}},{"from":[17.25,-3.25,14.25],"to":[17.25,1.75,19.25],"rotation":{"angle":45,"axis":"x","origin":[15,11,0]},"faces":{"north":{"uv":[8.5,10.5,8.5,8],"texture":"#0"},"east":{"uv":[2.5,10.5,0,8],"texture":"#0"},"south":{"uv":[7.5,10.5,7.5,8],"texture":"#0"},"west":{"uv":[2.5,10.5,0,8],"texture":"#0"},"up":{"uv":[5.5,10.5,5.5,8],"texture":"#0"},"down":{"uv":[6.5,10.5,6.5,8],"texture":"#0"}}},{"from":[-3.75,-8.25,16.75],"to":[1.25,-3.25,16.75],"rotation":{"angle":45,"axis":"x","origin":[1,11,0]},"faces":{"north":{"uv":[2.5,10.5,0,8],"texture":"#0"},"east":{"uv":[0,10.5,2.5,8],"texture":"#0"},"south":{"uv":[2.5,10.5,0,8],"texture":"#0"},"west":{"uv":[0,10.5,2.5,8],"texture":"#0"},"up":{"uv":[5.5,10.5,5.5,8],"texture":"#0"},"down":{"uv":[6.5,10.5,6.5,8],"texture":"#0"}}},{"from":[-1.25,-8.25,14.25],"to":[-1.25,-3.25,19.25],"rotation":{"angle":45,"axis":"x","origin":[1,11,0]},"faces":{"north":{"uv":[8.5,10.5,8.5,8],"texture":"#0"},"east":{"uv":[0,10.5,2.5,8],"texture":"#0"},"south":{"uv":[7.5,10.5,7.5,8],"texture":"#0"},"west":{"uv":[0,10.5,2.5,8],"texture":"#0"},"up":{"uv":[5.5,10.5,5.5,8],"texture":"#0"},"down":{"uv":[6.5,10.5,6.5,8],"texture":"#0"}}},{"from":[15.5,-6,6.62641],"to":[19.5,5.5,10.62641],"rotation":{"angle":45,"axis":"z","origin":[15,-5.08031,0.37641]},"faces":{"north":{"uv":[16,8,14,3],"texture":"#0"},"east":{"uv":[16,8,14,3],"texture":"#0"},"south":{"uv":[16,8,14,3],"texture":"#0"},"west":{"uv":[16,8,14,3],"texture":"#0"},"up":{"uv":[12,7,14,5],"texture":"#0"},"down":{"uv":[12,3,14,5],"texture":"#0"}}},{"from":[18,-2,8.5],"to":[23,2.75,8.5],"rotation":{"angle":-22.5,"axis":"z","origin":[15,11,0]},"faces":{"north":{"uv":[0,10.5,2.5,8],"rotation":90,"texture":"#0"},"east":{"uv":[6.5,10.5,6.5,8],"rotation":270,"texture":"#0"},"south":{"uv":[0,10.5,2.5,8],"rotation":270,"texture":"#0"},"west":{"uv":[5.5,10.5,5.5,8],"rotation":270,"texture":"#0"},"up":{"uv":[2.5,10.5,0,8],"rotation":270,"texture":"#0"},"down":{"uv":[2.5,10.5,0,8],"rotation":270,"texture":"#0"}}},{"from":[6,-1.25,8.5],"to":[10.75,3.75,8.5],"rotation":{"angle":22.5,"axis":"z","origin":[15,11,0]},"faces":{"north":{"uv":[0,10.5,2.5,8],"texture":"#0"},"east":{"uv":[2.5,10.5,0,8],"texture":"#0"},"south":{"uv":[0,10.5,2.5,8],"texture":"#0"},"west":{"uv":[2.5,10.5,0,8],"texture":"#0"},"up":{"uv":[5.5,10.5,5.5,8],"texture":"#0"},"down":{"uv":[6.5,10.5,6.5,8],"texture":"#0"}}},{"from":[14.75,-0.25,16.75],"to":[19.75,4.75,16.75],"rotation":{"angle":45,"axis":"x","origin":[15,11,0]},"faces":{"north":{"uv":[0,10.5,2.5,8],"texture":"#0"},"east":{"uv":[2.5,10.5,0,8],"texture":"#0"},"south":{"uv":[0,10.5,2.5,8],"texture":"#0"},"west":{"uv":[2.5,10.5,0,8],"texture":"#0"},"up":{"uv":[5.5,10.5,5.5,8],"texture":"#0"},"down":{"uv":[6.5,10.5,6.5,8],"texture":"#0"}}},{"from":[15.5,-14.75,19.87359],"to":[19,-3.25,22.87359],"rotation":{"angle":45,"axis":"x","origin":[15,11.08031,15.62359]},"faces":{"north":{"uv":[14,3,16,8],"texture":"#0"},"east":{"uv":[14,3,16,8],"texture":"#0"},"south":{"uv":[14,3,16,8],"texture":"#0"},"west":{"uv":[14,3,16,8],"texture":"#0"},"up":{"uv":[12,3,14,5],"texture":"#0"},"down":{"uv":[12,7,14,5],"texture":"#0"}}},{"from":[14.75,-8.25,16.75],"to":[19.75,-3.25,16.75],"rotation":{"angle":45,"axis":"x","origin":[15,11,0]},"faces":{"north":{"uv":[0,10.5,2.5,8],"texture":"#0"},"east":{"uv":[2.5,10.5,0,8],"texture":"#0"},"south":{"uv":[0,10.5,2.5,8],"texture":"#0"},"west":{"uv":[2.5,10.5,0,8],"texture":"#0"},"up":{"uv":[5.5,10.5,5.5,8],"texture":"#0"},"down":{"uv":[6.5,10.5,6.5,8],"texture":"#0"}}},{"from":[17.25,-8.25,14.25],"to":[17.25,-3.25,19.25],"rotation":{"angle":45,"axis":"x","origin":[15,11,0]},"faces":{"north":{"uv":[8.5,10.5,8.5,8],"texture":"#0"},"east":{"uv":[2.5,10.5,0,8],"texture":"#0"},"south":{"uv":[7.5,10.5,7.5,8],"texture":"#0"},"west":{"uv":[2.5,10.5,0,8],"texture":"#0"},"up":{"uv":[5.5,10.5,5.5,8],"texture":"#0"},"down":{"uv":[6.5,10.5,6.5,8],"texture":"#0"}}},{"from":[16.5,5.5,6.62641],"to":[20.5,17,10.62641],"rotation":{"angle":-45,"axis":"z","origin":[16,16.08031,0.37641]},"faces":{"north":{"uv":[16,3,14,8],"texture":"#0"},"east":{"uv":[16,3,14,8],"texture":"#0"},"south":{"uv":[16,3,14,8],"texture":"#0"},"west":{"uv":[16,3,14,8],"texture":"#0"},"up":{"uv":[12,5,14,3],"texture":"#0"},"down":{"uv":[12,5,14,7],"texture":"#0"}}},{"from":[16.5,14.25,19.87359],"to":[20,25.75,22.87359],"rotation":{"angle":-45,"axis":"x","origin":[16,-0.08031,15.62359]},"faces":{"north":{"uv":[14,8,16,3],"texture":"#0"},"east":{"uv":[14,8,16,3],"texture":"#0"},"south":{"uv":[14,8,16,3],"texture":"#0"},"west":{"uv":[14,8,16,3],"texture":"#0"},"up":{"uv":[12,5,14,7],"texture":"#0"},"down":{"uv":[12,5,14,3],"texture":"#0"}}},{"from":[18.25,14.25,14.25],"to":[18.25,19.25,19.25],"rotation":{"angle":-45,"axis":"x","origin":[16,0,0]},"faces":{"north":{"uv":[8.5,8,8.5,10.5],"texture":"#0"},"east":{"uv":[2.5,8,0,10.5],"texture":"#0"},"south":{"uv":[7.5,8,7.5,10.5],"texture":"#0"},"west":{"uv":[2.5,8,0,10.5],"texture":"#0"},"up":{"uv":[6.5,8,6.5,10.5],"texture":"#0"},"down":{"uv":[5.5,8,5.5,10.5],"texture":"#0"}}},{"from":[18.25,9.25,14.25],"to":[18.25,14.25,19.25],"rotation":{"angle":-45,"axis":"x","origin":[16,0,0]},"faces":{"north":{"uv":[8.5,8,8.5,10.5],"texture":"#0"},"east":{"uv":[2.5,8,0,10.5],"texture":"#0"},"south":{"uv":[7.5,8,7.5,10.5],"texture":"#0"},"west":{"uv":[2.5,8,0,10.5],"texture":"#0"},"up":{"uv":[6.5,8,6.5,10.5],"texture":"#0"},"down":{"uv":[5.5,8,5.5,10.5],"texture":"#0"}}},{"from":[15.75,14.25,16.75],"to":[20.75,19.25,16.75],"rotation":{"angle":-45,"axis":"x","origin":[16,0,0]},"faces":{"north":{"uv":[0,8,2.5,10.5],"texture":"#0"},"east":{"uv":[2.5,8,0,10.5],"texture":"#0"},"south":{"uv":[0,8,2.5,10.5],"texture":"#0"},"west":{"uv":[2.5,8,0,10.5],"texture":"#0"},"up":{"uv":[6.5,8,6.5,10.5],"texture":"#0"},"down":{"uv":[5.5,8,5.5,10.5],"texture":"#0"}}},{"from":[15.75,6.25,16.75],"to":[20.75,11.25,16.75],"rotation":{"angle":-45,"axis":"x","origin":[16,0,0]},"faces":{"north":{"uv":[0,8,2.5,10.5],"texture":"#0"},"east":{"uv":[2.5,8,0,10.5],"texture":"#0"},"south":{"uv":[0,8,2.5,10.5],"texture":"#0"},"west":{"uv":[2.5,8,0,10.5],"texture":"#0"},"up":{"uv":[6.5,8,6.5,10.5],"texture":"#0"},"down":{"uv":[5.5,8,5.5,10.5],"texture":"#0"}}},{"from":[7,7.25,8.5],"to":[11.75,12.25,8.5],"rotation":{"angle":-22.5,"axis":"z","origin":[16,0,0]},"faces":{"north":{"uv":[0,8,2.5,10.5],"texture":"#0"},"east":{"uv":[2.5,8,0,10.5],"texture":"#0"},"south":{"uv":[0,8,2.5,10.5],"texture":"#0"},"west":{"uv":[2.5,8,0,10.5],"texture":"#0"},"up":{"uv":[6.5,8,6.5,10.5],"texture":"#0"},"down":{"uv":[5.5,8,5.5,10.5],"texture":"#0"}}},{"from":[19,8.25,8.5],"to":[24,13,8.5],"rotation":{"angle":22.5,"axis":"z","origin":[16,0,0]},"faces":{"north":{"uv":[2.5,10.5,0,8],"rotation":90,"texture":"#0"},"east":{"uv":[6.5,10.5,6.5,8],"rotation":270,"texture":"#0"},"south":{"uv":[2.5,10.5,0,8],"rotation":270,"texture":"#0"},"west":{"uv":[5.5,10.5,5.5,8],"rotation":270,"texture":"#0"},"up":{"uv":[0,10.5,2.5,8],"rotation":270,"texture":"#0"},"down":{"uv":[0,10.5,2.5,8],"rotation":270,"texture":"#0"}}}],"gui_light":"front","display":{"thirdperson_lefthand":{"rotation":[78.5,0,0],"translation":[-6.25,-7.25,10],"scale":[0.98633,0.98633,0.98633]},"ground":{"rotation":[24.32,-2.83,-13.08],"scale":[0.44141,0.44141,0.44141]},"gui":{"rotation":[-163.07,-26.04,-175.32],"translation":[-0.25,2,0],"scale":[0.44531,0.44531,0.44531]},"head":{"rotation":[10.75,0,0],"translation":[-0.25,-47.25,7.75],"scale":[1.42188,1.4082,1.35742]},"fixed":{"translation":[0,1,-3.25],"scale":[0.77344,0.77344,0.77344]}}}