{"credit":"Made with Blockbench","texture_size":[64,64],"textures":{"0":"custom_cosmetics:frozen_hand","particle":"custom_cosmetics:frozen_hand"},"elements":[{"from":[7,-5,7],"to":[9,13,9],"faces":{"north":{"uv":[5,3.75,5.5,8],"texture":"#0"},"east":{"uv":[4.5,5,5,9.25],"texture":"#0"},"south":{"uv":[5.5,3.75,6,8],"texture":"#0"},"west":{"uv":[6,3.75,6.5,8],"texture":"#0"},"up":{"uv":[7,3.5,6.5,3],"texture":"#0"},"down":{"uv":[7,3.5,6.5,4],"texture":"#0"}}},{"from":[4.75,19,4.75],"to":[11.25,28,11.25],"faces":{"north":{"uv":[0,0,1.5,2.25],"texture":"#0"},"east":{"uv":[0,0,1.5,2.25],"texture":"#0"},"south":{"uv":[0,0,1.5,2.25],"texture":"#0"},"west":{"uv":[0,0,1.5,2.25],"texture":"#0"},"up":{"uv":[6.5,3.75,5,2.25],"texture":"#0"},"down":{"uv":[4.5,5,3,6.5],"texture":"#0"}}},{"from":[5,2.75,5],"to":[11,11.75,11],"rotation":{"angle":0,"axis":"y","origin":[0,16,0]},"faces":{"north":{"uv":[0,2.25,1.5,0],"texture":"#0"},"east":{"uv":[0,2.25,1.5,0],"texture":"#0"},"south":{"uv":[0,2.25,1.5,0],"texture":"#0"},"west":{"uv":[0,2.25,1.5,0],"texture":"#0"},"up":{"uv":[4.5,6.5,3,5],"texture":"#0"},"down":{"uv":[6.5,2.25,5,3.75],"texture":"#0"}}},{"from":[9.75,21.5,-0.87359],"to":[13,31,2.37641],"rotation":{"angle":-45,"axis":"y","origin":[1,16.08031,0.37641]},"faces":{"north":{"uv":[3,0,4,2.5],"texture":"#0"},"east":{"uv":[3,0,4,2.5],"texture":"#0"},"south":{"uv":[3,0,4,2.5],"texture":"#0"},"west":{"uv":[3,0,4,2.5],"texture":"#0"},"up":{"uv":[7.5,3,6.5,2],"texture":"#0"},"down":{"uv":[4,6.5,3,7.5],"texture":"#0"}}},{"from":[9.75,-7.75,-0.87359],"to":[13,-4.25,2.37641],"rotation":{"angle":-45,"axis":"y","origin":[1,-0.08031,0.37641]},"faces":{"north":{"uv":[3,2.5,4,0],"texture":"#0"},"east":{"uv":[3,2.5,4,0],"texture":"#0"},"south":{"uv":[3,2.5,4,0],"texture":"#0"},"west":{"uv":[3,2.5,4,0],"texture":"#0"},"up":{"uv":[4,7.5,3,6.5],"texture":"#0"},"down":{"uv":[7.5,2,6.5,3],"texture":"#0"}}},{"from":[5.25,11.5,5.37641],"to":[10.75,21,10.62641],"rotation":{"angle":0,"axis":"y","origin":[1,16.08031,0.37641]},"faces":{"north":{"uv":[3,0,4,2.5],"texture":"#0"},"east":{"uv":[3,0,4,2.5],"texture":"#0"},"south":{"uv":[3,0,4,2.5],"texture":"#0"},"west":{"uv":[3,0,4,2.5],"texture":"#0"},"up":{"uv":[7.5,3,6.5,2],"texture":"#0"},"down":{"uv":[4,6.5,3,7.5],"texture":"#0"}}}],"gui_light":"front","display":{"thirdperson_righthand":{"rotation":[18.79,-2.56,-6.37],"translation":[1.25,0,0.75],"scale":[0.98242,0.98242,0.98242]},"thirdperson_lefthand":{"rotation":[22.35,-1.62,-10.95],"translation":[1.5,0,1.25],"scale":[1.00586,1.00586,1.00586]},"firstperson_righthand":{"rotation":[-9.75,14.5,0],"translation":[1.75,1.25,0],"scale":[0.54102,0.54102,0.54102]},"firstperson_lefthand":{"rotation":[-6.52,-13.92,-1.55],"translation":[2,2.5,0],"scale":[0.64648,0.64648,0.64648]},"ground":{"rotation":[-21.66,15.87,-72.04],"scale":[0.49805,0.49805,0.49805]},"gui":{"rotation":[-26.69,-17.89,-35.47],"translation":[-1.25,-1.5,0],"scale":[0.50977,0.50391,0.50391]},"fixed":{"translation":[0,0,-3.25],"scale":[0.93945,0.93945,0.93945]}}}