{"credit":"Made with Blockbench","texture_size":[32,32],"textures":{"0":"custom_cosmetics:frozen_hat","particle":"custom_cosmetics:frozen_hat"},"elements":[{"from":[-2.25,1.5,4.62641],"to":[1.75,11,8.62641],"rotation":{"angle":22.5,"axis":"z","origin":[1,16.08031,0.37641]},"faces":{"north":{"uv":[0,0,2,5],"texture":"#0"},"east":{"uv":[2,0,4,5],"texture":"#0"},"south":{"uv":[4,0,6,5],"texture":"#0"},"west":{"uv":[0,5,2,10],"texture":"#0"},"up":{"uv":[4,7,2,5],"texture":"#0"},"down":{"uv":[6,5,4,7],"texture":"#0"}}},{"from":[-0.25,1.5,9.12641],"to":[2.75,10,12.12641],"rotation":{"angle":22.5,"axis":"y","origin":[1,16.08031,0.37641]},"faces":{"north":{"uv":[0,0,2,5],"texture":"#0"},"east":{"uv":[2,0,4,5],"texture":"#0"},"south":{"uv":[4,0,6,5],"texture":"#0"},"west":{"uv":[0,5,2,10],"texture":"#0"},"up":{"uv":[4,7,2,5],"texture":"#0"},"down":{"uv":[6,5,4,7],"texture":"#0"}}},{"from":[-0.25,4.5,7.62641],"to":[3.75,15,11.62641],"rotation":{"angle":45,"axis":"y","origin":[1,16.08031,0.37641]},"faces":{"north":{"uv":[0,0,2,5],"texture":"#0"},"east":{"uv":[2,0,4,5],"texture":"#0"},"south":{"uv":[4,0,6,5],"texture":"#0"},"west":{"uv":[0,5,2,10],"texture":"#0"},"up":{"uv":[4,7,2,5],"texture":"#0"},"down":{"uv":[6,5,4,7],"texture":"#0"}}},{"from":[13.25,1.5,9.12641],"to":[16.25,10,12.12641],"rotation":{"angle":-22.5,"axis":"y","origin":[15,16.08031,0.37641]},"faces":{"north":{"uv":[2,0,0,5],"texture":"#0"},"east":{"uv":[2,5,0,10],"texture":"#0"},"south":{"uv":[6,0,4,5],"texture":"#0"},"west":{"uv":[4,0,2,5],"texture":"#0"},"up":{"uv":[2,7,4,5],"texture":"#0"},"down":{"uv":[4,5,6,7],"texture":"#0"}}},{"from":[14.25,1.5,4.62641],"to":[18.25,11,8.62641],"rotation":{"angle":-22.5,"axis":"z","origin":[15,16.08031,0.37641]},"faces":{"north":{"uv":[2,0,0,5],"texture":"#0"},"east":{"uv":[2,5,0,10],"texture":"#0"},"south":{"uv":[6,0,4,5],"texture":"#0"},"west":{"uv":[4,0,2,5],"texture":"#0"},"up":{"uv":[2,7,4,5],"texture":"#0"},"down":{"uv":[4,5,6,7],"texture":"#0"}}},{"from":[5.75,7.5,11.62641],"to":[10.75,18,16.62641],"rotation":{"angle":22.5,"axis":"x","origin":[15,16.08031,0.37641]},"faces":{"north":{"uv":[2,0,0,5],"texture":"#0"},"east":{"uv":[2,5,0,10],"texture":"#0"},"south":{"uv":[6,0,4,5],"texture":"#0"},"west":{"uv":[4,0,2,5],"texture":"#0"},"up":{"uv":[2,7,4,5],"texture":"#0"},"down":{"uv":[4,5,6,7],"texture":"#0"}}},{"from":[6.75,8.5,-1.62641],"to":[9.75,17,1.37359],"rotation":{"angle":-22.5,"axis":"x","origin":[15,16.08031,15.62359]},"faces":{"north":{"uv":[4,0,6,5],"texture":"#0"},"east":{"uv":[0,5,2,10],"texture":"#0"},"south":{"uv":[0,0,2,5],"texture":"#0"},"west":{"uv":[2,0,4,5],"texture":"#0"},"up":{"uv":[2,5,4,7],"texture":"#0"},"down":{"uv":[4,7,6,5],"texture":"#0"}}}],"gui_light":"front","display":{"ground":{"scale":[0.86523,0.86523,0.86523]},"gui":{"rotation":[11.72,25.06,-2.1],"translation":[0.5,-0.25,0],"scale":[0.98047,0.98047,0.98047]},"head":{"translation":[-0.25,10.75,0.25],"scale":[1.5,1.5,1.5]}}}