{"credit":"Made with Blockbench","texture_size":[32,32],"textures":{"1":"custom_cosmetics:headphone"},"elements":[{"from":[11,12,6],"to":[13,16,10],"rotation":{"angle":0,"axis":"y","origin":[7.5,3.64286,8]},"faces":{"north":{"uv":[4,1,5,3],"texture":"#1"},"east":{"uv":[0,0,2,2],"texture":"#1"},"south":{"uv":[4,3,5,5],"texture":"#1"},"west":{"uv":[0,2,2,4],"texture":"#1"},"up":{"uv":[1,7,0,5],"texture":"#1"},"down":{"uv":[2,5,1,7],"texture":"#1"}}},{"from":[2,12,6],"to":[4,16,10],"rotation":{"angle":0,"axis":"y","origin":[7.5,3.64286,8]},"faces":{"north":{"uv":[5,1,6,3],"texture":"#1"},"east":{"uv":[2,0,4,2],"texture":"#1"},"south":{"uv":[2,5,3,7],"texture":"#1"},"west":{"uv":[2,2,4,4],"texture":"#1"},"up":{"uv":[4,7,3,5],"texture":"#1"},"down":{"uv":[6,3,5,5],"texture":"#1"}}},{"from":[3,16,7],"to":[4,19,9],"rotation":{"angle":0,"axis":"y","origin":[7.5,18,8]},"faces":{"north":{"uv":[7,6,7.5,7.5],"texture":"#1"},"east":{"uv":[0,7,1,8.5],"texture":"#1"},"south":{"uv":[7.5,0,8,1.5],"texture":"#1"},"west":{"uv":[1,7,2,8.5],"texture":"#1"},"up":{"uv":[4,5,3.5,4],"texture":"#1"},"down":{"uv":[6.5,4,6,5],"texture":"#1"}}},{"from":[4,18,7],"to":[11,19,9],"rotation":{"angle":0,"axis":"y","origin":[7.5,18,8]},"faces":{"north":{"uv":[4,5,7.5,5.5],"texture":"#1"},"east":{"uv":[6.5,4,7.5,4.5],"texture":"#1"},"south":{"uv":[4,5.5,7.5,6],"texture":"#1"},"west":{"uv":[6.5,4.5,7.5,5],"texture":"#1"},"up":{"uv":[3.5,5,0,4],"texture":"#1"},"down":{"uv":[7.5,0,4,1],"texture":"#1"}}},{"from":[11,16,7],"to":[12,19,9],"rotation":{"angle":0,"axis":"y","origin":[7.5,18,8]},"faces":{"north":{"uv":[7.5,1.5,8,3],"texture":"#1"},"east":{"uv":[2,7,3,8.5],"texture":"#1"},"south":{"uv":[7.5,3,8,4.5],"texture":"#1"},"west":{"uv":[3,7,4,8.5],"texture":"#1"},"up":{"uv":[7.5,8.5,7,7.5],"texture":"#1"},"down":{"uv":[8,7.5,7.5,8.5],"texture":"#1"}}},{"from":[12.5,12.75,6.75],"to":[13.5,15.25,9.25],"rotation":{"angle":0,"axis":"y","origin":[7.5,3.64286,8]},"faces":{"north":{"uv":[4,7.5,4.5,8.75],"texture":"#1"},"east":{"uv":[6,1,7.25,2.25],"texture":"#1"},"south":{"uv":[4.5,7.5,5,8.75],"texture":"#1"},"west":{"uv":[6,2.5,7.25,3.75],"texture":"#1"},"up":{"uv":[8,5.75,7.5,4.5],"texture":"#1"},"down":{"uv":[5.5,7.5,5,8.75],"texture":"#1"}}},{"from":[1.5,12.75,6.75],"to":[2.5,15.25,9.25],"rotation":{"angle":0,"axis":"y","origin":[7.5,3.64286,8]},"faces":{"north":{"uv":[5.5,7.5,6,8.75],"texture":"#1"},"east":{"uv":[4,6,5.25,7.25],"texture":"#1"},"south":{"uv":[6,7.5,6.5,8.75],"texture":"#1"},"west":{"uv":[5.5,6,6.75,7.25],"texture":"#1"},"up":{"uv":[8,7.25,7.5,6],"texture":"#1"},"down":{"uv":[7,7.5,6.5,8.75],"texture":"#1"}}}],"display":{"thirdperson_righthand":{"rotation":[70,0,0],"translation":[0,-2.25,-5.75],"scale":[0.7,0.7,0.7]},"thirdperson_lefthand":{"rotation":[70,0,0],"translation":[0,-2.25,-5.75],"scale":[0.7,0.7,0.7]},"firstperson_righthand":{"translation":[-2,-2,0]},"firstperson_lefthand":{"translation":[-2,-2,0]},"ground":{"translation":[0,-4.5,0]},"gui":{"rotation":[21.25,-31.25,0],"translation":[0.5,-8.5,0],"scale":[1.25195,1.25195,1.25195]},"head":{"translation":[1,-11.5,0.5],"scale":[1.8,1.8,1.8]},"fixed":{"translation":[0.5,-10.5,-0.75],"scale":[1.53711,1.53711,1.53711]}}}