{"credit":"Made with Blockbench","texture_size":[64,64],"textures":{"0":"custom_cosmetics:hornhat","particle":"custom_cosmetics:hornhat"},"elements":[{"from":[3.5,0,3.5],"to":[12.5,12,12.5],"rotation":{"angle":0,"axis":"y","origin":[6.5,4.5,6.5]},"faces":{"north":{"uv":[4,0,6.25,3],"texture":"#0"},"east":{"uv":[4,3,6.25,6],"texture":"#0"},"south":{"uv":[4,6,6.25,9],"texture":"#0"},"west":{"uv":[6.25,0,8.5,3],"texture":"#0"},"up":{"uv":[8.5,5.25,6.25,3],"texture":"#0"},"down":{"uv":[8.5,5.25,6.25,7.5],"texture":"#0"}}},{"from":[0,0,0],"to":[16,0,16],"rotation":{"angle":0,"axis":"y","origin":[6.5,4.5,6.5]},"faces":{"north":{"uv":[0,0,4,0],"texture":"#0"},"east":{"uv":[0,0,4,0],"texture":"#0"},"south":{"uv":[0,0,4,0],"texture":"#0"},"west":{"uv":[0,0,4,0],"texture":"#0"},"up":{"uv":[4,4,0,0],"texture":"#0"},"down":{"uv":[4,4,0,8],"texture":"#0"}}},{"from":[1.75,4,7],"to":[4.25,6,9],"rotation":{"angle":-22.5,"axis":"z","origin":[2.5,5,8]},"faces":{"north":{"uv":[2,8,2.75,8.5],"texture":"#0"},"east":{"uv":[3.5,8,4,8.5],"texture":"#0"},"south":{"uv":[2.75,8,3.5,8.5],"texture":"#0"},"west":{"uv":[2,8.5,2.5,9],"texture":"#0"},"up":{"uv":[9,8,8.25,7.5],"texture":"#0"},"down":{"uv":[9,8,8.25,8.5],"texture":"#0"}}},{"from":[-0.19291,4.28701,7],"to":[1.80709,8.28701,9],"rotation":{"angle":-22.5,"axis":"z","origin":[1.80709,5.28701,8]},"faces":{"north":{"uv":[6.25,7.5,6.75,8.5],"texture":"#0"},"east":{"uv":[6.75,7.5,7.25,8.5],"texture":"#0"},"south":{"uv":[7.25,7.5,7.75,8.5],"texture":"#0"},"west":{"uv":[7.75,7.5,8.25,8.5],"texture":"#0"},"up":{"uv":[9,2.5,8.5,2],"texture":"#0"},"down":{"uv":[3,8.5,2.5,9],"texture":"#0"}}},{"from":[12.05,3.6,7],"to":[14.55,5.6,9],"rotation":{"angle":22.5,"axis":"z","origin":[13.25,4,8]},"faces":{"north":{"uv":[8.5,0,9.25,0.5],"texture":"#0"},"east":{"uv":[8.5,2.5,9,3],"texture":"#0"},"south":{"uv":[8.5,0.5,9.25,1],"texture":"#0"},"west":{"uv":[3,8.5,3.5,9],"texture":"#0"},"up":{"uv":[9.25,1.5,8.5,1],"texture":"#0"},"down":{"uv":[9.25,1.5,8.5,2],"texture":"#0"}}},{"from":[14.55,3.6,7],"to":[16.55,7.6,9],"rotation":{"angle":22.5,"axis":"z","origin":[13.25,4,8]},"faces":{"north":{"uv":[0,8,0.5,9],"texture":"#0"},"east":{"uv":[0.5,8,1,9],"texture":"#0"},"south":{"uv":[1,8,1.5,9],"texture":"#0"},"west":{"uv":[1.5,8,2,9],"texture":"#0"},"up":{"uv":[9,3.5,8.5,3],"texture":"#0"},"down":{"uv":[4,8.5,3.5,9],"texture":"#0"}}}],"display":{"thirdperson_righthand":{"rotation":[70,0,0],"scale":[0.5,0.5,0.5]},"thirdperson_lefthand":{"rotation":[70,0,0],"scale":[0.5,0.5,0.5]},"firstperson_righthand":{"translation":[0,4,0],"scale":[0.5,0.5,0.5]},"firstperson_lefthand":{"translation":[0,4,0],"scale":[0.5,0.5,0.5]},"ground":{"translation":[0,9,0]},"gui":{"rotation":[25,-45,0],"translation":[0,2,0],"scale":[0.7,0.7,0.7]},"head":{"rotation":[3,0,0],"translation":[0,14.75,0.5],"scale":[1.5,1.5,1.5]},"fixed":{"translation":[0,2.5,0]}}}