{"credit":"Made with Blockbench","texture_size":[64,64],"textures":{"0":"custom_cosmetics:knight_hat","particle":"custom_cosmetics:knight_hat"},"elements":[{"from":[0.75,-3.75,2.5],"to":[15.25,0.75,16.5],"rotation":{"angle":-22.5,"axis":"x","origin":[0,0,0]},"faces":{"north":{"uv":[3.5,9.5,7.25,10.75],"texture":"#0"},"east":{"uv":[0,10,3.5,11.25],"texture":"#0"},"south":{"uv":[7.25,9.5,11,10.75],"texture":"#0"},"west":{"uv":[10.5,8,14,9.25],"texture":"#0"},"up":{"uv":[3.75,3.5,0,0],"texture":"#0"},"down":{"uv":[3.75,3.5,0,7],"texture":"#0"}}},{"from":[1,10,3],"to":[15,14,15],"faces":{"north":{"uv":[10.5,10.75,14,11.75],"texture":"#0"},"east":{"uv":[11,9.25,14,10.25],"texture":"#0"},"south":{"uv":[11,4.5,14.5,5.5],"texture":"#0"},"west":{"uv":[11.25,3.25,14.25,4.25],"texture":"#0"},"up":{"uv":[7.25,9.5,3.75,6.5],"texture":"#0"},"down":{"uv":[3.5,7,0,10],"texture":"#0"}}},{"from":[4,15.75,-4],"to":[11.75,24.75,-4],"rotation":{"angle":22.5,"axis":"x","origin":[0,0,0]},"faces":{"north":{"uv":[0,11.25,2,13],"rotation":270,"texture":"#0"},"east":{"uv":[2,0,0,0],"rotation":90,"texture":"#0"},"south":{"uv":[11.25,1.5,13.25,3.25],"rotation":90,"texture":"#0"},"west":{"uv":[2,0,0,0],"rotation":90,"texture":"#0"},"up":{"uv":[0,0,0,1.75],"rotation":90,"texture":"#0"},"down":{"uv":[0,0,0,1.75],"rotation":90,"texture":"#0"}}},{"from":[0,10,-5],"to":[16,16,8],"rotation":{"angle":22.5,"axis":"x","origin":[0,0,0]},"faces":{"north":{"uv":[7.25,6.5,11.25,8],"texture":"#0"},"east":{"uv":[7.75,4.5,11,6],"texture":"#0"},"south":{"uv":[7.75,0,11.75,1.5],"texture":"#0"},"west":{"uv":[7.25,8,10.5,9.5],"texture":"#0"},"up":{"uv":[7.75,3.25,3.75,0],"texture":"#0"},"down":{"uv":[7.75,3.25,3.75,6.5],"texture":"#0"}}},{"from":[6,9.5,-5.5],"to":[10,16.5,2.5],"rotation":{"angle":22.5,"axis":"x","origin":[0,0,0]},"faces":{"north":{"uv":[2.75,13.25,3.75,15],"texture":"#0"},"east":{"uv":[11.25,5.5,13.25,7.25],"texture":"#0"},"south":{"uv":[3.75,13.25,4.75,15],"texture":"#0"},"west":{"uv":[10.5,11.75,12.5,13.5],"texture":"#0"},"up":{"uv":[8.25,14,7.25,12],"texture":"#0"},"down":{"uv":[9.25,12,8.25,14],"texture":"#0"}}},{"from":[6,-4.25,2],"to":[10,1.75,5],"rotation":{"angle":-22.5,"axis":"x","origin":[0,0,0]},"faces":{"north":{"uv":[7,14,8,15.5],"texture":"#0"},"east":{"uv":[11.75,13.5,12.5,15],"texture":"#0"},"south":{"uv":[14,7.25,15,8.75],"texture":"#0"},"west":{"uv":[8,14,8.75,15.5],"texture":"#0"},"up":{"uv":[3,12,2,11.25],"texture":"#0"},"down":{"uv":[12.25,7.25,11.25,8],"texture":"#0"}}},{"from":[6,12.5,8.5],"to":[10,14.5,15.5],"faces":{"north":{"uv":[11,10.25,12,10.75],"texture":"#0"},"east":{"uv":[7.75,6,9.5,6.5],"texture":"#0"},"south":{"uv":[12,10.25,13,10.75],"texture":"#0"},"west":{"uv":[9.5,6,11.25,6.5],"texture":"#0"},"up":{"uv":[5.75,15,4.75,13.25],"texture":"#0"},"down":{"uv":[14.25,5.5,13.25,7.25],"texture":"#0"}}},{"from":[1,4.5,10],"to":[15,10,15],"faces":{"north":{"uv":[7.75,1.5,11.25,3],"texture":"#0"},"east":{"uv":[9.25,12,10.5,13.5],"texture":"#0"},"south":{"uv":[7.75,3,11.25,4.5],"texture":"#0"},"west":{"uv":[1.5,13.25,2.75,14.75],"texture":"#0"},"up":{"uv":[7,12,3.5,10.75],"texture":"#0"},"down":{"uv":[10.5,10.75,7,12],"texture":"#0"}}}],"gui_light":"front","display":{"thirdperson_righthand":{"rotation":[70.5,0,0],"translation":[-6,0.75,15.5],"scale":[0.69922,0.69922,0.69922]},"ground":{"translation":[0,2,0],"scale":[0.4707,0.4707,0.4707]},"gui":{"rotation":[-176.84,44.5,-177.15],"translation":[-0.75,-1.25,0],"scale":[0.56445,0.56445,0.56445]},"head":{"rotation":[3.5,0,0],"translation":[0,0.75,-0.5],"scale":[1.12891,1.12891,1.12891]},"fixed":{"translation":[0,0,-7.5],"scale":[0.76563,0.76563,0.76563]}}}