{"credit":"Made with Blockbench","texture_size":[64,64],"textures":{"0":"custom_cosmetics:knight_backpack","particle":"custom_cosmetics:knight_backpack"},"elements":[{"from":[2,0,7],"to":[14,16,9],"faces":{"north":{"uv":[0,0,3,4],"texture":"#0"},"east":{"uv":[0,5.75,0.5,9.75],"texture":"#0"},"south":{"uv":[3,0,6,4],"texture":"#0"},"west":{"uv":[0.5,5.75,1,9.75],"texture":"#0"},"up":{"uv":[4,6.25,1,5.75],"texture":"#0"},"down":{"uv":[7,5.75,4,6.25],"texture":"#0"}}},{"from":[7,6,9],"to":[9,11,11],"faces":{"north":{"uv":[6,1.5,6.5,2.75],"texture":"#0"},"east":{"uv":[6,2.75,6.5,4],"texture":"#0"},"south":{"uv":[1,6.25,1.5,7.5],"texture":"#0"},"west":{"uv":[1.5,6.25,2,7.5],"texture":"#0"},"up":{"uv":[2.5,6.75,2,6.25],"texture":"#0"},"down":{"uv":[3,6.25,2.5,6.75],"texture":"#0"}}},{"from":[1,17,6],"to":[15,20,10],"rotation":{"angle":22.5,"axis":"x","origin":[0,16,0]},"faces":{"north":{"uv":[0,5,3.5,5.75],"texture":"#0"},"east":{"uv":[6,0,7,0.75],"texture":"#0"},"south":{"uv":[3.5,5,7,5.75],"texture":"#0"},"west":{"uv":[6,0.75,7,1.5],"texture":"#0"},"up":{"uv":[3.5,5,0,4],"texture":"#0"},"down":{"uv":[7,4,3.5,5],"texture":"#0"}}},{"from":[1,-4,6],"to":[15,-1,10],"rotation":{"angle":-22.5,"axis":"x","origin":[0,0,0]},"faces":{"north":{"uv":[0,5.75,3.5,5],"texture":"#0"},"east":{"uv":[6,0.75,7,0],"texture":"#0"},"south":{"uv":[3.5,5.75,7,5],"texture":"#0"},"west":{"uv":[6,1.5,7,0.75],"texture":"#0"},"up":{"uv":[7,5,3.5,4],"texture":"#0"},"down":{"uv":[3.5,4,0,5],"texture":"#0"}}},{"from":[4,1.75,6.25],"to":[11.75,11.75,6.25],"faces":{"north":{"uv":[0,11.25,2,13],"rotation":270,"texture":"#0"},"east":{"uv":[2,0,0,0],"rotation":90,"texture":"#0"},"south":{"uv":[11.25,1.5,13.25,3.25],"rotation":90,"texture":"#0"},"west":{"uv":[2,0,0,0],"rotation":90,"texture":"#0"},"up":{"uv":[0,0,0,1.75],"rotation":90,"texture":"#0"},"down":{"uv":[0,0,0,1.75],"rotation":90,"texture":"#0"}}},{"from":[3,15.75,8.25],"to":[10.75,26.75,8.25],"rotation":{"angle":-22.5,"axis":"z","origin":[0,0,0]},"faces":{"north":{"uv":[0,11.25,2,13],"rotation":270,"texture":"#0"},"east":{"uv":[2,0,0,0],"rotation":90,"texture":"#0"},"south":{"uv":[11.25,1.5,13.25,3.25],"rotation":90,"texture":"#0"},"west":{"uv":[2,0,0,0],"rotation":90,"texture":"#0"},"up":{"uv":[0,0,0,1.75],"rotation":90,"texture":"#0"},"down":{"uv":[0,0,0,1.75],"rotation":90,"texture":"#0"}}},{"from":[1,14.75,2.25],"to":[8.75,25.75,2.25],"rotation":{"angle":22.5,"axis":"x","origin":[0,0,0]},"faces":{"north":{"uv":[0,11.25,2,13],"rotation":270,"texture":"#0"},"east":{"uv":[2,0,0,0],"rotation":90,"texture":"#0"},"south":{"uv":[11.25,1.5,13.25,3.25],"rotation":90,"texture":"#0"},"west":{"uv":[2,0,0,0],"rotation":90,"texture":"#0"},"up":{"uv":[0,0,0,1.75],"rotation":90,"texture":"#0"},"down":{"uv":[0,0,0,1.75],"rotation":90,"texture":"#0"}}}],"gui_light":"front","display":{"thirdperson_righthand":{"rotation":[-18.88,-65.61,-10.24],"translation":[2.5,-2,0.75]},"thirdperson_lefthand":{"rotation":[-100.17,-6.63,162.76],"translation":[-5.75,-7.75,6.75],"scale":[0.96484,0.96484,0.96484]},"gui":{"rotation":[-176.28,21.57,-161.9],"translation":[-0.25,-1,0],"scale":[0.66406,0.66406,0.65039]},"head":{"rotation":[-165.7,-3.53,-162.14],"translation":[0,-53.25,6.5],"scale":[1.61914,1.61914,1.61914]},"fixed":{"rotation":[0,-10.25,18.25],"translation":[0,-0.5,-3]}}}