{"credit":"Made with Blockbench","texture_size":[32,32],"textures":{"0":"custom_cosmetics:knight_hand","particle":"custom_cosmetics:knight_hand"},"elements":[{"from":[5,4,8.25],"to":[11,6,9.75],"rotation":{"angle":0,"axis":"y","origin":[0,5,0]},"faces":{"north":{"uv":[8,0,11,1],"texture":"#0"},"east":{"uv":[10.5,7.5,11.5,8.5],"texture":"#0"},"south":{"uv":[8,1,11,2],"texture":"#0"},"west":{"uv":[11,2.5,12,3.5],"texture":"#0"},"up":{"uv":[11,3,8,2],"texture":"#0"},"down":{"uv":[11,3,8,4],"texture":"#0"}}},{"from":[4,6,9],"to":[12,31,9],"rotation":{"angle":0,"axis":"y","origin":[0,5,0]},"faces":{"north":{"uv":[0,0,4,12.5],"texture":"#0"},"east":{"uv":[0,0,0,12.5],"texture":"#0"},"south":{"uv":[4,0,8,12.5],"texture":"#0"},"west":{"uv":[0,0,0,12.5],"texture":"#0"},"up":{"uv":[4,0,0,0],"texture":"#0"},"down":{"uv":[4,0,0,0],"texture":"#0"}}},{"from":[7.25,-1,8.5],"to":[8.75,4,9.5],"rotation":{"angle":0,"axis":"y","origin":[0,5,0]},"faces":{"north":{"uv":[8,4,9,6.5],"texture":"#0"},"east":{"uv":[10.5,5,11,7.5],"texture":"#0"},"south":{"uv":[8,6.5,9,9],"texture":"#0"},"west":{"uv":[11,0,11.5,2.5],"texture":"#0"},"up":{"uv":[12,6.5,11,6],"texture":"#0"},"down":{"uv":[12,6.5,11,7],"texture":"#0"}}},{"from":[6.75,3,8.25],"to":[9.25,4,9.75],"rotation":{"angle":0,"axis":"y","origin":[0,5,0]},"faces":{"north":{"uv":[10.5,8.5,12,9],"texture":"#0"},"east":{"uv":[11,7,12,7.5],"texture":"#0"},"south":{"uv":[11,3.5,12.5,4],"texture":"#0"},"west":{"uv":[11,9,12,9.5],"texture":"#0"},"up":{"uv":[10.5,8,9,7],"texture":"#0"},"down":{"uv":[9.5,9,8,10],"texture":"#0"}}},{"from":[2,6,8.5],"to":[5,8,9.5],"rotation":{"angle":-22.5,"axis":"z","origin":[0,5,0]},"faces":{"north":{"uv":[9,8,10.5,9],"texture":"#0"},"east":{"uv":[10,11,10.5,12],"texture":"#0"},"south":{"uv":[9.5,9,11,10],"texture":"#0"},"west":{"uv":[10.5,11,11,12],"texture":"#0"},"up":{"uv":[12.5,5.5,11,5],"texture":"#0"},"down":{"uv":[12.5,5.5,11,6],"texture":"#0"}}},{"from":[11,6,8.5],"to":[14,8,9.5],"rotation":{"angle":22.5,"axis":"z","origin":[16,5,0]},"faces":{"north":{"uv":[10.5,8,9,9],"texture":"#0"},"east":{"uv":[11,11,10.5,12],"texture":"#0"},"south":{"uv":[11,9,9.5,10],"texture":"#0"},"west":{"uv":[10.5,11,10,12],"texture":"#0"},"up":{"uv":[11,5.5,12.5,5],"texture":"#0"},"down":{"uv":[11,5.5,12.5,6],"texture":"#0"}}},{"from":[4.5,-1.75,8],"to":[7.5,1.25,10],"rotation":{"angle":45,"axis":"z","origin":[0,5,0]},"faces":{"north":{"uv":[9,4,10.5,5.5],"texture":"#0"},"east":{"uv":[8,10,9,11.5],"texture":"#0"},"south":{"uv":[9,5.5,10.5,7],"texture":"#0"},"west":{"uv":[9,10,10,11.5],"texture":"#0"},"up":{"uv":[11.5,11,10,10],"texture":"#0"},"down":{"uv":[12,4,10.5,5],"texture":"#0"}}},{"from":[0.75,11.75,8.75],"to":[8.5,20.75,8.75],"rotation":{"angle":-45,"axis":"z","origin":[0,0,0]},"faces":{"north":{"uv":[12,12,15.875,16],"texture":"#0"},"east":{"uv":[0,0,0,4.5],"texture":"#0"},"south":{"uv":[12,12,15.875,16],"texture":"#0"},"west":{"uv":[0,0,0,4.5],"texture":"#0"},"up":{"uv":[0,0,3.875,0],"texture":"#0"},"down":{"uv":[0,0,3.875,0],"texture":"#0"}}},{"from":[7.5,11.75,9.25],"to":[15.25,20.75,9.25],"rotation":{"angle":45,"axis":"z","origin":[16,0,0]},"faces":{"north":{"uv":[15.875,12,12,16],"texture":"#0"},"east":{"uv":[0,0,0,4.5],"texture":"#0"},"south":{"uv":[15.875,12,12,16],"texture":"#0"},"west":{"uv":[0,0,0,4.5],"texture":"#0"},"up":{"uv":[3.875,0,0,0],"texture":"#0"},"down":{"uv":[3.875,0,0,0],"texture":"#0"}}}],"gui_light":"front","display":{"thirdperson_righthand":{"rotation":[163.13,-76.4,152.5],"translation":[0,3.75,1.5],"scale":[0.72656,0.72656,0.72656]},"thirdperson_lefthand":{"rotation":[-34.83,81.18,41.21],"translation":[-0.75,4,1.5],"scale":[0.6543,0.6543,0.6543]},"firstperson_righthand":{"rotation":[-2.25,-79.25,0],"translation":[1.5,2.5,0],"scale":[0.56641,0.56641,0.56641]},"firstperson_lefthand":{"rotation":[-2.25,-77,0],"translation":[1.5,2.5,-0.75],"scale":[0.54688,0.54688,0.54688]},"gui":{"rotation":[0,0,-40.5],"translation":[-2.5,-3,0],"scale":[0.62305,0.62305,0.62305]},"fixed":{"rotation":[0,0,21.25],"translation":[1.5,-4,-2.25],"scale":[0.85547,0.85547,0.85547]}}}