{"credit":"Made with Blockbench","texture_size":[128,128],"textures":{"2":"animated_wings:nature_wings"},"elements":[{"from":[7.77162,7.46199,9.25],"to":[17.27162,8.96199,10.75],"rotation":{"angle":45,"axis":"z","origin":[15.30051,6.28798,10]},"faces":{"north":{"uv":[2.25,0,4.625,0.375],"texture":"#2"},"east":{"uv":[3.5,2,3.875,2.375],"texture":"#2"},"south":{"uv":[4.625,0,2.25,0.375],"texture":"#2"},"west":{"uv":[3.5,2.375,3.875,2.75],"texture":"#2"},"up":{"uv":[4.625,1.125,2.25,0.75],"texture":"#2"},"down":{"uv":[4.625,1.125,2.25,1.5],"texture":"#2"}}},{"from":[14.31219,7.54064,8.75],"to":[16.81219,10.04064,11.25],"rotation":{"angle":0,"axis":"y","origin":[15.30051,6.28798,10]},"faces":{"north":{"uv":[2.25,1.5,2.875,2.125],"texture":"#2"},"east":{"uv":[2.25,2.125,2.875,2.75],"texture":"#2"},"south":{"uv":[2.25,1.5,2.875,2.125],"texture":"#2"},"west":{"uv":[2.875,1.5,3.5,2.125],"texture":"#2"},"up":{"uv":[3.5,2.75,2.875,2.125],"texture":"#2"},"down":{"uv":[3.5,2.75,2.875,3.375],"texture":"#2"}}},{"from":[15.27849,8.23206,9.5],"to":[19.27849,9.73206,10.5],"rotation":{"angle":-22.5,"axis":"z","origin":[15.30051,6.28798,10]},"faces":{"north":{"uv":[2.25,3.375,3.25,3.75],"texture":"#2"},"east":{"uv":[3.5,2.75,3.75,3.125],"texture":"#2"},"south":{"uv":[3.25,3.375,4.25,3.75],"texture":"#2"},"west":{"uv":[2.25,3.75,2.5,4.125],"texture":"#2"},"up":{"uv":[4.5,1.75,3.5,1.5],"texture":"#2"},"down":{"uv":[4.5,1.75,3.5,2],"texture":"#2"}}},{"from":[11.27399,-0.77244,9.9955],"to":[20.47173,8.23656,10.0045],"rotation":{"angle":-22.5,"axis":"z","origin":[15.30051,6.28798,10]},"faces":{"north":{"uv":[0,0,2.25,2.25],"texture":"#2"},"east":{"uv":[0,0,0,2.25],"texture":"#2"},"south":{"uv":[2.25,0,0,2.25],"texture":"#2"},"west":{"uv":[0,0,0,2.25],"texture":"#2"},"up":{"uv":[2.25,0,0,0],"texture":"#2"},"down":{"uv":[2.25,0,0,0],"texture":"#2"}}},{"from":[11.27849,-0.76794,9.75],"to":[20.46723,8.23206,9.75],"rotation":{"angle":-22.5,"axis":"z","origin":[15.30051,6.28798,10]},"faces":{"north":{"uv":[2.5,3.75,4.75,6],"texture":"#2"},"east":{"uv":[0,0,0,2.25],"texture":"#2"},"south":{"uv":[4.75,3.75,2.5,6],"texture":"#2"},"west":{"uv":[0,0,0,2.25],"texture":"#2"},"up":{"uv":[2.25,0,0,0],"texture":"#2"},"down":{"uv":[2.25,0,0,0],"texture":"#2"}}},{"from":[8.27849,-5.76794,10],"to":[23.27849,5.23206,10],"rotation":{"angle":0,"axis":"y","origin":[15.30051,6.28798,10]},"faces":{"north":{"uv":[0,6.25,3.75,9],"texture":"#2"},"east":{"uv":[0,0,0,1.375],"texture":"#2"},"south":{"uv":[3.75,6.25,0,9],"texture":"#2"},"west":{"uv":[0,0,0,1.375],"texture":"#2"},"up":{"uv":[1.875,0,0,0],"texture":"#2"},"down":{"uv":[1.875,0,0,0],"texture":"#2"}}},{"from":[-7.27849,-5.76794,10],"to":[7.72151,5.23206,10],"rotation":{"angle":0,"axis":"y","origin":[0.69949,6.28798,10]},"faces":{"north":{"uv":[3.75,6.25,0,9],"texture":"#2"},"east":{"uv":[0,0,0,1.375],"texture":"#2"},"south":{"uv":[0,6.25,3.75,9],"texture":"#2"},"west":{"uv":[0,0,0,1.375],"texture":"#2"},"up":{"uv":[0,0,1.875,0],"texture":"#2"},"down":{"uv":[0,0,1.875,0],"texture":"#2"}}},{"from":[11.27849,-0.76794,10.25],"to":[20.46723,8.23206,10.25],"rotation":{"angle":-22.5,"axis":"z","origin":[15.30051,6.28798,10]},"faces":{"north":{"uv":[2.5,3.75,4.75,6],"texture":"#2"},"east":{"uv":[0,0,0,2.25],"texture":"#2"},"south":{"uv":[4.75,3.75,2.5,6],"texture":"#2"},"west":{"uv":[0,0,0,2.25],"texture":"#2"},"up":{"uv":[2.25,0,0,0],"texture":"#2"},"down":{"uv":[2.25,0,0,0],"texture":"#2"}}},{"from":[6.87471,-1.09882,10],"to":[24.87471,10.90118,10],"rotation":{"angle":0,"axis":"y","origin":[15.30051,6.28798,10]},"faces":{"north":{"uv":[4.75,3,9.25,6],"texture":"#2"},"east":{"uv":[0,0,0,2.25],"texture":"#2"},"south":{"uv":[9.25,2.875,4.75,5.875],"texture":"#2"},"west":{"uv":[0,0,0,2.25],"texture":"#2"},"up":{"uv":[4.5,0,0,0],"texture":"#2"},"down":{"uv":[4.5,0,0,0],"texture":"#2"}}},{"from":[14.06219,7.29064,8.5],"to":[17.06219,10.29064,11.5],"rotation":{"angle":0,"axis":"y","origin":[15.30051,6.28798,10]},"faces":{"north":{"uv":[3.75,2.75,4.375,3.375],"texture":"#2"},"east":{"uv":[3.875,2,4.5,2.625],"texture":"#2"},"south":{"uv":[4.625,0,5.25,0.625],"texture":"#2"},"west":{"uv":[4.625,0.625,5.25,1.25],"texture":"#2"},"up":{"uv":[5.875,0.625,5.25,0],"texture":"#2"},"down":{"uv":[5.875,0.625,5.25,1.25],"texture":"#2"}}},{"from":[7.64662,7.33699,9.125],"to":[17.39662,9.08699,10.875],"rotation":{"angle":45,"axis":"z","origin":[15.30051,6.28798,10]},"faces":{"north":{"uv":[0,4.125,2.375,4.5],"texture":"#2"},"east":{"uv":[0,2.25,0.375,2.625],"texture":"#2"},"south":{"uv":[0,4.5,2.375,4.875],"texture":"#2"},"west":{"uv":[0.375,2.25,0.75,2.625],"texture":"#2"},"up":{"uv":[6.875,1.875,4.5,1.5],"texture":"#2"},"down":{"uv":[6.875,1.875,4.5,2.25],"texture":"#2"}}},{"from":[-1.27162,7.46199,9.25],"to":[8.22838,8.96199,10.75],"rotation":{"angle":-45,"axis":"z","origin":[0.69949,6.28798,10]},"faces":{"north":{"uv":[4.625,0,2.25,0.375],"texture":"#2"},"east":{"uv":[3.875,2.375,3.5,2.75],"texture":"#2"},"south":{"uv":[2.25,0,4.625,0.375],"texture":"#2"},"west":{"uv":[3.875,2,3.5,2.375],"texture":"#2"},"up":{"uv":[2.25,1.125,4.625,0.75],"texture":"#2"},"down":{"uv":[2.25,1.125,4.625,1.5],"texture":"#2"}}},{"from":[-0.81219,7.54064,8.75],"to":[1.68781,10.04064,11.25],"rotation":{"angle":0,"axis":"y","origin":[0.69949,6.28798,10]},"faces":{"north":{"uv":[2.875,1.5,2.25,2.125],"texture":"#2"},"east":{"uv":[3.5,1.5,2.875,2.125],"texture":"#2"},"south":{"uv":[2.875,1.5,2.25,2.125],"texture":"#2"},"west":{"uv":[2.875,2.125,2.25,2.75],"texture":"#2"},"up":{"uv":[2.875,2.75,3.5,2.125],"texture":"#2"},"down":{"uv":[2.875,2.75,3.5,3.375],"texture":"#2"}}},{"from":[-3.27849,8.23206,9.5],"to":[0.72151,9.73206,10.5],"rotation":{"angle":22.5,"axis":"z","origin":[0.69949,6.28798,10]},"faces":{"north":{"uv":[3.25,3.375,2.25,3.75],"texture":"#2"},"east":{"uv":[2.5,3.75,2.25,4.125],"texture":"#2"},"south":{"uv":[4.25,3.375,3.25,3.75],"texture":"#2"},"west":{"uv":[3.75,2.75,3.5,3.125],"texture":"#2"},"up":{"uv":[3.5,1.75,4.5,1.5],"texture":"#2"},"down":{"uv":[3.5,1.75,4.5,2],"texture":"#2"}}},{"from":[-4.47173,-0.77244,9.9955],"to":[4.72601,8.23656,10.0045],"rotation":{"angle":22.5,"axis":"z","origin":[0.69949,6.28798,10]},"faces":{"north":{"uv":[2.25,0,0,2.25],"texture":"#2"},"east":{"uv":[0,0,0,2.25],"texture":"#2"},"south":{"uv":[0,0,2.25,2.25],"texture":"#2"},"west":{"uv":[0,0,0,2.25],"texture":"#2"},"up":{"uv":[0,0,2.25,0],"texture":"#2"},"down":{"uv":[0,0,2.25,0],"texture":"#2"}}},{"from":[-4.46723,-0.76794,9.75],"to":[4.72151,8.23206,9.75],"rotation":{"angle":22.5,"axis":"z","origin":[0.69949,6.28798,10]},"faces":{"north":{"uv":[4.75,3.75,2.5,6],"texture":"#2"},"east":{"uv":[0,0,0,2.25],"texture":"#2"},"south":{"uv":[2.5,3.75,4.75,6],"texture":"#2"},"west":{"uv":[0,0,0,2.25],"texture":"#2"},"up":{"uv":[0,0,2.25,0],"texture":"#2"},"down":{"uv":[0,0,2.25,0],"texture":"#2"}}},{"from":[-4.46723,-0.76794,10.25],"to":[4.72151,8.23206,10.25],"rotation":{"angle":22.5,"axis":"z","origin":[0.69949,6.28798,10]},"faces":{"north":{"uv":[4.75,3.75,2.5,6],"texture":"#2"},"east":{"uv":[0,0,0,2.25],"texture":"#2"},"south":{"uv":[2.5,3.75,4.75,6],"texture":"#2"},"west":{"uv":[0,0,0,2.25],"texture":"#2"},"up":{"uv":[0,0,2.25,0],"texture":"#2"},"down":{"uv":[0,0,2.25,0],"texture":"#2"}}},{"from":[-8.87471,-1.09882,10],"to":[9.12529,10.90118,10],"rotation":{"angle":0,"axis":"y","origin":[0.69949,6.28798,10]},"faces":{"north":{"uv":[9.25,3,4.75,6],"texture":"#2"},"east":{"uv":[0,0,0,2.25],"texture":"#2"},"south":{"uv":[4.75,2.875,9.25,5.875],"texture":"#2"},"west":{"uv":[0,0,0,2.25],"texture":"#2"},"up":{"uv":[0,0,4.5,0],"texture":"#2"},"down":{"uv":[0,0,4.5,0],"texture":"#2"}}},{"from":[-1.06219,7.29064,8.5],"to":[1.93781,10.29064,11.5],"rotation":{"angle":0,"axis":"y","origin":[0.69949,6.28798,10]},"faces":{"north":{"uv":[4.375,2.75,3.75,3.375],"texture":"#2"},"east":{"uv":[5.25,0.625,4.625,1.25],"texture":"#2"},"south":{"uv":[5.25,0,4.625,0.625],"texture":"#2"},"west":{"uv":[4.5,2,3.875,2.625],"texture":"#2"},"up":{"uv":[5.25,0.625,5.875,0],"texture":"#2"},"down":{"uv":[5.25,0.625,5.875,1.25],"texture":"#2"}}},{"from":[-1.39662,7.33699,9.125],"to":[8.35338,9.08699,10.875],"rotation":{"angle":-45,"axis":"z","origin":[0.69949,6.28798,10]},"faces":{"north":{"uv":[2.375,4.125,0,4.5],"texture":"#2"},"east":{"uv":[0.75,2.25,0.375,2.625],"texture":"#2"},"south":{"uv":[2.375,4.5,0,4.875],"texture":"#2"},"west":{"uv":[0.375,2.25,0,2.625],"texture":"#2"},"up":{"uv":[4.5,1.875,6.875,1.5],"texture":"#2"},"down":{"uv":[4.5,1.875,6.875,2.25],"texture":"#2"}}}],"gui_light":"front","display":{"thirdperson_righthand":{"translation":[0,0,-1.25],"scale":[0.5,0.5,0.5]},"thirdperson_lefthand":{"translation":[0,0,-1.25],"scale":[0.5,0.5,0.5]},"firstperson_righthand":{"translation":[1.5,5.25,2],"scale":[0.5,0.5,0.5]},"firstperson_lefthand":{"translation":[1.5,5.25,2],"scale":[0.5,0.5,0.5]},"ground":{"translation":[0,5.25,0],"scale":[0.5,0.5,0.5]},"gui":{"rotation":[0,0,-45],"translation":[2.25,2.25,0],"scale":[0.5,0.5,0.5]},"head":{"rotation":[4,0,0],"translation":[0,-50,1],"scale":[2,2,2]},"fixed":{"rotation":[0,0,45],"translation":[-1,1.5,-0.25],"scale":[0.5,0.5,0.5]}}}