{"credit":"Made with Blockbench","texture_size":[32,32],"textures":{"0":"custom_cosmetics:ninja_hand","particle":"custom_cosmetics:ninja_hand"},"elements":[{"from":[6,10,8],"to":[10,14,10],"faces":{"north":{"uv":[0,6.5,2,8.5],"texture":"#0"},"east":{"uv":[4,6.5,5,8.5],"texture":"#0"},"south":{"uv":[2,6.5,4,8.5],"texture":"#0"},"west":{"uv":[5,6.5,6,8.5],"texture":"#0"},"up":{"uv":[8,7.5,6,6.5],"texture":"#0"},"down":{"uv":[8,7.5,6,8.5],"texture":"#0"}}},{"from":[4,14,9],"to":[12,27,9],"faces":{"north":{"uv":[0,0,4,6.5],"texture":"#0"},"east":{"uv":[0,0,0,6.5],"texture":"#0"},"south":{"uv":[4,0,8,6.5],"texture":"#0"},"west":{"uv":[0,0,0,6.5],"texture":"#0"},"up":{"uv":[4,0,0,0],"texture":"#0"},"down":{"uv":[4,0,0,0],"texture":"#0"}}},{"from":[4,-3,9],"to":[12,10,9],"rotation":{"angle":0,"axis":"y","origin":[0,16,0]},"faces":{"north":{"uv":[0,6.5,4,0],"texture":"#0"},"east":{"uv":[0,6.5,0,0],"texture":"#0"},"south":{"uv":[4,6.5,8,0],"texture":"#0"},"west":{"uv":[0,6.5,0,0],"texture":"#0"},"up":{"uv":[4,0,0,0],"texture":"#0"},"down":{"uv":[4,0,0,0],"texture":"#0"}}},{"from":[-7,8,9],"to":[6,16,9],"faces":{"north":{"uv":[0,8.5,6.5,12.5],"texture":"#0"},"east":{"uv":[0,0,0,4],"texture":"#0"},"south":{"uv":[6.5,8.5,13,12.5],"texture":"#0"},"west":{"uv":[0,0,0,4],"texture":"#0"},"up":{"uv":[0,0,6.5,0],"texture":"#0"},"down":{"uv":[0,0,6.5,0],"texture":"#0"}}},{"from":[10,8,9],"to":[23,16,9],"rotation":{"angle":0,"axis":"y","origin":[16,0,0]},"faces":{"north":{"uv":[6.5,8.5,0,12.5],"texture":"#0"},"east":{"uv":[0,0,0,4],"texture":"#0"},"south":{"uv":[13,8.5,6.5,12.5],"texture":"#0"},"west":{"uv":[0,0,0,4],"texture":"#0"},"up":{"uv":[6.5,0,0,0],"texture":"#0"},"down":{"uv":[6.5,0,0,0],"texture":"#0"}}}],"gui_light":"front","display":{"thirdperson_lefthand":{"rotation":[13.36,-56.59,137.61],"translation":[4,-0.75,0],"scale":[0.50977,0.50977,0.50977]},"firstperson_righthand":{"rotation":[-35.99,-73.46,-38.26],"translation":[1.5,0.25,0],"scale":[0.29492,0.29492,0.29492]},"firstperson_lefthand":{"rotation":[17,-75,0],"translation":[1.5,0.25,0],"scale":[0.37695,0.37695,0.37695]},"ground":{"rotation":[62.97,18.05,29.05],"scale":[0.51367,0.51367,0.51367]},"gui":{"rotation":[-36.12,42.33,71.61],"translation":[1.25,-2,0],"scale":[0.66602,0.66602,0.66602]},"fixed":{"translation":[0,0,-5.25]}}}