{"credit":"Made with Blockbench","texture_size":[64,64],"textures":{"0":"custom_cosmetics:ninja_hat","particle":"custom_cosmetics:ninja_hat"},"elements":[{"from":[-0.25,2.75,-0.25],"to":[16.25,8.25,16.75],"rotation":{"angle":0,"axis":"y","origin":[0,-1,-0.25]},"faces":{"north":{"uv":[4.25,6.5,8.5,8],"texture":"#0"},"east":{"uv":[7.5,0,11.75,1.5],"texture":"#0"},"south":{"uv":[7.5,1.5,11.75,3],"texture":"#0"},"west":{"uv":[7.5,3,11.75,4.5],"texture":"#0"},"up":{"uv":[4.25,4.25,0,0],"texture":"#0"},"down":{"uv":[4.25,4.25,0,8.5],"texture":"#0"}}},{"from":[1.75,7.75,1.75],"to":[14.25,11.25,14.75],"rotation":{"angle":0,"axis":"y","origin":[0,-1,-0.25]},"faces":{"north":{"uv":[7.5,4.5,10.75,5.5],"texture":"#0"},"east":{"uv":[7.5,5.5,10.75,6.5],"texture":"#0"},"south":{"uv":[4.25,8,7.5,9],"texture":"#0"},"west":{"uv":[7.5,8,10.75,9],"texture":"#0"},"up":{"uv":[7.5,3.25,4.25,0],"texture":"#0"},"down":{"uv":[7.5,3.25,4.25,6.5],"texture":"#0"}}},{"from":[17.75,3.75,3],"to":[24.25,7.25,6],"rotation":{"angle":-45,"axis":"y","origin":[0,-1,-0.25]},"faces":{"north":{"uv":[0,8.5,1.25,9.5],"texture":"#0"},"east":{"uv":[3.75,9,4.5,10],"texture":"#0"},"south":{"uv":[1.25,8.5,2.5,9.5],"texture":"#0"},"west":{"uv":[4.5,9,5.25,10],"texture":"#0"},"up":{"uv":[3.75,9.25,2.5,8.5],"texture":"#0"},"down":{"uv":[9.75,6.5,8.5,7.25],"texture":"#0"}}},{"from":[-8.5,3.75,3.75],"to":[-2,7.25,6.75],"rotation":{"angle":45,"axis":"y","origin":[16,-1,-0.25]},"faces":{"north":{"uv":[1.25,8.5,0,9.5],"texture":"#0"},"east":{"uv":[5.25,9,4.5,10],"texture":"#0"},"south":{"uv":[2.5,8.5,1.25,9.5],"texture":"#0"},"west":{"uv":[4.5,9,3.75,10],"texture":"#0"},"up":{"uv":[2.5,9.25,3.75,8.5],"texture":"#0"},"down":{"uv":[8.5,6.5,9.75,7.25],"texture":"#0"}}}],"gui_light":"front","display":{"gui":{"rotation":[-137.89,-74.15,-150.87],"translation":[1.25,0.25,0],"scale":[0.6543,0.6543,0.6543]},"head":{"translation":[0,6.75,0]},"fixed":{"rotation":[0,58,0],"translation":[0,0,-5],"scale":[0.97266,0.97266,0.97266]}}}