{"credit":"Made with Blockbench","texture_size":[64,64],"textures":{"0":"custom_cosmetics:ninja_backpack","particle":"custom_cosmetics:ninja_backpack"},"elements":[{"from":[0.75,20.25,-2.5],"to":[15.25,25.75,11.65],"rotation":{"angle":0,"axis":"y","origin":[0,2,-4]},"faces":{"north":{"uv":[6.25,3,10,4.5],"texture":"#0"},"east":{"uv":[6.25,6,9.75,7.5],"texture":"#0"},"south":{"uv":[6.25,4.5,10,6],"texture":"#0"},"west":{"uv":[0,7,3.5,8.5],"texture":"#0"},"up":{"uv":[3.75,3.5,0,0],"texture":"#0"},"down":{"uv":[3.75,3.5,0,7],"texture":"#0"}}},{"from":[-2.25,6,19.55],"to":[7.75,18,19.55],"rotation":{"angle":-22.5,"axis":"x","origin":[1,2,-4]},"faces":{"north":{"uv":[3.75,0,6.25,3],"texture":"#0"},"east":{"uv":[0,0,0,3],"texture":"#0"},"south":{"uv":[3.75,3,6.25,6],"texture":"#0"},"west":{"uv":[0,0,0,3],"texture":"#0"},"up":{"uv":[2.5,0,0,0],"texture":"#0"},"down":{"uv":[2.5,0,0,0],"texture":"#0"}}},{"from":[-2.25,-16,11.05],"to":[7.75,-11.5,11.05],"rotation":{"angle":-45,"axis":"x","origin":[1,2,-4]},"faces":{"north":{"uv":[6.25,7.5,8.75,8.75],"texture":"#0"},"east":{"uv":[0,0,0,1.25],"texture":"#0"},"south":{"uv":[0,8.5,2.5,9.75],"texture":"#0"},"west":{"uv":[0,0,0,1.25],"texture":"#0"},"up":{"uv":[2.5,0,0,0],"texture":"#0"},"down":{"uv":[2.5,0,0,0],"texture":"#0"}}},{"from":[-2.25,2.75,16.25],"to":[7.75,14.75,16.25],"rotation":{"angle":0,"axis":"y","origin":[1,2,-4]},"faces":{"north":{"uv":[3.75,6,6.25,9],"texture":"#0"},"east":{"uv":[0,0,0,3],"texture":"#0"},"south":{"uv":[6.25,0,8.75,3],"texture":"#0"},"west":{"uv":[0,0,0,3],"texture":"#0"},"up":{"uv":[2.5,0,0,0],"texture":"#0"},"down":{"uv":[2.5,0,0,0],"texture":"#0"}}},{"from":[8.25,6,19.55],"to":[18.25,18,19.55],"rotation":{"angle":-22.5,"axis":"x","origin":[15,2,-4]},"faces":{"north":{"uv":[6.25,0,3.75,3],"texture":"#0"},"east":{"uv":[0,0,0,3],"texture":"#0"},"south":{"uv":[6.25,3,3.75,6],"texture":"#0"},"west":{"uv":[0,0,0,3],"texture":"#0"},"up":{"uv":[0,0,2.5,0],"texture":"#0"},"down":{"uv":[0,0,2.5,0],"texture":"#0"}}},{"from":[8.25,2.75,16.25],"to":[18.25,14.75,16.25],"rotation":{"angle":0,"axis":"y","origin":[15,2,-4]},"faces":{"north":{"uv":[6.25,6,3.75,9],"texture":"#0"},"east":{"uv":[0,0,0,3],"texture":"#0"},"south":{"uv":[8.75,0,6.25,3],"texture":"#0"},"west":{"uv":[0,0,0,3],"texture":"#0"},"up":{"uv":[0,0,2.5,0],"texture":"#0"},"down":{"uv":[0,0,2.5,0],"texture":"#0"}}},{"from":[8.25,-16,11.05],"to":[18.25,-11.5,11.05],"rotation":{"angle":-45,"axis":"x","origin":[15,2,-4]},"faces":{"north":{"uv":[8.75,7.5,6.25,8.75],"texture":"#0"},"east":{"uv":[0,0,0,1.25],"texture":"#0"},"south":{"uv":[2.5,8.5,0,9.75],"texture":"#0"},"west":{"uv":[0,0,0,1.25],"texture":"#0"},"up":{"uv":[0,0,2.5,0],"texture":"#0"},"down":{"uv":[0,0,2.5,0],"texture":"#0"}}}],"gui_light":"front","display":{"thirdperson_righthand":{"rotation":[67,0,0],"translation":[-6,-16.75,-18.5],"scale":[0.75195,0.75195,0.75195]},"gui":{"rotation":[-176.75,-38,180],"translation":[0,-3.25,0],"scale":[0.58594,0.58594,0.58594]},"head":{"translation":[0,-59,4],"scale":[1.11328,1.11328,1.11328]},"fixed":{"rotation":[0,-51.25,0],"translation":[0,-5.75,-8],"scale":[0.77539,0.77539,0.77539]}}}