{"credit":"Made with Blockbench","texture_size":[128,128],"textures":{"0":"custom_cosmetics:wizard_hat","particle":"custom_cosmetics:wizard_hat"},"elements":[{"from":[0.75,-2.75,1.5],"to":[15.25,2.75,15.5],"faces":{"north":{"uv":[0,4.25,1.875,5],"texture":"#0"},"east":{"uv":[1.875,5.25,3.625,6],"texture":"#0"},"south":{"uv":[0,5,1.875,5.75],"texture":"#0"},"west":{"uv":[3.625,5.25,5.375,6],"texture":"#0"},"up":{"uv":[4,1.75,2.125,0],"texture":"#0"},"down":{"uv":[4,1.75,2.125,3.5],"texture":"#0"}}},{"from":[-0.25,8.75,-4.25],"to":[16.25,12.25,12.75],"rotation":{"angle":22.5,"axis":"x","origin":[0,-1,-0.25]},"faces":{"north":{"uv":[5.5,0,7.625,0.5],"texture":"#0"},"east":{"uv":[5.5,0.5,7.625,1],"texture":"#0"},"south":{"uv":[5.5,1,7.625,1.5],"texture":"#0"},"west":{"uv":[5.5,1.5,7.625,2],"texture":"#0"},"up":{"uv":[2.125,2.125,0,0],"texture":"#0"},"down":{"uv":[2.125,2.125,0,4.25],"texture":"#0"}}},{"from":[1.75,11.25,-2.5],"to":[14.25,14.25,11],"rotation":{"angle":22.5,"axis":"x","origin":[0,-1,-0.25]},"faces":{"north":{"uv":[1.75,6.625,3.375,7],"texture":"#0"},"east":{"uv":[6.5,5.875,8.25,6.25],"texture":"#0"},"south":{"uv":[3.375,6.875,5,7.25],"texture":"#0"},"west":{"uv":[0,6.625,1.75,7],"texture":"#0"},"up":{"uv":[3.75,5.25,2.125,3.5],"texture":"#0"},"down":{"uv":[5.375,3.5,3.75,5.25],"texture":"#0"}}},{"from":[2,11.25,-2.25],"to":[14,16.25,10.75],"rotation":{"angle":22.5,"axis":"x","origin":[0,-1,-0.25]},"faces":{"north":{"uv":[1.125,6,2.625,6.625],"texture":"#0"},"east":{"uv":[5.5,2,7.125,2.625],"texture":"#0"},"south":{"uv":[2.625,6,4.125,6.625],"texture":"#0"},"west":{"uv":[5.5,2.625,7.125,3.25],"texture":"#0"},"up":{"uv":[5.5,1.625,4,0],"texture":"#0"},"down":{"uv":[5.5,1.625,4,3.25],"texture":"#0"}}},{"from":[4,14,-7.25],"to":[12,21,1.75],"rotation":{"angle":45,"axis":"x","origin":[0,-1,-0.25]},"faces":{"north":{"uv":[4.125,6,5.125,6.875],"texture":"#0"},"east":{"uv":[5.375,5.5,6.5,6.375],"texture":"#0"},"south":{"uv":[6.375,3.25,7.375,4.125],"texture":"#0"},"west":{"uv":[0,5.75,1.125,6.625],"texture":"#0"},"up":{"uv":[6.375,4.375,5.375,3.25],"texture":"#0"},"down":{"uv":[6.375,4.375,5.375,5.5],"texture":"#0"}}},{"from":[5,14,10.5],"to":[11,19,19.5],"rotation":{"angle":0,"axis":"y","origin":[0,-1,-0.25]},"faces":{"north":{"uv":[0,7,0.75,7.625],"texture":"#0"},"east":{"uv":[5.875,6.375,7,7],"texture":"#0"},"south":{"uv":[0.75,7,1.5,7.625],"texture":"#0"},"west":{"uv":[6.5,5.25,7.625,5.875],"texture":"#0"},"up":{"uv":[7.125,5.25,6.375,4.125],"texture":"#0"},"down":{"uv":[5.875,6.375,5.125,7.5],"texture":"#0"}}}],"gui_light":"front","display":{"gui":{"rotation":[-177.25,-58,180],"translation":[0.25,0,0],"scale":[0.66602,0.66602,0.66602]},"head":{"translation":[0,2.5,-0.25],"scale":[1.08789,1.08789,1.08789]}}}