{"credit":"Made with Blockbench","texture_size":[64,64],"textures":{"0":"custom_cosmetics:wizard_hand","particle":"custom_cosmetics:wizard_hand"},"elements":[{"from":[5,-4.25,-0.25],"to":[7,-2,16.25],"rotation":{"angle":22.5,"axis":"z","origin":[0,0,0]},"faces":{"north":{"uv":[3.5,7.5,4,8],"texture":"#0"},"east":{"uv":[4.5,5.25,8.75,5.75],"texture":"#0"},"south":{"uv":[4,7.5,4.5,8],"texture":"#0"},"west":{"uv":[4.5,5.75,8.75,6.25],"texture":"#0"},"up":{"uv":[5,10.5,4.5,6.25],"texture":"#0"},"down":{"uv":[5.5,6.25,5,10.5],"texture":"#0"}}},{"from":[7.75,2,0],"to":[17.75,4,16],"rotation":{"angle":22.5,"axis":"z","origin":[16,0,0]},"faces":{"north":{"uv":[7.75,3.75,10.25,4.25],"texture":"#0"},"east":{"uv":[5.5,6.25,9.5,6.75],"texture":"#0"},"south":{"uv":[7.75,4.25,10.25,4.75],"texture":"#0"},"west":{"uv":[5.5,6.75,9.5,7.25],"texture":"#0"},"up":{"uv":[2.5,4,0,0],"texture":"#0"},"down":{"uv":[5,0,2.5,4],"texture":"#0"}}},{"from":[7.75,4,1],"to":[16.75,6,15],"rotation":{"angle":22.5,"axis":"z","origin":[16,0,0]},"faces":{"north":{"uv":[7.75,4.75,10,5.25],"texture":"#0"},"east":{"uv":[5.5,7.25,9,7.75],"texture":"#0"},"south":{"uv":[5.5,7.75,7.75,8.25],"texture":"#0"},"west":{"uv":[0,7.5,3.5,8],"texture":"#0"},"up":{"uv":[2.25,7.5,0,4],"texture":"#0"},"down":{"uv":[4.5,4,2.25,7.5],"texture":"#0"}}},{"from":[-4,1,0],"to":[6,3,16],"rotation":{"angle":-22.5,"axis":"z","origin":[0,0,0]},"faces":{"north":{"uv":[10.25,3.75,7.75,4.25],"texture":"#0"},"east":{"uv":[9.5,6.75,5.5,7.25],"texture":"#0"},"south":{"uv":[10.25,4.25,7.75,4.75],"texture":"#0"},"west":{"uv":[9.5,6.25,5.5,6.75],"texture":"#0"},"up":{"uv":[0,4,2.5,0],"texture":"#0"},"down":{"uv":[2.5,0,5,4],"texture":"#0"}}},{"from":[-3,3,1],"to":[6,5,15],"rotation":{"angle":-22.5,"axis":"z","origin":[0,0,0]},"faces":{"north":{"uv":[10,4.75,7.75,5.25],"texture":"#0"},"east":{"uv":[3.5,7.5,0,8],"texture":"#0"},"south":{"uv":[7.75,7.75,5.5,8.25],"texture":"#0"},"west":{"uv":[9,7.25,5.5,7.75],"texture":"#0"},"up":{"uv":[0,7.5,2.25,4],"texture":"#0"},"down":{"uv":[2.25,4,4.5,7.5],"texture":"#0"}}},{"from":[0.5,6.80656,14.7088],"to":[13.5,11.80656,14.7088],"rotation":{"angle":0,"axis":"y","origin":[-24,-4.19344,-4.2912]},"faces":{"north":{"uv":[7.25,9.75,11.25,11.75],"texture":"#0"},"east":{"uv":[0,0,0,1.25],"texture":"#0"},"south":{"uv":[7.25,9.75,11.25,11.75],"texture":"#0"},"west":{"uv":[0,0,0,1.25],"texture":"#0"},"up":{"uv":[3.25,0,0,0],"texture":"#0"},"down":{"uv":[3.25,0,0,0],"texture":"#0"}}},{"from":[0.5,6.80656,1.7912],"to":[13.5,11.80656,1.7912],"rotation":{"angle":0,"axis":"y","origin":[-24,-4.19344,20.2912]},"faces":{"north":{"uv":[11.25,9.75,7.25,11.75],"texture":"#0"},"east":{"uv":[0,0,0,1.25],"texture":"#0"},"south":{"uv":[11.25,9.75,7.25,11.75],"texture":"#0"},"west":{"uv":[0,0,0,1.25],"texture":"#0"},"up":{"uv":[3.25,0,0,0],"texture":"#0"},"down":{"uv":[3.25,0,0,0],"texture":"#0"}}},{"from":[0.5,6.80656,1.7088],"to":[0.5,11.80656,14.7088],"rotation":{"angle":0,"axis":"y","origin":[-24,-4.19344,-4.2912]},"faces":{"north":{"uv":[0,0,0,1.25],"texture":"#0"},"east":{"uv":[11.5,9.75,15.5,11.75],"texture":"#0"},"south":{"uv":[0,0,0,1.25],"texture":"#0"},"west":{"uv":[11.5,9.75,15.5,11.75],"texture":"#0"},"up":{"uv":[0,3.25,0,0],"texture":"#0"},"down":{"uv":[0,0,0,3.25],"texture":"#0"}}},{"from":[13.5,6.80656,1.7088],"to":[13.5,11.80656,14.7088],"rotation":{"angle":0,"axis":"y","origin":[40,-4.19344,-4.2912]},"faces":{"north":{"uv":[0,0,0,1.25],"texture":"#0"},"east":{"uv":[11.25,12.25,7.25,14.25],"texture":"#0"},"south":{"uv":[0,0,0,1.25],"texture":"#0"},"west":{"uv":[11.25,12.25,7.25,14.25],"texture":"#0"},"up":{"uv":[0,3.25,0,0],"texture":"#0"},"down":{"uv":[0,0,0,3.25],"texture":"#0"}}}],"gui_light":"front","display":{"thirdperson_lefthand":{"rotation":[89.67,-8.93,21.16],"translation":[0.25,7,4],"scale":[0.73047,0.73047,0.73047]},"firstperson_lefthand":{"translation":[1.75,1.75,0],"scale":[0.83203,0.83203,0.83203]},"gui":{"rotation":[49.5,0,0],"translation":[1,2,0],"scale":[0.75,0.75,0.75]},"fixed":{"rotation":[-52.75,0,0],"translation":[0,2.75,-8]}}}