{"credit":"Made with Blockbench","texture_size":[64,64],"textures":{"2":"hmccosmetics:item/backpack","particle":"hmccosmetics:item/backpack"},"elements":[{"from":[4.625,-15.5,5.75],"to":[11.375,-6.875,10.25],"rotation":{"angle":0,"axis":"y","origin":[5,3.5625,4.4375]},"faces":{"north":{"uv":[3,3,7.5,8.75],"texture":"#2"},"east":{"uv":[7.5,3,10.5,8.75],"texture":"#2"},"south":{"uv":[10.5,3,15,8.75],"texture":"#2"},"west":{"uv":[7.5,3,10.5,8.75],"texture":"#2"},"up":{"uv":[7.5,3,3,0],"texture":"#2"},"down":{"uv":[12,0,7.5,3],"texture":"#2"}}}],"display":{"thirdperson_righthand":{"rotation":[0,-180,0],"scale":[0.25,0.25,0.25]},"thirdperson_lefthand":{"rotation":[0,-180,0],"scale":[0.25,0.25,0.25]},"firstperson_righthand":{"rotation":[0,-180,0],"scale":[0.5,0.5,0.5]},"firstperson_lefthand":{"rotation":[0,-180,0],"scale":[0.5,0.5,0.5]},"ground":{"scale":[0.5,0.5,0.5]},"gui":{"rotation":[14,-36,0],"translation":[0,-1,0],"scale":[0.5,0.5,0.5]},"head":{"translation":[0,-73.5,9.25],"scale":[2.5,2.5,2.5]},"fixed":{"translation":[0,-2.25,0],"scale":[0.75,0.75,0.75]}}}