{"credit":"Made with Blockbench","texture_size":[32,32],"textures":{"1":"hmccosmetics:item/frog_hat"},"elements":[{"from":[4,0,0],"to":[12,4,8],"faces":{"north":{"uv":[4,7,8,9],"texture":"#1"},"east":{"uv":[0,8,4,10],"texture":"#1"},"south":{"uv":[8,0,12,2],"texture":"#1"},"west":{"uv":[8,2,12,4],"texture":"#1"},"up":{"uv":[4,4,0,0],"texture":"#1"},"down":{"uv":[4,4,0,8],"texture":"#1"}}},{"from":[4,1,-7],"to":[12,1,0],"faces":{"north":{"uv":[0,0,4,0],"texture":"#1"},"east":{"uv":[0,0,3.5,0],"texture":"#1"},"south":{"uv":[0,0,4,0],"texture":"#1"},"west":{"uv":[0,0,3.5,0],"texture":"#1"},"up":{"uv":[8,3.5,4,0],"texture":"#1"},"down":{"uv":[8,3.5,4,7],"texture":"#1"}}},{"from":[12,0,-7],"to":[12,1,0],"faces":{"north":{"uv":[0,0,0,0.5],"texture":"#1"},"east":{"uv":[10,10,13.5,10.5],"texture":"#1"},"south":{"uv":[0,0,0,0.5],"texture":"#1"},"west":{"uv":[10,10.5,13.5,11],"texture":"#1"},"up":{"uv":[0,3.5,0,0],"texture":"#1"},"down":{"uv":[0,0,0,3.5],"texture":"#1"}}},{"from":[4,0,-7],"to":[4,1,0],"faces":{"north":{"uv":[0,0,0,0.5],"texture":"#1"},"east":{"uv":[10,9,13.5,9.5],"texture":"#1"},"south":{"uv":[0,0,0,0.5],"texture":"#1"},"west":{"uv":[10,9.5,13.5,10],"texture":"#1"},"up":{"uv":[0,3.5,0,0],"texture":"#1"},"down":{"uv":[0,0,0,3.5],"texture":"#1"}}},{"from":[9,4,2],"to":[13,8,4],"faces":{"north":{"uv":[8,4,10,6],"texture":"#1"},"east":{"uv":[6,9,7,11],"texture":"#1"},"south":{"uv":[8,6,10,8],"texture":"#1"},"west":{"uv":[7,9,8,11],"texture":"#1"},"up":{"uv":[2,11,0,10],"texture":"#1"},"down":{"uv":[4,10,2,11],"texture":"#1"}}},{"from":[3,4,2],"to":[7,8,4],"faces":{"north":{"uv":[8,8,10,10],"texture":"#1"},"east":{"uv":[10,4,11,6],"texture":"#1"},"south":{"uv":[4,9,6,11],"texture":"#1"},"west":{"uv":[10,6,11,8],"texture":"#1"},"up":{"uv":[10,11,8,10],"texture":"#1"},"down":{"uv":[12,8,10,9],"texture":"#1"}}}],"display":{"thirdperson_righthand":{"translation":[0,1.25,-0.5],"scale":[0.5,0.5,0.5]},"thirdperson_lefthand":{"translation":[0,1.25,-0.5],"scale":[0.5,0.5,0.5]},"firstperson_righthand":{"translation":[0,0.75,0]},"firstperson_lefthand":{"translation":[0,0.75,0]},"ground":{"translation":[0,0.75,3.75],"scale":[0.7,0.7,0.7]},"gui":{"rotation":[32,-156,0],"translation":[-1.5,6.25,0],"scale":[0.8,0.8,0.8]},"head":{"rotation":[3,0,0],"translation":[0,15.5,7.5],"scale":[1.85,1.85,1.85]}}}