{"credit":"Made with Blockbench","texture_size":[64,64],"textures":{"1":"custom_crates:base_crate_body_texture_crystal","2":"custom_crates:crystal_crate_exo","3":"custom_crates:goobits_coin_crystal","4":"custom_crates:crystal_chest_details","particle":"custom_crates:base_crate_body_texture_crystal"},"elements":[{"name":"body","from":[-2,12,0],"to":[18,14,1],"rotation":{"angle":0,"axis":"y","origin":[18,14,8]},"faces":{"north":{"uv":[0,5.125,2.5,5.375],"texture":"#1"},"east":{"uv":[6.875,6,7,6.25],"texture":"#1"},"south":{"uv":[5.25,0.5,7.75,0.75],"texture":"#1"},"west":{"uv":[7.75,4.5,7.875,4.75],"texture":"#1"},"up":{"uv":[8.5,5.625,6,5.5],"texture":"#1"},"down":{"uv":[8.5,5.625,6,5.75],"texture":"#1"}}},{"name":"body","from":[18,12,0],"to":[19,14,16],"rotation":{"angle":0,"axis":"y","origin":[0,1,0]},"faces":{"north":{"uv":[8.125,0.75,8.25,1],"texture":"#1"},"east":{"uv":[5.25,2.25,7.25,2.5],"texture":"#1"},"south":{"uv":[3.375,8.875,3.5,9.125],"texture":"#1"},"west":{"uv":[5.25,2.5,7.25,2.75],"texture":"#1"},"up":{"uv":[6.625,8.5,6.5,6.5],"texture":"#1"},"down":{"uv":[6.75,6.5,6.625,8.5],"texture":"#1"}}},{"name":"body","from":[-2,12,15],"to":[18,14,16],"rotation":{"angle":0,"axis":"y","origin":[18,14,8]},"faces":{"north":{"uv":[5.25,0.75,7.75,1],"texture":"#1"},"east":{"uv":[3.5,8.875,3.625,9.125],"texture":"#1"},"south":{"uv":[5.25,1,7.75,1.25],"texture":"#1"},"west":{"uv":[5.625,8.875,5.75,9.125],"texture":"#1"},"up":{"uv":[2.5,6.375,0,6.25],"texture":"#1"},"down":{"uv":[5,6.25,2.5,6.375],"texture":"#1"}}},{"name":"body","from":[-3,12,0],"to":[-2,14,16],"rotation":{"angle":0,"axis":"y","origin":[0,1,0]},"faces":{"north":{"uv":[5.75,8.875,5.875,9.125],"texture":"#1"},"east":{"uv":[5.25,2.75,7.25,3],"texture":"#1"},"south":{"uv":[5.875,8.875,6,9.125],"texture":"#1"},"west":{"uv":[5.25,3,7.25,3.25],"texture":"#1"},"up":{"uv":[6.875,8.5,6.75,6.5],"texture":"#1"},"down":{"uv":[7,6.5,6.875,8.5],"texture":"#1"}}},{"name":"body","from":[10.5,10.1,-0.1],"to":[13.5,14.1,0.9],"rotation":{"angle":0,"axis":"y","origin":[22,14,8]},"faces":{"north":{"uv":[7.625,7.625,8,8.125],"texture":"#1"},"east":{"uv":[2.5,4,2.625,4.5],"texture":"#1"},"south":{"uv":[7.75,0.5,8.125,1],"texture":"#1"},"west":{"uv":[2.625,4,2.75,4.5],"texture":"#1"},"up":{"uv":[1.375,8.875,1,8.75],"texture":"#1"},"down":{"uv":[9.125,1,8.75,1.125],"texture":"#1"}}},{"name":"body","from":[2.5,10.1,-0.1],"to":[5.5,14.1,0.9],"rotation":{"angle":0,"axis":"y","origin":[14,14,8]},"faces":{"north":{"uv":[7.625,7.625,8,8.125],"texture":"#1"},"east":{"uv":[2.5,4,2.625,4.5],"texture":"#1"},"south":{"uv":[7.75,0.5,8.125,1],"texture":"#1"},"west":{"uv":[2.625,4,2.75,4.5],"texture":"#1"},"up":{"uv":[1.375,8.875,1,8.75],"texture":"#1"},"down":{"uv":[9.125,1,8.75,1.125],"texture":"#1"}}},{"from":[-2,3,1],"to":[18,12.025,15],"rotation":{"angle":0,"axis":"y","origin":[0,1,0]},"faces":{"north":{"uv":[2.75,3.5,5.25,4.625],"texture":"#1"},"east":{"uv":[2.5,4.625,4.25,5.75],"texture":"#1"},"south":{"uv":[0,4,2.5,5.125],"texture":"#1"},"west":{"uv":[4.25,4.625,6,5.75],"texture":"#1"},"up":{"uv":[5.25,1.75,2.75,0],"texture":"#1"},"down":{"uv":[5.25,1.75,2.75,3.5],"texture":"#1"}}},{"from":[-2.5,3,0.5],"to":[-0.5,12,2.5],"rotation":{"angle":0,"axis":"y","origin":[0,1,0]},"faces":{"north":{"uv":[0,6.5,0.25,7.625],"texture":"#1"},"east":{"uv":[0.25,6.5,0.5,7.625],"texture":"#1"},"south":{"uv":[0.5,6.5,0.75,7.625],"texture":"#1"},"west":{"uv":[0.75,6.5,1,7.625],"texture":"#1"},"up":{"uv":[6.875,6.25,6.625,6],"texture":"#1"},"down":{"uv":[4,7.625,3.75,7.875],"texture":"#1"}}},{"from":[-2.5,3,13.5],"to":[-0.5,12,15.5],"rotation":{"angle":0,"axis":"y","origin":[0,1,0]},"faces":{"north":{"uv":[1,6.5,1.25,7.625],"texture":"#1"},"east":{"uv":[1.25,6.5,1.5,7.625],"texture":"#1"},"south":{"uv":[1.5,6.5,1.75,7.625],"texture":"#1"},"west":{"uv":[1.75,6.5,2,7.625],"texture":"#1"},"up":{"uv":[8.75,0.25,8.5,0],"texture":"#1"},"down":{"uv":[5.125,8.5,4.875,8.75],"texture":"#1"}}},{"from":[16.5,3,0.5],"to":[18.5,12,2.5],"rotation":{"angle":0,"axis":"y","origin":[0,1,0]},"faces":{"north":{"uv":[2,6.5,2.25,7.625],"texture":"#1"},"east":{"uv":[2.25,6.5,2.5,7.625],"texture":"#1"},"south":{"uv":[2.5,6.5,2.75,7.625],"texture":"#1"},"west":{"uv":[2.75,6.5,3,7.625],"texture":"#1"},"up":{"uv":[5.375,8.75,5.125,8.5],"texture":"#1"},"down":{"uv":[5.625,8.5,5.375,8.75],"texture":"#1"}}},{"from":[16.5,3,13.5],"to":[18.5,12,15.5],"rotation":{"angle":0,"axis":"y","origin":[0,1,0]},"faces":{"north":{"uv":[3,6.5,3.25,7.625],"texture":"#1"},"east":{"uv":[3.25,6.5,3.5,7.625],"texture":"#1"},"south":{"uv":[3.5,6.5,3.75,7.625],"texture":"#1"},"west":{"uv":[3.75,6.5,4,7.625],"texture":"#1"},"up":{"uv":[5.875,8.75,5.625,8.5],"texture":"#1"},"down":{"uv":[6.125,8.5,5.875,8.75],"texture":"#1"}}},{"from":[-3,1,0],"to":[19,3,16],"rotation":{"angle":0,"axis":"y","origin":[0,1,0]},"faces":{"north":{"uv":[5.25,0,8,0.25],"texture":"#1"},"east":{"uv":[5.25,3.25,7.25,3.5],"texture":"#1"},"south":{"uv":[5.25,0.25,8,0.5],"texture":"#1"},"west":{"uv":[5.25,3.5,7.25,3.75],"texture":"#1"},"up":{"uv":[2.75,2,0,0],"texture":"#1"},"down":{"uv":[2.75,2,0,4],"texture":"#1"}}},{"name":"body","from":[18,17,6.5],"to":[19,19,22.5],"rotation":{"angle":45,"axis":"x","origin":[8,23.30292,14.39199]},"faces":{"north":{"uv":[6,8.875,6.125,9.125],"texture":"#1"},"east":{"uv":[5.25,3.75,7.25,4],"texture":"#1"},"south":{"uv":[7.125,8.875,7.25,9.125],"texture":"#1"},"west":{"uv":[5.25,4,7.25,4.25],"texture":"#1"},"up":{"uv":[4.125,9,4,7],"texture":"#1"},"down":{"uv":[4.25,7,4.125,9],"texture":"#1"}}},{"name":"body","from":[18,21,7.5],"to":[18.5,23,21.5],"rotation":{"angle":45,"axis":"x","origin":[8,23.30292,14.39199]},"faces":{"north":{"uv":[5.75,9.125,5.8125,9.375],"texture":"#1"},"east":{"uv":[0,5.625,1.75,5.875],"texture":"#1"},"south":{"uv":[9.125,5.75,9.1875,6],"texture":"#1"},"west":{"uv":[1.75,5.75,3.5,6],"texture":"#1"},"up":{"uv":[6.1875,10,6.125,8.25],"texture":"#1"},"down":{"uv":[3.9375,8.375,3.875,10.125],"texture":"#1"}}},{"name":"body","from":[18,19,7.5],"to":[18.5,21,21.5],"rotation":{"angle":45,"axis":"x","origin":[8,23.30292,14.39199]},"faces":{"north":{"uv":[5.875,9.125,5.9375,9.375],"texture":"#1"},"east":{"uv":[3.5,5.75,5.25,6],"texture":"#1"},"south":{"uv":[6,9.125,6.0625,9.375],"texture":"#1"},"west":{"uv":[5.25,5.75,7,6],"texture":"#1"},"up":{"uv":[8.0625,10.125,8,8.375],"texture":"#1"},"down":{"uv":[8.1875,8.375,8.125,10.125],"texture":"#1"}}},{"name":"body","from":[18,23,9],"to":[18.5,25,20],"rotation":{"angle":45,"axis":"x","origin":[8,23.30292,14.39199]},"faces":{"north":{"uv":[9.125,6,9.1875,6.25],"texture":"#1"},"east":{"uv":[6,4.75,7.375,5],"texture":"#1"},"south":{"uv":[9.125,6.25,9.1875,6.5],"texture":"#1"},"west":{"uv":[6,5,7.375,5.25],"texture":"#1"},"up":{"uv":[8.5625,5.75,8.5,4.375],"texture":"#1"},"down":{"uv":[4.5625,8.5,4.5,9.875],"texture":"#1"}}},{"name":"body","from":[18,23,20],"to":[18.5,24,21],"rotation":{"angle":45,"axis":"x","origin":[8,23.30292,14.39199]},"faces":{"north":{"uv":[9.25,1.125,9.3125,1.25],"texture":"#1"},"east":{"uv":[7.5,6.875,7.625,7],"texture":"#1"},"south":{"uv":[2.125,9.25,2.1875,9.375],"texture":"#1"},"west":{"uv":[7.75,2.125,7.875,2.25],"texture":"#1"},"up":{"uv":[2.3125,9.375,2.25,9.25],"texture":"#1"},"down":{"uv":[2.4375,9.25,2.375,9.375],"texture":"#1"}}},{"name":"body","from":[18,25,16.5],"to":[18.5,26,18.5],"rotation":{"angle":45,"axis":"x","origin":[8,23.30292,14.39199]},"faces":{"north":{"uv":[9.25,2.375,9.3125,2.5],"texture":"#1"},"east":{"uv":[2.5,4.5,2.75,4.625],"texture":"#1"},"south":{"uv":[2.5,9.25,2.5625,9.375],"texture":"#1"},"west":{"uv":[1.75,5.625,2,5.75],"texture":"#1"},"up":{"uv":[9.1875,6.75,9.125,6.5],"texture":"#1"},"down":{"uv":[7.1875,9.125,7.125,9.375],"texture":"#1"}}},{"name":"body","from":[18,25,12.5],"to":[18.5,27,16.5],"rotation":{"angle":45,"axis":"x","origin":[8,23.30292,14.39199]},"faces":{"north":{"uv":[9.125,7.125,9.1875,7.375],"texture":"#1"},"east":{"uv":[0.375,8.375,0.875,8.625],"texture":"#1"},"south":{"uv":[9.125,7.375,9.1875,7.625],"texture":"#1"},"west":{"uv":[0.875,8.375,1.375,8.625],"texture":"#1"},"up":{"uv":[7.3125,9.375,7.25,8.875],"texture":"#1"},"down":{"uv":[7.4375,8.875,7.375,9.375],"texture":"#1"}}},{"name":"body","from":[18,25,10.5],"to":[18.5,26,12.5],"rotation":{"angle":45,"axis":"x","origin":[8,23.30292,14.39199]},"faces":{"north":{"uv":[2.625,9.25,2.6875,9.375],"texture":"#1"},"east":{"uv":[5.75,4.5,6,4.625],"texture":"#1"},"south":{"uv":[2.75,9.25,2.8125,9.375],"texture":"#1"},"west":{"uv":[1.5,6.125,1.75,6.25],"texture":"#1"},"up":{"uv":[7.6875,9.375,7.625,9.125],"texture":"#1"},"down":{"uv":[9.1875,7.625,9.125,7.875],"texture":"#1"}}},{"name":"body","from":[18,23,8],"to":[18.5,24,9],"rotation":{"angle":45,"axis":"x","origin":[8,23.30292,14.39199]},"faces":{"north":{"uv":[2.875,9.25,2.9375,9.375],"texture":"#1"},"east":{"uv":[8,0.375,8.125,0.5],"texture":"#1"},"south":{"uv":[3,9.25,3.0625,9.375],"texture":"#1"},"west":{"uv":[9.125,6.75,9.25,6.875],"texture":"#1"},"up":{"uv":[3.1875,9.375,3.125,9.25],"texture":"#1"},"down":{"uv":[4.9375,9.25,4.875,9.375],"texture":"#1"}}},{"name":"body","from":[18,25,9.5],"to":[18.5,25.5,10.5],"rotation":{"angle":45,"axis":"x","origin":[8,23.30292,14.39199]},"faces":{"north":{"uv":[9.25,7.25,9.3125,7.3125],"texture":"#1"},"east":{"uv":[5,9.25,5.125,9.3125],"texture":"#1"},"south":{"uv":[9.25,7.375,9.3125,7.4375],"texture":"#1"},"west":{"uv":[9.25,5,9.375,5.0625],"texture":"#1"},"up":{"uv":[5.1875,9.375,5.125,9.25],"texture":"#1"},"down":{"uv":[9.3125,5.125,9.25,5.25],"texture":"#1"}}},{"name":"body","from":[18,25,18.5],"to":[18.5,25.5,19.5],"rotation":{"angle":45,"axis":"x","origin":[8,23.30292,14.39199]},"faces":{"north":{"uv":[9.25,7.5,9.3125,7.5625],"texture":"#1"},"east":{"uv":[5.25,9.25,5.375,9.3125],"texture":"#1"},"south":{"uv":[9.25,7.625,9.3125,7.6875],"texture":"#1"},"west":{"uv":[9.25,5.25,9.375,5.3125],"texture":"#1"},"up":{"uv":[5.4375,9.375,5.375,9.25],"texture":"#1"},"down":{"uv":[9.3125,5.375,9.25,5.5],"texture":"#1"}}},{"name":"body","from":[-2.5,21,7.5],"to":[-2,23,21.5],"rotation":{"angle":45,"axis":"x","origin":[8,23.30292,14.39199]},"faces":{"north":{"uv":[7.75,9.125,7.8125,9.375],"texture":"#1"},"east":{"uv":[0,5.875,1.75,6.125],"texture":"#1"},"south":{"uv":[7.875,9.125,7.9375,9.375],"texture":"#1"},"west":{"uv":[1.75,6,3.5,6.25],"texture":"#1"},"up":{"uv":[8.3125,10.125,8.25,8.375],"texture":"#1"},"down":{"uv":[8.4375,8.375,8.375,10.125],"texture":"#1"}}},{"name":"body","from":[-2.5,19,7.5],"to":[-2,21,21.5],"rotation":{"angle":45,"axis":"x","origin":[8,23.30292,14.39199]},"faces":{"north":{"uv":[9.125,7.875,9.1875,8.125],"texture":"#1"},"east":{"uv":[3.5,6,5.25,6.25],"texture":"#1"},"south":{"uv":[9.125,8.125,9.1875,8.375],"texture":"#1"},"west":{"uv":[6,4.5,7.75,4.75],"texture":"#1"},"up":{"uv":[4.3125,10.25,4.25,8.5],"texture":"#1"},"down":{"uv":[4.4375,8.5,4.375,10.25],"texture":"#1"}}},{"name":"body","from":[-2.5,23,9],"to":[-2,25,20],"rotation":{"angle":45,"axis":"x","origin":[8,23.30292,14.39199]},"faces":{"north":{"uv":[9.125,8.375,9.1875,8.625],"texture":"#1"},"east":{"uv":[5.25,6,6.625,6.25],"texture":"#1"},"south":{"uv":[8.5,9.125,8.5625,9.375],"texture":"#1"},"west":{"uv":[6,5.25,7.375,5.5],"texture":"#1"},"up":{"uv":[4.6875,9.875,4.625,8.5],"texture":"#1"},"down":{"uv":[4.8125,8.5,4.75,9.875],"texture":"#1"}}},{"name":"body","from":[-2.5,23,20],"to":[-2,24,21],"rotation":{"angle":45,"axis":"x","origin":[8,23.30292,14.39199]},"faces":{"north":{"uv":[5.5,9.25,5.5625,9.375],"texture":"#1"},"east":{"uv":[8.625,9.125,8.75,9.25],"texture":"#1"},"south":{"uv":[9.25,5.5,9.3125,5.625],"texture":"#1"},"west":{"uv":[8.75,9.125,8.875,9.25],"texture":"#1"},"up":{"uv":[9.3125,5.75,9.25,5.625],"texture":"#1"},"down":{"uv":[9.3125,5.75,9.25,5.875],"texture":"#1"}}},{"name":"body","from":[-2.5,25,16.5],"to":[-2,26,18.5],"rotation":{"angle":45,"axis":"x","origin":[8,23.30292,14.39199]},"faces":{"north":{"uv":[9.25,5.875,9.3125,6],"texture":"#1"},"east":{"uv":[3.75,7.875,4,8],"texture":"#1"},"south":{"uv":[9.25,6,9.3125,6.125],"texture":"#1"},"west":{"uv":[3.125,8.875,3.375,9],"texture":"#1"},"up":{"uv":[9.1875,9.25,9.125,9],"texture":"#1"},"down":{"uv":[9.3125,0,9.25,0.25],"texture":"#1"}}},{"name":"body","from":[-2.5,25,12.5],"to":[-2,27,16.5],"rotation":{"angle":45,"axis":"x","origin":[8,23.30292,14.39199]},"faces":{"north":{"uv":[0.125,9.25,0.1875,9.5],"texture":"#1"},"east":{"uv":[1.375,8.375,1.875,8.625],"texture":"#1"},"south":{"uv":[0.25,9.25,0.3125,9.5],"texture":"#1"},"west":{"uv":[1.875,8.375,2.375,8.625],"texture":"#1"},"up":{"uv":[7.5625,9.375,7.5,8.875],"texture":"#1"},"down":{"uv":[1.3125,9,1.25,9.5],"texture":"#1"}}},{"name":"body","from":[-2.5,25,10.5],"to":[-2,26,12.5],"rotation":{"angle":45,"axis":"x","origin":[8,23.30292,14.39199]},"faces":{"north":{"uv":[9.25,6.125,9.3125,6.25],"texture":"#1"},"east":{"uv":[4,9,4.25,9.125],"texture":"#1"},"south":{"uv":[6.25,9.25,6.3125,9.375],"texture":"#1"},"west":{"uv":[5,9,5.25,9.125],"texture":"#1"},"up":{"uv":[0.4375,9.5,0.375,9.25],"texture":"#1"},"down":{"uv":[0.5625,9.25,0.5,9.5],"texture":"#1"}}},{"name":"body","from":[-2.5,23,8],"to":[-2,24,9],"rotation":{"angle":45,"axis":"x","origin":[8,23.30292,14.39199]},"faces":{"north":{"uv":[9.25,6.25,9.3125,6.375],"texture":"#1"},"east":{"uv":[0.625,9.25,0.75,9.375],"texture":"#1"},"south":{"uv":[6.375,9.25,6.4375,9.375],"texture":"#1"},"west":{"uv":[0.75,9.25,0.875,9.375],"texture":"#1"},"up":{"uv":[9.3125,6.5,9.25,6.375],"texture":"#1"},"down":{"uv":[6.5625,9.25,6.5,9.375],"texture":"#1"}}},{"name":"body","from":[-2.5,25,9.5],"to":[-2,25.5,10.5],"rotation":{"angle":45,"axis":"x","origin":[8,23.30292,14.39199]},"faces":{"north":{"uv":[9.25,7.75,9.3125,7.8125],"texture":"#1"},"east":{"uv":[9.25,6.5,9.375,6.5625],"texture":"#1"},"south":{"uv":[9.25,7.875,9.3125,7.9375],"texture":"#1"},"west":{"uv":[6.625,9.25,6.75,9.3125],"texture":"#1"},"up":{"uv":[9.3125,6.75,9.25,6.625],"texture":"#1"},"down":{"uv":[6.8125,9.25,6.75,9.375],"texture":"#1"}}},{"name":"body","from":[-2.5,25,18.5],"to":[-2,25.5,19.5],"rotation":{"angle":45,"axis":"x","origin":[8,23.30292,14.39199]},"faces":{"north":{"uv":[9.25,8,9.3125,8.0625],"texture":"#1"},"east":{"uv":[9.25,6.75,9.375,6.8125],"texture":"#1"},"south":{"uv":[9.25,8.125,9.3125,8.1875],"texture":"#1"},"west":{"uv":[6.875,9.25,7,9.3125],"texture":"#1"},"up":{"uv":[7.0625,9.375,7,9.25],"texture":"#1"},"down":{"uv":[9.3125,7.125,9.25,7.25],"texture":"#1"}}},{"name":"body","from":[-2,17,6.5],"to":[18,19,7.5],"rotation":{"angle":45,"axis":"x","origin":[8,23.30292,14.39199]},"faces":{"north":{"uv":[5.25,1.25,7.75,1.5],"texture":"#1"},"east":{"uv":[1.375,9,1.5,9.25],"texture":"#1"},"south":{"uv":[5.25,1.5,7.75,1.75],"texture":"#1"},"west":{"uv":[5.25,9,5.375,9.25],"texture":"#1"},"up":{"uv":[7.5,6.375,5,6.25],"texture":"#1"},"down":{"uv":[2.5,6.375,0,6.5],"texture":"#1"}}},{"name":"body","from":[1,19,7],"to":[6,21,7.5],"rotation":{"angle":45,"axis":"x","origin":[8,23.30292,14.39199]},"faces":{"north":{"uv":[8.25,1.125,8.875,1.375],"texture":"#1"},"east":{"uv":[9.25,0.75,9.3125,1],"texture":"#1"},"south":{"uv":[8.25,1.375,8.875,1.625],"texture":"#1"},"west":{"uv":[0.875,9.25,0.9375,9.5],"texture":"#1"},"up":{"uv":[3.125,8.9375,2.5,8.875],"texture":"#1"},"down":{"uv":[9.5,2.5,8.875,2.5625],"texture":"#1"}}},{"name":"body","from":[1,28.75094,9.43558],"to":[6,29.25094,12.43558],"rotation":{"angle":-22.5,"axis":"x","origin":[8,23.30292,14.39199]},"faces":{"north":{"uv":[8.875,2.625,9.5,2.6875],"texture":"#1"},"east":{"uv":[0.625,9.125,1,9.1875],"texture":"#1"},"south":{"uv":[8.875,2.75,9.5,2.8125],"texture":"#1"},"west":{"uv":[9.125,0.625,9.5,0.6875],"texture":"#1"},"up":{"uv":[7.625,7.375,7,7],"texture":"#1"},"down":{"uv":[7.875,2.25,7.25,2.625],"texture":"#1"}}},{"name":"body","from":[1,27.54949,10.30829],"to":[6,28.04949,13.05829],"rotation":{"angle":0,"axis":"y","origin":[8,23.30292,14.39199]},"faces":{"north":{"uv":[8.875,2.875,9.5,2.9375],"texture":"#1"},"east":{"uv":[9.125,1,9.5,1.0625],"texture":"#1"},"south":{"uv":[8.875,3,9.5,3.0625],"texture":"#1"},"west":{"uv":[2.125,9.125,2.5,9.1875],"texture":"#1"},"up":{"uv":[7.875,3,7.25,2.625],"texture":"#1"},"down":{"uv":[7.875,3,7.25,3.375],"texture":"#1"}}},{"name":"body","from":[1,26.67779,11.34338],"to":[6,27.17779,14.09338],"rotation":{"angle":22.5,"axis":"x","origin":[8,23.30292,14.39199]},"faces":{"north":{"uv":[8.875,3.125,9.5,3.1875],"texture":"#1"},"east":{"uv":[2.5,9.125,2.875,9.1875],"texture":"#1"},"south":{"uv":[8.875,3.25,9.5,3.3125],"texture":"#1"},"west":{"uv":[2.875,9.125,3.25,9.1875],"texture":"#1"},"up":{"uv":[7.875,3.75,7.25,3.375],"texture":"#1"},"down":{"uv":[7.875,3.75,7.25,4.125],"texture":"#1"}}},{"name":"body","from":[1,20.05474,17.84953],"to":[6,22.80474,18.34953],"rotation":{"angle":-22.5,"axis":"x","origin":[8,23.30292,14.39199]},"faces":{"north":{"uv":[7.25,4.125,7.875,4.5],"texture":"#1"},"east":{"uv":[1,9.125,1.0625,9.5],"texture":"#1"},"south":{"uv":[7.375,4.75,8,5.125],"texture":"#1"},"west":{"uv":[1.125,9.125,1.1875,9.5],"texture":"#1"},"up":{"uv":[9.5,3.4375,8.875,3.375],"texture":"#1"},"down":{"uv":[9.5,3.5,8.875,3.5625],"texture":"#1"}}},{"name":"body","from":[1,26.26856,12.63326],"to":[6,26.76856,16.38326],"rotation":{"angle":45,"axis":"x","origin":[8,23.30292,14.39199]},"faces":{"north":{"uv":[8.875,3.625,9.5,3.6875],"texture":"#1"},"east":{"uv":[9,8.625,9.4375,8.6875],"texture":"#1"},"south":{"uv":[8.875,3.75,9.5,3.8125],"texture":"#1"},"west":{"uv":[0.125,9.125,0.5625,9.1875],"texture":"#1"},"up":{"uv":[4.625,6.9375,4,6.5],"texture":"#1"},"down":{"uv":[5.25,6.5,4.625,6.9375],"texture":"#1"}}},{"name":"body","from":[1,18.26384,20.03959],"to":[6,21.26384,20.53959],"rotation":{"angle":22.5,"axis":"x","origin":[8,23.30292,14.39199]},"faces":{"north":{"uv":[7.375,5.125,8,5.5],"texture":"#1"},"east":{"uv":[3.25,9.125,3.3125,9.5],"texture":"#1"},"south":{"uv":[7,7.375,7.625,7.75],"texture":"#1"},"west":{"uv":[3.375,9.125,3.4375,9.5],"texture":"#1"},"up":{"uv":[9.5,3.9375,8.875,3.875],"texture":"#1"},"down":{"uv":[9.5,4,8.875,4.0625],"texture":"#1"}}},{"name":"body","from":[1,19,21.5],"to":[6,21,22],"rotation":{"angle":45,"axis":"x","origin":[8,23.30292,14.39199]},"faces":{"north":{"uv":[8.25,1.625,8.875,1.875],"texture":"#1"},"east":{"uv":[1.375,9.25,1.4375,9.5],"texture":"#1"},"south":{"uv":[8.25,1.875,8.875,2.125],"texture":"#1"},"west":{"uv":[1.5,9.25,1.5625,9.5],"texture":"#1"},"up":{"uv":[9.5,4.1875,8.875,4.125],"texture":"#1"},"down":{"uv":[9.5,4.25,8.875,4.3125],"texture":"#1"}}},{"name":"body","from":[1,19.06648,18.79131],"to":[6,21.81648,19.29131],"rotation":{"angle":0,"axis":"y","origin":[8,23.30292,14.39199]},"faces":{"north":{"uv":[4.25,7.5,4.875,7.875],"texture":"#1"},"east":{"uv":[3.5,9.125,3.5625,9.5],"texture":"#1"},"south":{"uv":[4.875,7.5,5.5,7.875],"texture":"#1"},"west":{"uv":[3.625,9.125,3.6875,9.5],"texture":"#1"},"up":{"uv":[5.625,8.9375,5,8.875],"texture":"#1"},"down":{"uv":[7.125,8.875,6.5,8.9375],"texture":"#1"}}},{"name":"body","from":[10,19,7],"to":[15,21,7.5],"rotation":{"angle":45,"axis":"x","origin":[8,23.30292,14.39199]},"faces":{"north":{"uv":[4.25,8.25,4.875,8.5],"texture":"#1"},"east":{"uv":[1.625,9.25,1.6875,9.5],"texture":"#1"},"south":{"uv":[4.875,8.25,5.5,8.5],"texture":"#1"},"west":{"uv":[1.75,9.25,1.8125,9.5],"texture":"#1"},"up":{"uv":[9.5,6.9375,8.875,6.875],"texture":"#1"},"down":{"uv":[9.5,7,8.875,7.0625],"texture":"#1"}}},{"name":"body","from":[10,28.75094,9.43558],"to":[15,29.25094,12.43558],"rotation":{"angle":-22.5,"axis":"x","origin":[8,23.30292,14.39199]},"faces":{"north":{"uv":[8.875,8.75,9.5,8.8125],"texture":"#1"},"east":{"uv":[9.125,4.375,9.5,4.4375],"texture":"#1"},"south":{"uv":[8.875,8.875,9.5,8.9375],"texture":"#1"},"west":{"uv":[9.125,4.5,9.5,4.5625],"texture":"#1"},"up":{"uv":[6.125,7.875,5.5,7.5],"texture":"#1"},"down":{"uv":[8.125,5.75,7.5,6.125],"texture":"#1"}}},{"name":"body","from":[10,27.54949,10.30829],"to":[15,28.04949,13.05829],"rotation":{"angle":0,"axis":"y","origin":[8,23.30292,14.39199]},"faces":{"north":{"uv":[0,9,0.625,9.0625],"texture":"#1"},"east":{"uv":[9.125,4.625,9.5,4.6875],"texture":"#1"},"south":{"uv":[9,0.25,9.625,0.3125],"texture":"#1"},"west":{"uv":[9.125,4.75,9.5,4.8125],"texture":"#1"},"up":{"uv":[8.125,6.5,7.5,6.125],"texture":"#1"},"down":{"uv":[8.125,6.5,7.5,6.875],"texture":"#1"}}},{"name":"body","from":[10,26.67779,11.34338],"to":[15,27.17779,14.09338],"rotation":{"angle":22.5,"axis":"x","origin":[8,23.30292,14.39199]},"faces":{"north":{"uv":[0.625,9,1.25,9.0625],"texture":"#1"},"east":{"uv":[4.875,9.125,5.25,9.1875],"texture":"#1"},"south":{"uv":[9,1.25,9.625,1.3125],"texture":"#1"},"west":{"uv":[9.125,4.875,9.5,4.9375],"texture":"#1"},"up":{"uv":[0.625,8,0,7.625],"texture":"#1"},"down":{"uv":[1.25,7.625,0.625,8],"texture":"#1"}}},{"name":"body","from":[10,20.05474,17.84953],"to":[15,22.80474,18.34953],"rotation":{"angle":-22.5,"axis":"x","origin":[8,23.30292,14.39199]},"faces":{"north":{"uv":[1.25,7.625,1.875,8],"texture":"#1"},"east":{"uv":[3.75,9.125,3.8125,9.5],"texture":"#1"},"south":{"uv":[1.875,7.625,2.5,8],"texture":"#1"},"west":{"uv":[4,9.125,4.0625,9.5],"texture":"#1"},"up":{"uv":[9.625,1.4375,9,1.375],"texture":"#1"},"down":{"uv":[9.625,1.5,9,1.5625],"texture":"#1"}}},{"name":"body","from":[10,26.26856,12.63326],"to":[15,26.76856,16.38326],"rotation":{"angle":45,"axis":"x","origin":[8,23.30292,14.39199]},"faces":{"north":{"uv":[9,1.625,9.625,1.6875],"texture":"#1"},"east":{"uv":[9.125,0.375,9.5625,0.4375],"texture":"#1"},"south":{"uv":[9,1.75,9.625,1.8125],"texture":"#1"},"west":{"uv":[9.125,0.5,9.5625,0.5625],"texture":"#1"},"up":{"uv":[5.875,6.9375,5.25,6.5],"texture":"#1"},"down":{"uv":[6.5,6.5,5.875,6.9375],"texture":"#1"}}},{"name":"body","from":[10,18.26384,20.03959],"to":[15,21.26384,20.53959],"rotation":{"angle":22.5,"axis":"x","origin":[8,23.30292,14.39199]},"faces":{"north":{"uv":[2.5,7.625,3.125,8],"texture":"#1"},"east":{"uv":[4.125,9.125,4.1875,9.5],"texture":"#1"},"south":{"uv":[3.125,7.625,3.75,8],"texture":"#1"},"west":{"uv":[9.125,5,9.1875,5.375],"texture":"#1"},"up":{"uv":[9.625,1.9375,9,1.875],"texture":"#1"},"down":{"uv":[9.625,2,9,2.0625],"texture":"#1"}}},{"name":"body","from":[10,19,21.5],"to":[15,21,22],"rotation":{"angle":45,"axis":"x","origin":[8,23.30292,14.39199]},"faces":{"north":{"uv":[5.5,8.25,6.125,8.5],"texture":"#1"},"east":{"uv":[1.875,9.25,1.9375,9.5],"texture":"#1"},"south":{"uv":[8.25,6.875,8.875,7.125],"texture":"#1"},"west":{"uv":[2,9.25,2.0625,9.5],"texture":"#1"},"up":{"uv":[2.75,9.0625,2.125,9],"texture":"#1"},"down":{"uv":[9.625,2.125,9,2.1875],"texture":"#1"}}},{"name":"body","from":[10,19.06648,18.79131],"to":[15,21.81648,19.29131],"rotation":{"angle":0,"axis":"y","origin":[8,23.30292,14.39199]},"faces":{"north":{"uv":[7.625,6.875,8.25,7.25],"texture":"#1"},"east":{"uv":[9.125,5.375,9.1875,5.75],"texture":"#1"},"south":{"uv":[7.625,7.25,8.25,7.625],"texture":"#1"},"west":{"uv":[5.625,9.125,5.6875,9.5],"texture":"#1"},"up":{"uv":[9.625,2.3125,9,2.25],"texture":"#1"},"down":{"uv":[3.375,9,2.75,9.0625],"texture":"#1"}}},{"name":"body","from":[-3,28.71288,9.24424],"to":[1,29.71288,12.24424],"rotation":{"angle":-22.5,"axis":"x","origin":[8,23.30292,14.39199]},"faces":{"north":{"uv":[5.25,4.5,5.75,4.625],"texture":"#1"},"east":{"uv":[1.375,8.75,1.75,8.875],"texture":"#1"},"south":{"uv":[0,6.125,0.5,6.25],"texture":"#1"},"west":{"uv":[1.75,8.75,2.125,8.875],"texture":"#1"},"up":{"uv":[2.5,5.75,2,5.375],"texture":"#1"},"down":{"uv":[8.25,1,7.75,1.375],"texture":"#1"}}},{"name":"body","from":[-3,19,6.5],"to":[1,21,7.5],"rotation":{"angle":45,"axis":"x","origin":[8,23.30292,14.39199]},"faces":{"north":{"uv":[8.375,2.125,8.875,2.375],"texture":"#1"},"east":{"uv":[5.375,9,5.5,9.25],"texture":"#1"},"south":{"uv":[2.375,8.375,2.875,8.625],"texture":"#1"},"west":{"uv":[5.5,9,5.625,9.25],"texture":"#1"},"up":{"uv":[1,6.25,0.5,6.125],"texture":"#1"},"down":{"uv":[1.5,6.125,1,6.25],"texture":"#1"}}},{"name":"body","from":[-3,27.40304,9.95474],"to":[1,28.40304,12.95474],"rotation":{"angle":0,"axis":"y","origin":[8,23.30292,14.39199]},"faces":{"north":{"uv":[8.25,7.5,8.75,7.625],"texture":"#1"},"east":{"uv":[2.125,8.75,2.5,8.875],"texture":"#1"},"south":{"uv":[8.5,0.25,9,0.375],"texture":"#1"},"west":{"uv":[2.5,8.75,2.875,8.875],"texture":"#1"},"up":{"uv":[8.25,1.75,7.75,1.375],"texture":"#1"},"down":{"uv":[8.25,1.75,7.75,2.125],"texture":"#1"}}},{"name":"body","from":[-3,26.46481,11.11241],"to":[1,27.46481,14.11241],"rotation":{"angle":22.5,"axis":"x","origin":[8,23.30292,14.39199]},"faces":{"north":{"uv":[6.5,8.5,7,8.625],"texture":"#1"},"east":{"uv":[2.875,8.75,3.25,8.875],"texture":"#1"},"south":{"uv":[7,8.5,7.5,8.625],"texture":"#1"},"west":{"uv":[3.25,8.75,3.625,8.875],"texture":"#1"},"up":{"uv":[7.5,8.125,7,7.75],"texture":"#1"},"down":{"uv":[8.375,2.125,7.875,2.5],"texture":"#1"}}},{"name":"body","from":[-3,26.04101,12.54101],"to":[1,27.29101,16.54101],"rotation":{"angle":45,"axis":"x","origin":[8,23.30292,14.39199]},"faces":{"north":{"uv":[7.5,8.5,8,8.625],"texture":"#1"},"east":{"uv":[8.5,7.625,9,7.75],"texture":"#1"},"south":{"uv":[8.5,7.75,9,7.875],"texture":"#1"},"west":{"uv":[8.5,7.875,9,8],"texture":"#1"},"up":{"uv":[4.75,7.5,4.25,7],"texture":"#1"},"down":{"uv":[5.25,7,4.75,7.5],"texture":"#1"}}},{"name":"body","from":[-3,19.82377,17.63654],"to":[1,22.82377,18.63654],"rotation":{"angle":-22.5,"axis":"x","origin":[8,23.30292,14.39199]},"faces":{"north":{"uv":[7.875,2.5,8.375,2.875],"texture":"#1"},"east":{"uv":[6.125,7.5,6.25,7.875],"texture":"#1"},"south":{"uv":[7.875,2.875,8.375,3.25],"texture":"#1"},"west":{"uv":[7.5,7.75,7.625,8.125],"texture":"#1"},"up":{"uv":[9,8.125,8.5,8],"texture":"#1"},"down":{"uv":[9,8.125,8.5,8.25],"texture":"#1"}}},{"name":"body","from":[-3,18.71292,18.64486],"to":[1,21.71292,19.64486],"rotation":{"angle":0,"axis":"y","origin":[8,23.30292,14.39199]},"faces":{"north":{"uv":[7.875,3.25,8.375,3.625],"texture":"#1"},"east":{"uv":[8.375,4.375,8.5,4.75],"texture":"#1"},"south":{"uv":[7.875,3.625,8.375,4],"texture":"#1"},"west":{"uv":[3.625,8.75,3.75,9.125],"texture":"#1"},"up":{"uv":[9,8.375,8.5,8.25],"texture":"#1"},"down":{"uv":[9,8.375,8.5,8.5],"texture":"#1"}}},{"name":"body","from":[-3,18.0725,20.00152],"to":[1,21.0725,21.00152],"rotation":{"angle":22.5,"axis":"x","origin":[8,23.30292,14.39199]},"faces":{"north":{"uv":[7.875,4,8.375,4.375],"texture":"#1"},"east":{"uv":[3.75,8.75,3.875,9.125],"texture":"#1"},"south":{"uv":[4.25,7.875,4.75,8.25],"texture":"#1"},"west":{"uv":[4.875,8.75,5,9.125],"texture":"#1"},"up":{"uv":[9,8.625,8.5,8.5],"texture":"#1"},"down":{"uv":[0.875,8.625,0.375,8.75],"texture":"#1"}}},{"name":"body","from":[-3,19,21.5],"to":[1,21,22.5],"rotation":{"angle":45,"axis":"x","origin":[8,23.30292,14.39199]},"faces":{"north":{"uv":[8.375,2.375,8.875,2.625],"texture":"#1"},"east":{"uv":[6.25,9,6.375,9.25],"texture":"#1"},"south":{"uv":[8.375,2.625,8.875,2.875],"texture":"#1"},"west":{"uv":[6.375,9,6.5,9.25],"texture":"#1"},"up":{"uv":[9.125,0.5,8.625,0.375],"texture":"#1"},"down":{"uv":[9.125,0.5,8.625,0.625],"texture":"#1"}}},{"name":"body","from":[15,28.71288,9.24424],"to":[19,29.71288,12.24424],"rotation":{"angle":-22.5,"axis":"x","origin":[8,23.30292,14.39199]},"faces":{"north":{"uv":[8.625,0.625,9.125,0.75],"texture":"#1"},"east":{"uv":[5,8.75,5.375,8.875],"texture":"#1"},"south":{"uv":[0.875,8.625,1.375,8.75],"texture":"#1"},"west":{"uv":[5.375,8.75,5.75,8.875],"texture":"#1"},"up":{"uv":[8.375,4.75,7.875,4.375],"texture":"#1"},"down":{"uv":[5.25,7.875,4.75,8.25],"texture":"#1"}}},{"name":"body","from":[15,19,6.5],"to":[19,21,7.5],"rotation":{"angle":45,"axis":"x","origin":[8,23.30292,14.39199]},"faces":{"north":{"uv":[2.875,8.375,3.375,8.625],"texture":"#1"},"east":{"uv":[6.5,9,6.625,9.25],"texture":"#1"},"south":{"uv":[8.375,2.875,8.875,3.125],"texture":"#1"},"west":{"uv":[6.625,9,6.75,9.25],"texture":"#1"},"up":{"uv":[1.875,8.75,1.375,8.625],"texture":"#1"},"down":{"uv":[2.375,8.625,1.875,8.75],"texture":"#1"}}},{"name":"body","from":[15,27.40304,9.95474],"to":[19,28.40304,12.95474],"rotation":{"angle":0,"axis":"y","origin":[8,23.30292,14.39199]},"faces":{"north":{"uv":[2.375,8.625,2.875,8.75],"texture":"#1"},"east":{"uv":[5.75,8.75,6.125,8.875],"texture":"#1"},"south":{"uv":[2.875,8.625,3.375,8.75],"texture":"#1"},"west":{"uv":[6.5,8.75,6.875,8.875],"texture":"#1"},"up":{"uv":[5.75,8.25,5.25,7.875],"texture":"#1"},"down":{"uv":[6.25,7.875,5.75,8.25],"texture":"#1"}}},{"name":"body","from":[15,26.46481,11.11241],"to":[19,27.46481,14.11241],"rotation":{"angle":22.5,"axis":"x","origin":[8,23.30292,14.39199]},"faces":{"north":{"uv":[3.375,8.625,3.875,8.75],"texture":"#1"},"east":{"uv":[6.875,8.75,7.25,8.875],"texture":"#1"},"south":{"uv":[8.625,4.375,9.125,4.5],"texture":"#1"},"west":{"uv":[7.25,8.75,7.625,8.875],"texture":"#1"},"up":{"uv":[0.5,8.375,0,8],"texture":"#1"},"down":{"uv":[8.5,0,8,0.375],"texture":"#1"}}},{"name":"body","from":[15,26.04101,12.54101],"to":[19,27.29101,16.54101],"rotation":{"angle":45,"axis":"x","origin":[8,23.30292,14.39199]},"faces":{"north":{"uv":[8.625,4.5,9.125,4.625],"texture":"#1"},"east":{"uv":[8.625,4.625,9.125,4.75],"texture":"#1"},"south":{"uv":[8.625,4.75,9.125,4.875],"texture":"#1"},"west":{"uv":[8.625,4.875,9.125,5],"texture":"#1"},"up":{"uv":[5.75,7.5,5.25,7],"texture":"#1"},"down":{"uv":[6.25,7,5.75,7.5],"texture":"#1"}}},{"name":"body","from":[15,19.82377,17.63654],"to":[19,22.82377,18.63654],"rotation":{"angle":-22.5,"axis":"x","origin":[8,23.30292,14.39199]},"faces":{"north":{"uv":[0.5,8,1,8.375],"texture":"#1"},"east":{"uv":[7.625,8.75,7.75,9.125],"texture":"#1"},"south":{"uv":[1,8,1.5,8.375],"texture":"#1"},"west":{"uv":[7.75,8.75,7.875,9.125],"texture":"#1"},"up":{"uv":[9.125,5.125,8.625,5],"texture":"#1"},"down":{"uv":[9.125,5.125,8.625,5.25],"texture":"#1"}}},{"name":"body","from":[15,18.71292,18.64486],"to":[19,21.71292,19.64486],"rotation":{"angle":0,"axis":"y","origin":[8,23.30292,14.39199]},"faces":{"north":{"uv":[1.5,8,2,8.375],"texture":"#1"},"east":{"uv":[7.875,8.75,8,9.125],"texture":"#1"},"south":{"uv":[2,8,2.5,8.375],"texture":"#1"},"west":{"uv":[8.5,8.75,8.625,9.125],"texture":"#1"},"up":{"uv":[9.125,5.375,8.625,5.25],"texture":"#1"},"down":{"uv":[9.125,5.375,8.625,5.5],"texture":"#1"}}},{"name":"body","from":[15,18.0725,20.00152],"to":[19,21.0725,21.00152],"rotation":{"angle":22.5,"axis":"x","origin":[8,23.30292,14.39199]},"faces":{"north":{"uv":[2.5,8,3,8.375],"texture":"#1"},"east":{"uv":[8.625,8.75,8.75,9.125],"texture":"#1"},"south":{"uv":[3,8,3.5,8.375],"texture":"#1"},"west":{"uv":[8.75,8.75,8.875,9.125],"texture":"#1"},"up":{"uv":[9.125,5.625,8.625,5.5],"texture":"#1"},"down":{"uv":[9.125,5.625,8.625,5.75],"texture":"#1"}}},{"name":"body","from":[15,19,21.5],"to":[19,21,22.5],"rotation":{"angle":45,"axis":"x","origin":[8,23.30292,14.39199]},"faces":{"north":{"uv":[8.375,3.125,8.875,3.375],"texture":"#1"},"east":{"uv":[6.75,9,6.875,9.25],"texture":"#1"},"south":{"uv":[3.375,8.375,3.875,8.625],"texture":"#1"},"west":{"uv":[6.875,9,7,9.25],"texture":"#1"},"up":{"uv":[9.125,5.875,8.625,5.75],"texture":"#1"},"down":{"uv":[9.125,5.875,8.625,6],"texture":"#1"}}},{"name":"body","from":[6,28.71288,9.24424],"to":[10,29.71288,12.24424],"rotation":{"angle":-22.5,"axis":"x","origin":[8,23.30292,14.39199]},"faces":{"north":{"uv":[8.625,6,9.125,6.125],"texture":"#1"},"east":{"uv":[8.75,7.5,9.125,7.625],"texture":"#1"},"south":{"uv":[8.625,6.125,9.125,6.25],"texture":"#1"},"west":{"uv":[0,8.875,0.375,9],"texture":"#1"},"up":{"uv":[4,8.375,3.5,8],"texture":"#1"},"down":{"uv":[8.5,4.75,8,5.125],"texture":"#1"}}},{"name":"body","from":[6,19,6.5],"to":[10,21,7.5],"rotation":{"angle":45,"axis":"x","origin":[8,23.30292,14.39199]},"faces":{"north":{"uv":[8.375,3.375,8.875,3.625],"texture":"#1"},"east":{"uv":[7,9,7.125,9.25],"texture":"#1"},"south":{"uv":[8.375,3.625,8.875,3.875],"texture":"#1"},"west":{"uv":[9,7.625,9.125,7.875],"texture":"#1"},"up":{"uv":[9.125,6.375,8.625,6.25],"texture":"#1"},"down":{"uv":[9.125,6.375,8.625,6.5],"texture":"#1"}}},{"name":"body","from":[6,27.40304,9.95474],"to":[10,28.40304,12.95474],"rotation":{"angle":0,"axis":"y","origin":[8,23.30292,14.39199]},"faces":{"north":{"uv":[6.5,8.625,7,8.75],"texture":"#1"},"east":{"uv":[0.375,8.875,0.75,9],"texture":"#1"},"south":{"uv":[8.625,6.5,9.125,6.625],"texture":"#1"},"west":{"uv":[0.75,8.875,1.125,9],"texture":"#1"},"up":{"uv":[8.5,5.5,8,5.125],"texture":"#1"},"down":{"uv":[8.5,7.625,8,8],"texture":"#1"}}},{"name":"body","from":[6,26.46481,11.11241],"to":[10,27.46481,14.11241],"rotation":{"angle":22.5,"axis":"x","origin":[8,23.30292,14.39199]},"faces":{"north":{"uv":[8.625,6.625,9.125,6.75],"texture":"#1"},"east":{"uv":[1.125,8.875,1.5,9],"texture":"#1"},"south":{"uv":[8.625,6.75,9.125,6.875],"texture":"#1"},"west":{"uv":[8.875,1.125,9.25,1.25],"texture":"#1"},"up":{"uv":[8.5,8.375,8,8],"texture":"#1"},"down":{"uv":[8.625,0.375,8.125,0.75],"texture":"#1"}}},{"name":"body","from":[6,26.04101,12.54101],"to":[10,27.29101,16.54101],"rotation":{"angle":45,"axis":"x","origin":[8,23.30292,14.39199]},"faces":{"north":{"uv":[7,8.625,7.5,8.75],"texture":"#1"},"east":{"uv":[8.625,7.125,9.125,7.25],"texture":"#1"},"south":{"uv":[8.625,7.25,9.125,7.375],"texture":"#1"},"west":{"uv":[8.625,7.375,9.125,7.5],"texture":"#1"},"up":{"uv":[7.5,6.25,7,5.75],"texture":"#1"},"down":{"uv":[7.5,6.5,7,7],"texture":"#1"}}},{"name":"body","from":[6,19.82377,17.63654],"to":[10,22.82377,18.63654],"rotation":{"angle":-22.5,"axis":"x","origin":[8,23.30292,14.39199]},"faces":{"north":{"uv":[8.125,5.75,8.625,6.125],"texture":"#1"},"east":{"uv":[8.875,1.25,9,1.625],"texture":"#1"},"south":{"uv":[8.125,6.125,8.625,6.5],"texture":"#1"},"west":{"uv":[1.5,8.875,1.625,9.25],"texture":"#1"},"up":{"uv":[8,8.75,7.5,8.625],"texture":"#1"},"down":{"uv":[9,8.625,8.5,8.75],"texture":"#1"}}},{"name":"body","from":[6,18.71292,18.64486],"to":[10,21.71292,19.64486],"rotation":{"angle":0,"axis":"y","origin":[8,23.30292,14.39199]},"faces":{"north":{"uv":[8.125,6.5,8.625,6.875],"texture":"#1"},"east":{"uv":[1.625,8.875,1.75,9.25],"texture":"#1"},"south":{"uv":[7,8.125,7.5,8.5],"texture":"#1"},"west":{"uv":[8.875,1.625,9,2],"texture":"#1"},"up":{"uv":[0.5,8.875,0,8.75],"texture":"#1"},"down":{"uv":[9.25,0,8.75,0.125],"texture":"#1"}}},{"name":"body","from":[6,18.0725,20.00152],"to":[10,21.0725,21.00152],"rotation":{"angle":22.5,"axis":"x","origin":[8,23.30292,14.39199]},"faces":{"north":{"uv":[7.5,8.125,8,8.5],"texture":"#1"},"east":{"uv":[1.75,8.875,1.875,9.25],"texture":"#1"},"south":{"uv":[8.25,0.75,8.75,1.125],"texture":"#1"},"west":{"uv":[1.875,8.875,2,9.25],"texture":"#1"},"up":{"uv":[9.25,0.25,8.75,0.125],"texture":"#1"},"down":{"uv":[1,8.75,0.5,8.875],"texture":"#1"}}},{"name":"body","from":[6,19,21.5],"to":[10,21,22.5],"rotation":{"angle":45,"axis":"x","origin":[8,23.30292,14.39199]},"faces":{"north":{"uv":[8.375,3.875,8.875,4.125],"texture":"#1"},"east":{"uv":[9,7.875,9.125,8.125],"texture":"#1"},"south":{"uv":[8.375,4.125,8.875,4.375],"texture":"#1"},"west":{"uv":[9,8.125,9.125,8.375],"texture":"#1"},"up":{"uv":[9.25,0.875,8.75,0.75],"texture":"#1"},"down":{"uv":[9.25,0.875,8.75,1],"texture":"#1"}}},{"name":"body","from":[-2,17,21.5],"to":[18,19,22.5],"rotation":{"angle":45,"axis":"x","origin":[8,23.30292,14.39199]},"faces":{"north":{"uv":[5.25,1.75,7.75,2],"texture":"#1"},"east":{"uv":[9,8.375,9.125,8.625],"texture":"#1"},"south":{"uv":[5.25,2,7.75,2.25],"texture":"#1"},"west":{"uv":[8.875,9,9,9.25],"texture":"#1"},"up":{"uv":[5,6.5,2.5,6.375],"texture":"#1"},"down":{"uv":[7.5,6.375,5,6.5],"texture":"#1"}}},{"name":"body","from":[-3,17,6.5],"to":[-2,19,22.5],"rotation":{"angle":45,"axis":"x","origin":[8,23.30292,14.39199]},"faces":{"north":{"uv":[9,9,9.125,9.25],"texture":"#1"},"east":{"uv":[5.25,4.25,7.25,4.5],"texture":"#1"},"south":{"uv":[0,9.125,0.125,9.375],"texture":"#1"},"west":{"uv":[0,5.375,2,5.625],"texture":"#1"},"up":{"uv":[6.375,9,6.25,7],"texture":"#1"},"down":{"uv":[6.5,7,6.375,9],"texture":"#1"}}},{"name":"body","from":[10.5,16,6.3],"to":[13.5,19,7.3],"rotation":{"angle":45,"axis":"x","origin":[12,23.30292,14.39199]},"faces":{"north":{"uv":[8.25,7.125,8.625,7.5],"texture":"#1"},"east":{"uv":[2,8.875,2.125,9.25],"texture":"#1"},"south":{"uv":[0,8.375,0.375,8.75],"texture":"#1"},"west":{"uv":[8.875,2,9,2.375],"texture":"#1"},"up":{"uv":[2.5,9,2.125,8.875],"texture":"#1"},"down":{"uv":[9.25,2.375,8.875,2.5],"texture":"#1"}}},{"name":"body","from":[2.5,16,6.3],"to":[5.5,19,7.3],"rotation":{"angle":45,"axis":"x","origin":[4,23.30292,14.39199]},"faces":{"north":{"uv":[8.25,7.125,8.625,7.5],"texture":"#1"},"east":{"uv":[2,8.875,2.125,9.25],"texture":"#1"},"south":{"uv":[0,8.375,0.375,8.75],"texture":"#1"},"west":{"uv":[8.875,2,9,2.375],"texture":"#1"},"up":{"uv":[2.5,9,2.125,8.875],"texture":"#1"},"down":{"uv":[9.25,2.375,8.875,2.5],"texture":"#1"}}},{"from":[-6.10088,1.15,17.36796],"to":[-2.10088,2.15,21.36796],"rotation":{"angle":0,"axis":"y","origin":[-4.10088,1.65,18.36796]},"faces":{"north":{"uv":[4,1,8,2],"texture":"#3"},"east":{"uv":[4,2,8,3],"texture":"#3"},"south":{"uv":[4,3,8,4],"texture":"#3"},"west":{"uv":[4,0,8,1],"texture":"#3"},"up":{"uv":[4,4,0,0],"rotation":270,"texture":"#3"},"down":{"uv":[4,4,0,8],"rotation":90,"texture":"#3"}}},{"from":[-2.65224,0.15,17.48463],"to":[1.34776,1.15,21.48463],"rotation":{"angle":45,"axis":"y","origin":[-4.43161,0.65,24.79628]},"faces":{"north":{"uv":[4,0,8,1],"texture":"#3"},"east":{"uv":[4,1,8,2],"texture":"#3"},"south":{"uv":[4,2,8,3],"texture":"#3"},"west":{"uv":[4,3,8,4],"texture":"#3"},"up":{"uv":[4,4,0,0],"texture":"#3"},"down":{"uv":[4,4,0,8],"texture":"#3"}}},{"from":[16.75,0.15,-6.66537],"to":[20.75,1.15,-2.66537],"rotation":{"angle":45,"axis":"y","origin":[20,0.65,-5.41537]},"faces":{"north":{"uv":[4,0,8,1],"texture":"#3"},"east":{"uv":[4,1,8,2],"texture":"#3"},"south":{"uv":[4,2,8,3],"texture":"#3"},"west":{"uv":[4,3,8,4],"texture":"#3"},"up":{"uv":[4,4,0,0],"texture":"#3"},"down":{"uv":[4,4,0,8],"texture":"#3"}}},{"from":[20.23364,0.15,-1.72392],"to":[24.23364,1.15,2.27608],"rotation":{"angle":0,"axis":"y","origin":[20.48364,0.65,-4.22392]},"faces":{"north":{"uv":[4,1,8,2],"texture":"#3"},"east":{"uv":[4,2,8,3],"texture":"#3"},"south":{"uv":[4,3,8,4],"texture":"#3"},"west":{"uv":[4,0,8,1],"texture":"#3"},"up":{"uv":[4,4,0,0],"rotation":270,"texture":"#3"},"down":{"uv":[4,4,0,8],"rotation":90,"texture":"#3"}}},{"from":[16.98364,0.15,17.52608],"to":[20.98364,1.15,21.52608],"rotation":{"angle":0,"axis":"y","origin":[21.23364,0.65,-0.72392]},"faces":{"north":{"uv":[4,1,8,2],"texture":"#3"},"east":{"uv":[4,2,8,3],"texture":"#3"},"south":{"uv":[4,3,8,4],"texture":"#3"},"west":{"uv":[4,0,8,1],"texture":"#3"},"up":{"uv":[4,4,0,0],"rotation":270,"texture":"#3"},"down":{"uv":[4,4,0,8],"rotation":90,"texture":"#3"}}},{"from":[-6.76636,0.15,-4.22392],"to":[-2.76636,1.15,-0.22392],"rotation":{"angle":22.5,"axis":"y","origin":[-6.76636,0.65,-1.22392]},"faces":{"north":{"uv":[4,1,8,2],"texture":"#3"},"east":{"uv":[4,2,8,3],"texture":"#3"},"south":{"uv":[4,3,8,4],"texture":"#3"},"west":{"uv":[4,0,8,1],"texture":"#3"},"up":{"uv":[4,4,0,0],"rotation":270,"texture":"#3"},"down":{"uv":[4,4,0,8],"rotation":90,"texture":"#3"}}},{"from":[-6.76636,1.15,-3.22392],"to":[-2.76636,2.15,0.77608],"rotation":{"angle":45,"axis":"y","origin":[-6.76636,0.65,-1.22392]},"faces":{"north":{"uv":[4,1,8,2],"texture":"#3"},"east":{"uv":[4,2,8,3],"texture":"#3"},"south":{"uv":[4,3,8,4],"texture":"#3"},"west":{"uv":[4,0,8,1],"texture":"#3"},"up":{"uv":[4,4,0,0],"rotation":270,"texture":"#3"},"down":{"uv":[4,4,0,8],"rotation":90,"texture":"#3"}}},{"from":[-6.76636,4.15,-4.22392],"to":[-2.76636,5.15,-0.22392],"rotation":{"angle":22.5,"axis":"y","origin":[-6.76636,4.65,-1.22392]},"faces":{"north":{"uv":[4,1,8,2],"texture":"#3"},"east":{"uv":[4,2,8,3],"texture":"#3"},"south":{"uv":[4,3,8,4],"texture":"#3"},"west":{"uv":[4,0,8,1],"texture":"#3"},"up":{"uv":[4,4,0,0],"rotation":270,"texture":"#3"},"down":{"uv":[4,4,0,8],"rotation":90,"texture":"#3"}}},{"from":[-2.12846,0.15,-6.28748],"to":[1.87154,1.15,-2.28748],"rotation":{"angle":0,"axis":"y","origin":[0.62154,0.65,-2.28748]},"faces":{"north":{"uv":[4,2,8,3],"texture":"#3"},"east":{"uv":[4,3,8,4],"texture":"#3"},"south":{"uv":[4,0,8,1],"texture":"#3"},"west":{"uv":[4,1,8,2],"texture":"#3"},"up":{"uv":[4,4,0,0],"rotation":180,"texture":"#3"},"down":{"uv":[4,4,0,8],"rotation":180,"texture":"#3"}}},{"from":[21.62154,0.15,14.96252],"to":[25.62154,1.15,18.96252],"rotation":{"angle":22.5,"axis":"y","origin":[21.87154,0.65,18.21252]},"faces":{"north":{"uv":[4,2,8,3],"texture":"#3"},"east":{"uv":[4,3,8,4],"texture":"#3"},"south":{"uv":[4,0,8,1],"texture":"#3"},"west":{"uv":[4,1,8,2],"texture":"#3"},"up":{"uv":[4,4,0,0],"rotation":180,"texture":"#3"},"down":{"uv":[4,4,0,8],"rotation":180,"texture":"#3"}}},{"from":[21.82154,1.8,8.46252],"to":[22.82154,5.8,12.46252],"rotation":{"angle":22.5,"axis":"z","origin":[26.87154,0.65,17.96252]},"faces":{"north":{"uv":[4,2,8,3],"rotation":270,"texture":"#3"},"east":{"uv":[4,4,0,0],"rotation":270,"texture":"#3"},"south":{"uv":[4,0,8,1],"rotation":90,"texture":"#3"},"west":{"uv":[4,4,0,8],"rotation":270,"texture":"#3"},"up":{"uv":[4,1,8,2],"rotation":90,"texture":"#3"},"down":{"uv":[4,3,8,4],"rotation":90,"texture":"#3"}}},{"from":[-8.01636,2.15,-5.22392],"to":[-4.01636,3.15,-1.22392],"rotation":{"angle":-22.5,"axis":"y","origin":[-6.76636,0.65,-1.22392]},"faces":{"north":{"uv":[4,2,8,3],"texture":"#3"},"east":{"uv":[4,3,8,4],"texture":"#3"},"south":{"uv":[4,0,8,1],"texture":"#3"},"west":{"uv":[4,1,8,2],"texture":"#3"},"up":{"uv":[4,4,0,0],"rotation":180,"texture":"#3"},"down":{"uv":[4,4,0,8],"rotation":180,"texture":"#3"}}},{"from":[-7.01636,3.15,-5.22392],"to":[-3.01636,4.15,-1.22392],"rotation":{"angle":0,"axis":"y","origin":[-6.76636,0.65,-1.22392]},"faces":{"north":{"uv":[4,2,8,3],"texture":"#3"},"east":{"uv":[4,3,8,4],"texture":"#3"},"south":{"uv":[4,0,8,1],"texture":"#3"},"west":{"uv":[4,1,8,2],"texture":"#3"},"up":{"uv":[4,4,0,0],"rotation":180,"texture":"#3"},"down":{"uv":[4,4,0,8],"rotation":180,"texture":"#3"}}},{"from":[-1.25,12.25,1.5],"to":[2.75,13.25,5.5],"rotation":{"angle":22.5,"axis":"y","origin":[0.75,12.75,3.5]},"faces":{"north":{"uv":[4,0,8,1],"texture":"#3"},"east":{"uv":[4,1,8,2],"texture":"#3"},"south":{"uv":[4,2,8,3],"texture":"#3"},"west":{"uv":[4,3,8,4],"texture":"#3"},"up":{"uv":[4,4,0,0],"texture":"#3"},"down":{"uv":[4,4,0,8],"texture":"#3"}}},{"from":[0.00909,12.15,6.10037],"to":[4.00909,13.15,10.10037],"rotation":{"angle":-22.5,"axis":"y","origin":[2.75909,12.75,8.35037]},"faces":{"north":{"uv":[4,1,8,2],"texture":"#3"},"east":{"uv":[4,2,8,3],"texture":"#3"},"south":{"uv":[4,3,8,4],"texture":"#3"},"west":{"uv":[4,0,8,1],"texture":"#3"},"up":{"uv":[4,4,0,0],"rotation":270,"texture":"#3"},"down":{"uv":[4,4,0,8],"rotation":90,"texture":"#3"}}},{"from":[4.25,12.25,2],"to":[8.25,13.25,6],"rotation":{"angle":45,"axis":"y","origin":[5.75,12.75,3.5]},"faces":{"north":{"uv":[4,0,8,1],"texture":"#3"},"east":{"uv":[4,1,8,2],"texture":"#3"},"south":{"uv":[4,2,8,3],"texture":"#3"},"west":{"uv":[4,3,8,4],"texture":"#3"},"up":{"uv":[4,4,0,0],"texture":"#3"},"down":{"uv":[4,4,0,8],"texture":"#3"}}},{"from":[10.50909,12.25,9.85037],"to":[14.50909,13.25,13.85037],"rotation":{"angle":-22.5,"axis":"y","origin":[12.50909,12.75,11.85037]},"faces":{"north":{"uv":[4,0,8,1],"texture":"#3"},"east":{"uv":[4,1,8,2],"texture":"#3"},"south":{"uv":[4,2,8,3],"texture":"#3"},"west":{"uv":[4,3,8,4],"texture":"#3"},"up":{"uv":[4,4,0,0],"texture":"#3"},"down":{"uv":[4,4,0,8],"texture":"#3"}}},{"from":[7,12.25,5],"to":[11,13.25,9],"rotation":{"angle":22.5,"axis":"y","origin":[10.5,12.75,7]},"faces":{"north":{"uv":[4,3,8,4],"texture":"#3"},"east":{"uv":[4,0,8,1],"texture":"#3"},"south":{"uv":[4,1,8,2],"texture":"#3"},"west":{"uv":[4,2,8,3],"texture":"#3"},"up":{"uv":[4,4,0,0],"rotation":90,"texture":"#3"},"down":{"uv":[4,4,0,8],"rotation":270,"texture":"#3"}}},{"from":[0.40866,13.25,9.24435],"to":[4.40866,14.25,13.24435],"rotation":{"angle":-22.5,"axis":"y","origin":[6.3753,13.75,6.81637]},"faces":{"north":{"uv":[4,1,8,2],"texture":"#3"},"east":{"uv":[4,2,8,3],"texture":"#3"},"south":{"uv":[4,3,8,4],"texture":"#3"},"west":{"uv":[4,0,8,1],"texture":"#3"},"up":{"uv":[4,4,0,0],"rotation":270,"texture":"#3"},"down":{"uv":[4,4,0,8],"rotation":90,"texture":"#3"}}},{"from":[1.62139,13.25,6.86746],"to":[5.62139,14.25,10.86746],"rotation":{"angle":22.5,"axis":"y","origin":[6.3753,13.75,6.81637]},"faces":{"north":{"uv":[4,1,8,2],"texture":"#3"},"east":{"uv":[4,2,8,3],"texture":"#3"},"south":{"uv":[4,3,8,4],"texture":"#3"},"west":{"uv":[4,0,8,1],"texture":"#3"},"up":{"uv":[4,4,0,0],"rotation":270,"texture":"#3"},"down":{"uv":[4,4,0,8],"rotation":90,"texture":"#3"}}},{"from":[2.08812,13.25,2.41349],"to":[6.08812,14.25,6.41349],"rotation":{"angle":0,"axis":"y","origin":[6.3753,13.75,6.81637]},"faces":{"north":{"uv":[4,1,8,2],"texture":"#3"},"east":{"uv":[4,2,8,3],"texture":"#3"},"south":{"uv":[4,3,8,4],"texture":"#3"},"west":{"uv":[4,0,8,1],"texture":"#3"},"up":{"uv":[4,4,0,0],"rotation":270,"texture":"#3"},"down":{"uv":[4,4,0,8],"rotation":90,"texture":"#3"}}},{"from":[11.96861,13.25,7.11988],"to":[15.96861,14.25,11.11988],"rotation":{"angle":22.5,"axis":"y","origin":[6.3753,13.75,6.81637]},"faces":{"north":{"uv":[4,0,8,1],"texture":"#3"},"east":{"uv":[4,1,8,2],"texture":"#3"},"south":{"uv":[4,2,8,3],"texture":"#3"},"west":{"uv":[4,3,8,4],"texture":"#3"},"up":{"uv":[4,4,0,0],"texture":"#3"},"down":{"uv":[4,4,0,8],"texture":"#3"}}},{"from":[6.1234,13.25,2.57591],"to":[10.1234,14.25,6.57591],"rotation":{"angle":-22.5,"axis":"y","origin":[6.3753,13.75,6.81637]},"faces":{"north":{"uv":[4,0,8,1],"texture":"#3"},"east":{"uv":[4,1,8,2],"texture":"#3"},"south":{"uv":[4,2,8,3],"texture":"#3"},"west":{"uv":[4,3,8,4],"texture":"#3"},"up":{"uv":[4,4,0,0],"texture":"#3"},"down":{"uv":[4,4,0,8],"texture":"#3"}}},{"from":[9.59776,12.25,1.48463],"to":[13.59776,13.25,5.48463],"rotation":{"angle":0,"axis":"y","origin":[12.34776,12.75,6.23463]},"faces":{"north":{"uv":[4,0,8,1],"texture":"#3"},"east":{"uv":[4,1,8,2],"texture":"#3"},"south":{"uv":[4,2,8,3],"texture":"#3"},"west":{"uv":[4,3,8,4],"texture":"#3"},"up":{"uv":[4,4,0,0],"texture":"#3"},"down":{"uv":[4,4,0,8],"texture":"#3"}}},{"from":[13.34776,12.15,1.73463],"to":[17.34776,13.15,5.73463],"rotation":{"angle":45,"axis":"y","origin":[16.34776,12.75,3.48463]},"faces":{"north":{"uv":[4,0,8,1],"texture":"#3"},"east":{"uv":[4,1,8,2],"texture":"#3"},"south":{"uv":[4,2,8,3],"texture":"#3"},"west":{"uv":[4,3,8,4],"texture":"#3"},"up":{"uv":[4,4,0,0],"texture":"#3"},"down":{"uv":[4,4,0,8],"texture":"#3"}}},{"from":[2.5,12.25,8],"to":[6.5,13.25,12],"rotation":{"angle":22.5,"axis":"y","origin":[9.75,12.75,7]},"faces":{"north":{"uv":[4,3,8,4],"texture":"#3"},"east":{"uv":[4,0,8,1],"texture":"#3"},"south":{"uv":[4,1,8,2],"texture":"#3"},"west":{"uv":[4,2,8,3],"texture":"#3"},"up":{"uv":[4,4,0,0],"rotation":90,"texture":"#3"},"down":{"uv":[4,4,0,8],"rotation":270,"texture":"#3"}}},{"from":[-2.25,12.25,6.5],"to":[1.75,13.25,10.5],"rotation":{"angle":22.5,"axis":"y","origin":[9.75,12.75,7]},"faces":{"north":{"uv":[4,3,8,4],"texture":"#3"},"east":{"uv":[4,0,8,1],"texture":"#3"},"south":{"uv":[4,1,8,2],"texture":"#3"},"west":{"uv":[4,2,8,3],"texture":"#3"},"up":{"uv":[4,4,0,0],"rotation":90,"texture":"#3"},"down":{"uv":[4,4,0,8],"rotation":270,"texture":"#3"}}},{"from":[14,12.25,6.5],"to":[18,13.25,10.5],"rotation":{"angle":-45,"axis":"y","origin":[15.5,12.75,7]},"faces":{"north":{"uv":[4,0,8,1],"texture":"#3"},"east":{"uv":[4,1,8,2],"texture":"#3"},"south":{"uv":[4,2,8,3],"texture":"#3"},"west":{"uv":[4,3,8,4],"texture":"#3"},"up":{"uv":[4,4,0,0],"texture":"#3"},"down":{"uv":[4,4,0,8],"texture":"#3"}}},{"from":[10.34776,14.25,6.48463],"to":[14.34776,15.25,10.48463],"rotation":{"angle":45,"axis":"y","origin":[8.56839,14.75,13.79628]},"faces":{"north":{"uv":[4,0,8,1],"texture":"#3"},"east":{"uv":[4,1,8,2],"texture":"#3"},"south":{"uv":[4,2,8,3],"texture":"#3"},"west":{"uv":[4,3,8,4],"texture":"#3"},"up":{"uv":[4,4,0,0],"texture":"#3"},"down":{"uv":[4,4,0,8],"texture":"#3"}}},{"from":[7.89912,15.25,6.36796],"to":[11.89912,16.25,10.36796],"rotation":{"angle":0,"axis":"y","origin":[8.89912,15.75,7.36796]},"faces":{"north":{"uv":[4,1,8,2],"texture":"#3"},"east":{"uv":[4,2,8,3],"texture":"#3"},"south":{"uv":[4,3,8,4],"texture":"#3"},"west":{"uv":[4,0,8,1],"texture":"#3"},"up":{"uv":[4,4,0,0],"rotation":270,"texture":"#3"},"down":{"uv":[4,4,0,8],"rotation":90,"texture":"#3"}}},{"from":[8.36103,13.25,8.26721],"to":[12.36103,14.25,12.26721],"rotation":{"angle":-22.5,"axis":"y","origin":[8.56839,13.75,8.79628]},"faces":{"north":{"uv":[4,0,8,1],"texture":"#3"},"east":{"uv":[4,1,8,2],"texture":"#3"},"south":{"uv":[4,2,8,3],"texture":"#3"},"west":{"uv":[4,3,8,4],"texture":"#3"},"up":{"uv":[4,4,0,0],"texture":"#3"},"down":{"uv":[4,4,0,8],"texture":"#3"}}},{"from":[13.86103,13.25,7.01721],"to":[17.86103,14.25,11.01721],"rotation":{"angle":-22.5,"axis":"y","origin":[8.56839,13.75,8.79628]},"faces":{"north":{"uv":[4,0,8,1],"texture":"#3"},"east":{"uv":[4,1,8,2],"texture":"#3"},"south":{"uv":[4,2,8,3],"texture":"#3"},"west":{"uv":[4,3,8,4],"texture":"#3"},"up":{"uv":[4,4,0,0],"texture":"#3"},"down":{"uv":[4,4,0,8],"texture":"#3"}}},{"from":[10.19962,14.25,6.62473],"to":[14.19962,15.25,10.62473],"rotation":{"angle":0,"axis":"y","origin":[8.56839,14.75,13.79628]},"faces":{"north":{"uv":[4,0,8,1],"texture":"#3"},"east":{"uv":[4,1,8,2],"texture":"#3"},"south":{"uv":[4,2,8,3],"texture":"#3"},"west":{"uv":[4,3,8,4],"texture":"#3"},"up":{"uv":[4,4,0,0],"texture":"#3"},"down":{"uv":[4,4,0,8],"texture":"#3"}}},{"from":[-0.5,0,-2],"to":[16.5,2,0],"shade":false,"rotation":{"angle":0,"axis":"y","origin":[8,7.5,8]},"faces":{"north":{"uv":[6,0,10.25,0.5],"texture":"#2"},"east":{"uv":[2,10.75,2.5,11.25],"texture":"#2"},"south":{"uv":[6,0.5,10.25,1],"texture":"#2"},"west":{"uv":[10.75,4.75,11.25,5.25],"texture":"#2"},"up":{"uv":[10.25,1.5,6,1],"texture":"#2"},"down":{"uv":[10.25,1.5,6,2],"texture":"#2"}}},{"from":[-0.5,0,16],"to":[16.5,2,18],"shade":false,"rotation":{"angle":0,"axis":"y","origin":[8,7.5,8]},"faces":{"north":{"uv":[6,2,10.25,2.5],"texture":"#2"},"east":{"uv":[10.75,5.25,11.25,5.75],"texture":"#2"},"south":{"uv":[6,2.5,10.25,3],"texture":"#2"},"west":{"uv":[10.75,5.75,11.25,6.25],"texture":"#2"},"up":{"uv":[10.25,3.5,6,3],"texture":"#2"},"down":{"uv":[10.25,3.5,6,4],"texture":"#2"}}},{"from":[19,0,2.5],"to":[21,2,13.5],"shade":false,"rotation":{"angle":0,"axis":"y","origin":[8,1,8]},"faces":{"north":{"uv":[6.5,10.75,7,11.25],"texture":"#2"},"east":{"uv":[0,10.25,2.75,10.75],"texture":"#2"},"south":{"uv":[7,10.75,7.5,11.25],"texture":"#2"},"west":{"uv":[10.25,0,13,0.5],"texture":"#2"},"up":{"uv":[10.75,3.25,10.25,0.5],"texture":"#2"},"down":{"uv":[3.25,10.25,2.75,13],"texture":"#2"}}},{"from":[-5,0,2.5],"to":[-3,2,13.5],"shade":false,"rotation":{"angle":0,"axis":"y","origin":[8,1,8]},"faces":{"north":{"uv":[7.5,10.75,8,11.25],"texture":"#2"},"east":{"uv":[3.25,10.25,6,10.75],"texture":"#2"},"south":{"uv":[8,10.75,8.5,11.25],"texture":"#2"},"west":{"uv":[10.25,3.25,13,3.75],"texture":"#2"},"up":{"uv":[10.75,6.5,10.25,3.75],"texture":"#2"},"down":{"uv":[6.5,10.25,6,13],"texture":"#2"}}},{"from":[-0.5,7.5,0.5],"to":[16.5,9.5,2.5],"shade":false,"rotation":{"angle":0,"axis":"y","origin":[8,7.5,8]},"faces":{"north":{"uv":[6,4,10.25,4.5],"texture":"#2"},"east":{"uv":[8.5,10.75,9,11.25],"texture":"#2"},"south":{"uv":[6,4.5,10.25,5],"texture":"#2"},"west":{"uv":[10.75,10.25,11.25,10.75],"texture":"#2"},"up":{"uv":[10.25,5.5,6,5],"texture":"#2"},"down":{"uv":[10.25,5.5,6,6],"texture":"#2"}}},{"from":[-2.5,7.5,2.5],"to":[-0.5,9.5,13.5],"shade":false,"rotation":{"angle":0,"axis":"y","origin":[8,7.5,8]},"faces":{"north":{"uv":[10.75,10.75,11.25,11.25],"texture":"#2"},"east":{"uv":[6.5,10.25,9.25,10.75],"texture":"#2"},"south":{"uv":[11.25,0.5,11.75,1],"texture":"#2"},"west":{"uv":[10.25,6.5,13,7],"texture":"#2"},"up":{"uv":[9.75,13,9.25,10.25],"texture":"#2"},"down":{"uv":[10.25,10.25,9.75,13],"texture":"#2"}}},{"from":[-0.5,7.5,13.5],"to":[16.5,9.5,15.5],"shade":false,"rotation":{"angle":0,"axis":"y","origin":[8,7.5,8]},"faces":{"north":{"uv":[6,6,10.25,6.5],"texture":"#2"},"east":{"uv":[11.25,1,11.75,1.5],"texture":"#2"},"south":{"uv":[6,6.5,10.25,7],"texture":"#2"},"west":{"uv":[11.25,1.5,11.75,2],"texture":"#2"},"up":{"uv":[10.25,7.5,6,7],"texture":"#2"},"down":{"uv":[10.25,7.5,6,8],"texture":"#2"}}},{"from":[16.5,7.5,2.5],"to":[18.5,9.5,13.5],"shade":false,"rotation":{"angle":0,"axis":"y","origin":[8,7.5,8]},"faces":{"north":{"uv":[2,11.25,2.5,11.75],"texture":"#2"},"east":{"uv":[10.25,7,13,7.5],"texture":"#2"},"south":{"uv":[11.25,2,11.75,2.5],"texture":"#2"},"west":{"uv":[10.25,7.5,13,8],"texture":"#2"},"up":{"uv":[10.75,13,10.25,10.25],"texture":"#2"},"down":{"uv":[0.5,10.75,0,13.5],"texture":"#2"}}},{"from":[-0.5,4.5,0.5],"to":[16.5,6.5,2.5],"shade":false,"rotation":{"angle":0,"axis":"y","origin":[8,7.5,8]},"faces":{"north":{"uv":[6,8,10.25,8.5],"texture":"#2"},"east":{"uv":[11.25,2.5,11.75,3],"texture":"#2"},"south":{"uv":[6,8.5,10.25,9],"texture":"#2"},"west":{"uv":[3.25,11.25,3.75,11.75],"texture":"#2"},"up":{"uv":[4.25,9.5,0,9],"texture":"#2"},"down":{"uv":[8.5,9,4.25,9.5],"texture":"#2"}}},{"from":[-2.5,4.5,2.5],"to":[-0.5,6.5,13.5],"shade":false,"rotation":{"angle":0,"axis":"y","origin":[8,7.5,8]},"faces":{"north":{"uv":[3.75,11.25,4.25,11.75],"texture":"#2"},"east":{"uv":[10.25,8,13,8.5],"texture":"#2"},"south":{"uv":[4.25,11.25,4.75,11.75],"texture":"#2"},"west":{"uv":[10.25,8.5,13,9],"texture":"#2"},"up":{"uv":[1,13.5,0.5,10.75],"texture":"#2"},"down":{"uv":[11.25,0.5,10.75,3.25],"texture":"#2"}}},{"from":[-0.5,4.5,13.5],"to":[16.5,6.5,15.5],"shade":false,"rotation":{"angle":0,"axis":"y","origin":[8,7.5,8]},"faces":{"north":{"uv":[8.5,9,12.75,9.5],"texture":"#2"},"east":{"uv":[4.75,11.25,5.25,11.75],"texture":"#2"},"south":{"uv":[0,9.5,4.25,10],"texture":"#2"},"west":{"uv":[11.25,4.75,11.75,5.25],"texture":"#2"},"up":{"uv":[8.5,10,4.25,9.5],"texture":"#2"},"down":{"uv":[12.75,9.5,8.5,10],"texture":"#2"}}},{"from":[16.5,4.5,2.5],"to":[18.5,6.5,13.5],"shade":false,"rotation":{"angle":0,"axis":"y","origin":[8,7.5,8]},"faces":{"north":{"uv":[5.25,11.25,5.75,11.75],"texture":"#2"},"east":{"uv":[3.25,10.75,6,11.25],"texture":"#2"},"south":{"uv":[11.25,5.25,11.75,5.75],"texture":"#2"},"west":{"uv":[10.75,3.75,13.5,4.25],"texture":"#2"},"up":{"uv":[1.5,13.5,1,10.75],"texture":"#2"},"down":{"uv":[2,10.75,1.5,13.5],"texture":"#2"}}},{"from":[-4,-0.025,-1],"to":[20,0.975,17],"rotation":{"angle":0,"axis":"y","origin":[0,3,0]},"faces":{"north":{"uv":[0,10,6,10.25],"texture":"#2"},"east":{"uv":[10.75,4.25,15.25,4.5],"texture":"#2"},"south":{"uv":[6,10,12,10.25],"texture":"#2"},"west":{"uv":[10.75,4.5,15.25,4.75],"texture":"#2"},"up":{"uv":[6,4.5,0,0],"texture":"#2"},"down":{"uv":[6,4.5,0,9],"texture":"#2"}}},{"from":[-8.5,4,7],"to":[-6.5,11,9],"shade":false,"rotation":{"angle":0,"axis":"y","origin":[8,1,8]},"faces":{"north":{"uv":[0.5,8.75,1,10.5],"texture":"#4"},"east":{"uv":[1,8.75,1.5,10.5],"texture":"#4"},"south":{"uv":[1.5,8.75,2,10.5],"texture":"#4"},"west":{"uv":[2,8.75,2.5,10.5],"texture":"#4"},"up":{"uv":[10.75,5.25,10.25,4.75],"texture":"#4"},"down":{"uv":[10.75,5.25,10.25,5.75],"texture":"#4"}}},{"from":[-8,11,7.5],"to":[-7,16,8.5],"shade":false,"rotation":{"angle":0,"axis":"y","origin":[8,1,8]},"faces":{"north":{"uv":[7,10,7.25,11.25],"texture":"#4"},"east":{"uv":[10.25,3.5,10.5,4.75],"texture":"#4"},"south":{"uv":[4.75,10.25,5,11.5],"texture":"#4"},"west":{"uv":[5,10.25,5.25,11.5],"texture":"#4"},"up":{"uv":[9.75,6,9.5,5.75],"texture":"#4"},"down":{"uv":[11,5.25,10.75,5.5],"texture":"#4"}}},{"from":[-9,0,6.5],"to":[-6,4,9.5],"shade":false,"rotation":{"angle":0,"axis":"y","origin":[8,1,8]},"faces":{"north":{"uv":[2.5,8.75,3.25,9.75],"texture":"#4"},"east":{"uv":[3.25,8.75,4,9.75],"texture":"#4"},"south":{"uv":[8.75,3.5,9.5,4.5],"texture":"#4"},"west":{"uv":[4,8.75,4.75,9.75],"texture":"#4"},"up":{"uv":[9.5,5.25,8.75,4.5],"texture":"#4"},"down":{"uv":[5.5,8.75,4.75,9.5],"texture":"#4"}}},{"from":[22.75,6.8,4.45],"to":[23.55,8.8,5.25],"shade":false,"rotation":{"angle":0,"axis":"y","origin":[8,0.8,8]},"faces":{"north":{"uv":[10.5,8.5,10.75,9],"texture":"#4"},"east":{"uv":[10.5,9,10.75,9.5],"texture":"#4"},"south":{"uv":[10.5,9.5,10.75,10],"texture":"#4"},"west":{"uv":[10.5,10,10.75,10.5],"texture":"#4"},"up":{"uv":[11,5.75,10.75,5.5],"texture":"#4"},"down":{"uv":[11,7.25,10.75,7.5],"texture":"#4"}}},{"from":[22.35,3.2,4.05],"to":[23.95,6.8,5.65],"shade":false,"rotation":{"angle":0,"axis":"y","origin":[8,0.8,8]},"faces":{"north":{"uv":[8.75,10,9.125,10.875],"texture":"#4"},"east":{"uv":[10,8.75,10.375,9.625],"texture":"#4"},"south":{"uv":[9.25,10,9.625,10.875],"texture":"#4"},"west":{"uv":[10,9.75,10.375,10.625],"texture":"#4"},"up":{"uv":[10.875,4.625,10.5,4.25],"texture":"#4"},"down":{"uv":[8.125,10.5,7.75,10.875],"texture":"#4"}}},{"from":[21.95,0,3.65],"to":[24.35,3.2,6.05],"shade":false,"rotation":{"angle":0,"axis":"y","origin":[8,0.8,8]},"faces":{"north":{"uv":[9.5,3.5,10.125,4.25],"texture":"#4"},"east":{"uv":[9.5,4.25,10.125,5],"texture":"#4"},"south":{"uv":[4.75,9.5,5.375,10.25],"texture":"#4"},"west":{"uv":[9.5,5,10.125,5.75],"texture":"#4"},"up":{"uv":[10.375,6.375,9.75,5.75],"texture":"#4"},"down":{"uv":[10.375,6.5,9.75,7.125],"texture":"#4"}}},{"from":[4.75,3.8,-3.8],"to":[5.55,8.8,-3],"shade":false,"rotation":{"angle":0,"axis":"y","origin":[8,0.8,8]},"faces":{"north":{"uv":[5.25,10.25,5.5,11.5],"texture":"#4"},"east":{"uv":[5.5,10.25,5.75,11.5],"texture":"#4"},"south":{"uv":[5.75,10.25,6,11.5],"texture":"#4"},"west":{"uv":[6,10.25,6.25,11.5],"texture":"#4"},"up":{"uv":[11,7.75,10.75,7.5],"texture":"#4"},"down":{"uv":[11,7.75,10.75,8],"texture":"#4"}}},{"from":[7.5,-0.05,-3.8],"to":[8.3,1.95,-3],"shade":false,"rotation":{"angle":0,"axis":"y","origin":[8,0.8,8]},"faces":{"north":{"uv":[10.5,10.5,10.75,11],"texture":"#4"},"east":{"uv":[0,10.75,0.25,11.25],"texture":"#4"},"south":{"uv":[0.25,10.75,0.5,11.25],"texture":"#4"},"west":{"uv":[10.75,4.75,11,5.25],"texture":"#4"},"up":{"uv":[11,8.75,10.75,8.5],"texture":"#4"},"down":{"uv":[11,8.75,10.75,9],"texture":"#4"}}},{"from":[4.35,3.2,-4.2],"to":[5.95,5.8,-2.6],"shade":false,"rotation":{"angle":0,"axis":"y","origin":[8,0.8,8]},"faces":{"north":{"uv":[10.5,3.5,10.875,4.125],"texture":"#4"},"east":{"uv":[4,10.5,4.375,11.125],"texture":"#4"},"south":{"uv":[10.5,5.75,10.875,6.375],"texture":"#4"},"west":{"uv":[10.5,6.5,10.875,7.125],"texture":"#4"},"up":{"uv":[10.875,8.375,10.5,8],"texture":"#4"},"down":{"uv":[8.625,10.5,8.25,10.875],"texture":"#4"}}},{"from":[3.95,0,-4.6],"to":[6.35,3.2,-2.2],"shade":false,"rotation":{"angle":0,"axis":"y","origin":[8,0.8,8]},"faces":{"north":{"uv":[5.5,9.5,6.125,10.25],"texture":"#4"},"east":{"uv":[2.5,9.75,3.125,10.5],"texture":"#4"},"south":{"uv":[3.25,9.75,3.875,10.5],"texture":"#4"},"west":{"uv":[4,9.75,4.625,10.5],"texture":"#4"},"up":{"uv":[10.375,7.875,9.75,7.25],"texture":"#4"},"down":{"uv":[10.375,8,9.75,8.625],"texture":"#4"}}},{"from":[6,0,19.5],"to":[9,6,22.5],"shade":false,"rotation":{"angle":0,"axis":"y","origin":[8,1,8]},"faces":{"north":{"uv":[6.5,7,7.25,8.5],"texture":"#4"},"east":{"uv":[7.25,7,8,8.5],"texture":"#4"},"south":{"uv":[8,7,8.75,8.5],"texture":"#4"},"west":{"uv":[6.5,8.5,7.25,10],"texture":"#4"},"up":{"uv":[9.5,6,8.75,5.25],"texture":"#4"},"down":{"uv":[6.25,8.75,5.5,9.5],"texture":"#4"}}},{"from":[6.5,6,20],"to":[8.5,14,22],"shade":false,"rotation":{"angle":0,"axis":"y","origin":[8,1,8]},"faces":{"north":{"uv":[7.25,8.5,7.75,10.5],"texture":"#4"},"east":{"uv":[7.75,8.5,8.25,10.5],"texture":"#4"},"south":{"uv":[8.25,8.5,8.75,10.5],"texture":"#4"},"west":{"uv":[0,8.75,0.5,10.75],"texture":"#4"},"up":{"uv":[1,11,0.5,10.5],"texture":"#4"},"down":{"uv":[1.5,10.5,1,11],"texture":"#4"}}},{"from":[7,14,20.5],"to":[8,20,21.5],"shade":false,"rotation":{"angle":0,"axis":"y","origin":[8,1,8]},"faces":{"north":{"uv":[6.25,8.75,6.5,10.25],"texture":"#4"},"east":{"uv":[9.75,8.75,10,10.25],"texture":"#4"},"south":{"uv":[6.5,10,6.75,11.5],"texture":"#4"},"west":{"uv":[6.75,10,7,11.5],"texture":"#4"},"up":{"uv":[11,9.25,10.75,9],"texture":"#4"},"down":{"uv":[11,9.25,10.75,9.5],"texture":"#4"}}},{"from":[2.5,0,21],"to":[4.5,4,23],"shade":false,"rotation":{"angle":0,"axis":"y","origin":[8,1,8]},"faces":{"north":{"uv":[8.75,6,9.25,7],"texture":"#4"},"east":{"uv":[8.75,7,9.25,8],"texture":"#4"},"south":{"uv":[8.75,8,9.25,9],"texture":"#4"},"west":{"uv":[8.75,9,9.25,10],"texture":"#4"},"up":{"uv":[2,11,1.5,10.5],"texture":"#4"},"down":{"uv":[2.5,10.5,2,11],"texture":"#4"}}},{"from":[3,4,21.5],"to":[4,8,22.5],"shade":false,"rotation":{"angle":0,"axis":"y","origin":[8,1,8]},"faces":{"north":{"uv":[6.25,10.25,6.5,11.25],"texture":"#4"},"east":{"uv":[9.75,10.25,10,11.25],"texture":"#4"},"south":{"uv":[2.5,10.5,2.75,11.5],"texture":"#4"},"west":{"uv":[2.75,10.5,3,11.5],"texture":"#4"},"up":{"uv":[11,9.75,10.75,9.5],"texture":"#4"},"down":{"uv":[11,9.75,10.75,10],"texture":"#4"}}},{"from":[-7,4,3.5],"to":[-6,7,4.5],"shade":false,"rotation":{"angle":0,"axis":"y","origin":[8,1,8]},"faces":{"north":{"uv":[4.5,10.5,4.75,11.25],"texture":"#4"},"east":{"uv":[7.25,10.5,7.5,11.25],"texture":"#4"},"south":{"uv":[10.5,7.25,10.75,8],"texture":"#4"},"west":{"uv":[7.5,10.5,7.75,11.25],"texture":"#4"},"up":{"uv":[10.25,11,10,10.75],"texture":"#4"},"down":{"uv":[11,10,10.75,10.25],"texture":"#4"}}},{"from":[-7.5,0,3],"to":[-5.5,4,5],"shade":false,"rotation":{"angle":0,"axis":"y","origin":[8,1,8]},"faces":{"north":{"uv":[9.25,6,9.75,7],"texture":"#4"},"east":{"uv":[9.25,7,9.75,8],"texture":"#4"},"south":{"uv":[9.25,8,9.75,9],"texture":"#4"},"west":{"uv":[9.25,9,9.75,10],"texture":"#4"},"up":{"uv":[3.5,11,3,10.5],"texture":"#4"},"down":{"uv":[4,10.5,3.5,11],"texture":"#4"}}},{"from":[-2.75,17.5,4.5],"to":[18.75,24.5,4.501],"faces":{"north":{"uv":[0,0,5.375,1.75],"texture":"#4"},"east":{"uv":[0,0,0,1.75],"texture":"#4"},"south":{"uv":[0,1.75,5.375,3.5],"texture":"#4"},"west":{"uv":[0,0,0,1.75],"texture":"#4"},"up":{"uv":[5.375,0,0,0],"texture":"#4"},"down":{"uv":[5.375,0,0,0],"texture":"#4"}}},{"from":[-2.75,5,0.2],"to":[18.75,12,0.201],"faces":{"north":{"uv":[0,3.5,5.375,5.25],"texture":"#4"},"east":{"uv":[0,0,0,1.75],"texture":"#4"},"south":{"uv":[0,5.25,5.375,7],"texture":"#4"},"west":{"uv":[0,0,0,1.75],"texture":"#4"},"up":{"uv":[5.375,0,0,0],"texture":"#4"},"down":{"uv":[5.375,0,0,0],"texture":"#4"}}},{"from":[-2.75,5.25,15.7],"to":[18.75,12.25,15.701],"faces":{"north":{"uv":[5.5,0,10.875,1.75],"texture":"#4"},"east":{"uv":[0,0,0,1.75],"texture":"#4"},"south":{"uv":[5.5,1.75,10.875,3.5],"texture":"#4"},"west":{"uv":[0,0,0,1.75],"texture":"#4"},"up":{"uv":[5.375,0,0,0],"texture":"#4"},"down":{"uv":[5.375,0,0,0],"texture":"#4"}}},{"from":[-2.6005,5,2.2005],"to":[-2.5995,12,14.7005],"rotation":{"angle":0,"axis":"y","origin":[8,8.625,7.9505]},"faces":{"north":{"uv":[0,0,0,1.75],"texture":"#4"},"east":{"uv":[5.5,3.5,8.625,5.25],"texture":"#4"},"south":{"uv":[0,0,0,1.75],"texture":"#4"},"west":{"uv":[5.5,5.25,8.625,7],"texture":"#4"},"up":{"uv":[0,3.125,0,0],"texture":"#4"},"down":{"uv":[0,0,0,3.125],"texture":"#4"}}},{"from":[18.7245,5.25,2.2005],"to":[18.7255,12.25,14.7005],"rotation":{"angle":0,"axis":"y","origin":[8,8.625,7.9505]},"faces":{"north":{"uv":[0,0,0,1.75],"texture":"#4"},"east":{"uv":[0,7,3.125,8.75],"texture":"#4"},"south":{"uv":[0,0,0,1.75],"texture":"#4"},"west":{"uv":[3.25,7,6.375,8.75],"texture":"#4"},"up":{"uv":[0,3.125,0,0],"texture":"#4"},"down":{"uv":[0,0,0,3.125],"texture":"#4"}}}],"display":{"thirdperson_righthand":{"rotation":[30,0,0],"scale":[0.25,0.25,0.25]},"thirdperson_lefthand":{"rotation":[30,0,0],"scale":[0.25,0.25,0.25]},"firstperson_righthand":{"scale":[0.25,0.25,0.25]},"firstperson_lefthand":{"scale":[0.25,0.25,0.25]},"ground":{"scale":[0.25,0.25,0.25]},"gui":{"rotation":[30,145,0],"translation":[0,-1.5,0],"scale":[0.4,0.4,0.4]},"head":{"translation":[0,-37.5,0],"scale":[1.5,1.5,1.5]},"fixed":{"translation":[0,-1.75,-3.75],"scale":[0.5,0.5,0.5]}}}