{"credit":"Made with Blockbench","texture_size":[64,64],"textures":{"1":"custom_crates:base_crate_body_texture_magma","2":"custom_crates:magma_crate_exo","3":"custom_crates:goobits_coin_magma","4":"custom_crates:magma_crate_details","particle":"custom_crates:base_crate_body_texture_magma"},"elements":[{"name":"body","from":[-2,14,0],"to":[18,16,1],"rotation":{"angle":0,"axis":"y","origin":[18,16,8]},"faces":{"north":{"uv":[0,5.125,2.5,5.375],"texture":"#1"},"east":{"uv":[6.875,6,7,6.25],"texture":"#1"},"south":{"uv":[5.25,0.5,7.75,0.75],"texture":"#1"},"west":{"uv":[7.75,4.5,7.875,4.75],"texture":"#1"},"up":{"uv":[8.5,5.625,6,5.5],"texture":"#1"},"down":{"uv":[8.5,5.625,6,5.75],"texture":"#1"}}},{"name":"body","from":[18,14,0],"to":[19,16,16],"rotation":{"angle":0,"axis":"y","origin":[0,3,0]},"faces":{"north":{"uv":[8.125,0.75,8.25,1],"texture":"#1"},"east":{"uv":[5.25,2.25,7.25,2.5],"texture":"#1"},"south":{"uv":[3.375,8.875,3.5,9.125],"texture":"#1"},"west":{"uv":[5.25,2.5,7.25,2.75],"texture":"#1"},"up":{"uv":[6.625,8.5,6.5,6.5],"texture":"#1"},"down":{"uv":[6.75,6.5,6.625,8.5],"texture":"#1"}}},{"name":"body","from":[-2,14,15],"to":[18,16,16],"rotation":{"angle":0,"axis":"y","origin":[18,16,8]},"faces":{"north":{"uv":[5.25,0.75,7.75,1],"texture":"#1"},"east":{"uv":[3.5,8.875,3.625,9.125],"texture":"#1"},"south":{"uv":[5.25,1,7.75,1.25],"texture":"#1"},"west":{"uv":[5.625,8.875,5.75,9.125],"texture":"#1"},"up":{"uv":[2.5,6.375,0,6.25],"texture":"#1"},"down":{"uv":[5,6.25,2.5,6.375],"texture":"#1"}}},{"name":"body","from":[-3,14,0],"to":[-2,16,16],"rotation":{"angle":0,"axis":"y","origin":[0,3,0]},"faces":{"north":{"uv":[5.75,8.875,5.875,9.125],"texture":"#1"},"east":{"uv":[5.25,2.75,7.25,3],"texture":"#1"},"south":{"uv":[5.875,8.875,6,9.125],"texture":"#1"},"west":{"uv":[5.25,3,7.25,3.25],"texture":"#1"},"up":{"uv":[6.875,8.5,6.75,6.5],"texture":"#1"},"down":{"uv":[7,6.5,6.875,8.5],"texture":"#1"}}},{"name":"body","from":[10.5,12.1,-0.1],"to":[13.5,16.1,0.9],"rotation":{"angle":0,"axis":"y","origin":[22,16,8]},"faces":{"north":{"uv":[7.625,7.625,8,8.125],"texture":"#1"},"east":{"uv":[2.5,4,2.625,4.5],"texture":"#1"},"south":{"uv":[7.75,0.5,8.125,1],"texture":"#1"},"west":{"uv":[2.625,4,2.75,4.5],"texture":"#1"},"up":{"uv":[1.375,8.875,1,8.75],"texture":"#1"},"down":{"uv":[9.125,1,8.75,1.125],"texture":"#1"}}},{"name":"body","from":[2.5,12.1,-0.1],"to":[5.5,16.1,0.9],"rotation":{"angle":0,"axis":"y","origin":[14,16,8]},"faces":{"north":{"uv":[7.625,7.625,8,8.125],"texture":"#1"},"east":{"uv":[2.5,4,2.625,4.5],"texture":"#1"},"south":{"uv":[7.75,0.5,8.125,1],"texture":"#1"},"west":{"uv":[2.625,4,2.75,4.5],"texture":"#1"},"up":{"uv":[1.375,8.875,1,8.75],"texture":"#1"},"down":{"uv":[9.125,1,8.75,1.125],"texture":"#1"}}},{"from":[-2,5,1],"to":[18,14,15],"rotation":{"angle":0,"axis":"y","origin":[0,3,0]},"faces":{"north":{"uv":[2.75,3.5,5.25,4.625],"texture":"#1"},"east":{"uv":[2.5,4.625,4.25,5.75],"texture":"#1"},"south":{"uv":[0,4,2.5,5.125],"texture":"#1"},"west":{"uv":[4.25,4.625,6,5.75],"texture":"#1"},"up":{"uv":[5.25,1.75,2.75,0],"texture":"#1"},"down":{"uv":[5.25,1.75,2.75,3.5],"texture":"#1"}}},{"from":[-2.5,5,0.5],"to":[-0.5,14,2.5],"rotation":{"angle":0,"axis":"y","origin":[0,3,0]},"faces":{"north":{"uv":[0,6.5,0.25,7.625],"texture":"#1"},"east":{"uv":[0.25,6.5,0.5,7.625],"texture":"#1"},"south":{"uv":[0.5,6.5,0.75,7.625],"texture":"#1"},"west":{"uv":[0.75,6.5,1,7.625],"texture":"#1"},"up":{"uv":[6.875,6.25,6.625,6],"texture":"#1"},"down":{"uv":[4,7.625,3.75,7.875],"texture":"#1"}}},{"from":[-2.5,5,13.5],"to":[-0.5,14,15.5],"rotation":{"angle":0,"axis":"y","origin":[0,3,0]},"faces":{"north":{"uv":[1,6.5,1.25,7.625],"texture":"#1"},"east":{"uv":[1.25,6.5,1.5,7.625],"texture":"#1"},"south":{"uv":[1.5,6.5,1.75,7.625],"texture":"#1"},"west":{"uv":[1.75,6.5,2,7.625],"texture":"#1"},"up":{"uv":[8.75,0.25,8.5,0],"texture":"#1"},"down":{"uv":[5.125,8.5,4.875,8.75],"texture":"#1"}}},{"from":[16.5,5,0.5],"to":[18.5,14,2.5],"rotation":{"angle":0,"axis":"y","origin":[0,3,0]},"faces":{"north":{"uv":[2,6.5,2.25,7.625],"texture":"#1"},"east":{"uv":[2.25,6.5,2.5,7.625],"texture":"#1"},"south":{"uv":[2.5,6.5,2.75,7.625],"texture":"#1"},"west":{"uv":[2.75,6.5,3,7.625],"texture":"#1"},"up":{"uv":[5.375,8.75,5.125,8.5],"texture":"#1"},"down":{"uv":[5.625,8.5,5.375,8.75],"texture":"#1"}}},{"from":[16.5,5,13.5],"to":[18.5,14,15.5],"rotation":{"angle":0,"axis":"y","origin":[0,3,0]},"faces":{"north":{"uv":[3,6.5,3.25,7.625],"texture":"#1"},"east":{"uv":[3.25,6.5,3.5,7.625],"texture":"#1"},"south":{"uv":[3.5,6.5,3.75,7.625],"texture":"#1"},"west":{"uv":[3.75,6.5,4,7.625],"texture":"#1"},"up":{"uv":[5.875,8.75,5.625,8.5],"texture":"#1"},"down":{"uv":[6.125,8.5,5.875,8.75],"texture":"#1"}}},{"from":[-3,3,0],"to":[19,5,16],"rotation":{"angle":0,"axis":"y","origin":[0,3,0]},"faces":{"north":{"uv":[5.25,0,8,0.25],"texture":"#1"},"east":{"uv":[5.25,3.25,7.25,3.5],"texture":"#1"},"south":{"uv":[5.25,0.25,8,0.5],"texture":"#1"},"west":{"uv":[5.25,3.5,7.25,3.75],"texture":"#1"},"up":{"uv":[2.75,2,0,0],"texture":"#1"},"down":{"uv":[2.75,2,0,4],"texture":"#1"}}},{"name":"body","from":[18,19,6.5],"to":[19,21,22.5],"rotation":{"angle":45,"axis":"x","origin":[8,25.30292,14.39199]},"faces":{"north":{"uv":[6,8.875,6.125,9.125],"texture":"#1"},"east":{"uv":[5.25,3.75,7.25,4],"texture":"#1"},"south":{"uv":[7.125,8.875,7.25,9.125],"texture":"#1"},"west":{"uv":[5.25,4,7.25,4.25],"texture":"#1"},"up":{"uv":[4.125,9,4,7],"texture":"#1"},"down":{"uv":[4.25,7,4.125,9],"texture":"#1"}}},{"name":"body","from":[18,23,7.5],"to":[18.5,25,21.5],"rotation":{"angle":45,"axis":"x","origin":[8,25.30292,14.39199]},"faces":{"north":{"uv":[5.75,9.125,5.8125,9.375],"texture":"#1"},"east":{"uv":[0,5.625,1.75,5.875],"texture":"#1"},"south":{"uv":[9.125,5.75,9.1875,6],"texture":"#1"},"west":{"uv":[1.75,5.75,3.5,6],"texture":"#1"},"up":{"uv":[6.1875,10,6.125,8.25],"texture":"#1"},"down":{"uv":[3.9375,8.375,3.875,10.125],"texture":"#1"}}},{"name":"body","from":[18,21,7.5],"to":[18.5,23,21.5],"rotation":{"angle":45,"axis":"x","origin":[8,25.30292,14.39199]},"faces":{"north":{"uv":[5.875,9.125,5.9375,9.375],"texture":"#1"},"east":{"uv":[3.5,5.75,5.25,6],"texture":"#1"},"south":{"uv":[6,9.125,6.0625,9.375],"texture":"#1"},"west":{"uv":[5.25,5.75,7,6],"texture":"#1"},"up":{"uv":[8.0625,10.125,8,8.375],"texture":"#1"},"down":{"uv":[8.1875,8.375,8.125,10.125],"texture":"#1"}}},{"name":"body","from":[18,25,9],"to":[18.5,27,20],"rotation":{"angle":45,"axis":"x","origin":[8,25.30292,14.39199]},"faces":{"north":{"uv":[9.125,6,9.1875,6.25],"texture":"#1"},"east":{"uv":[6,4.75,7.375,5],"texture":"#1"},"south":{"uv":[9.125,6.25,9.1875,6.5],"texture":"#1"},"west":{"uv":[6,5,7.375,5.25],"texture":"#1"},"up":{"uv":[8.5625,5.75,8.5,4.375],"texture":"#1"},"down":{"uv":[4.5625,8.5,4.5,9.875],"texture":"#1"}}},{"name":"body","from":[18,25,20],"to":[18.5,26,21],"rotation":{"angle":45,"axis":"x","origin":[8,25.30292,14.39199]},"faces":{"north":{"uv":[9.25,1.125,9.3125,1.25],"texture":"#1"},"east":{"uv":[7.5,6.875,7.625,7],"texture":"#1"},"south":{"uv":[2.125,9.25,2.1875,9.375],"texture":"#1"},"west":{"uv":[7.75,2.125,7.875,2.25],"texture":"#1"},"up":{"uv":[2.3125,9.375,2.25,9.25],"texture":"#1"},"down":{"uv":[2.4375,9.25,2.375,9.375],"texture":"#1"}}},{"name":"body","from":[18,27,16.5],"to":[18.5,28,18.5],"rotation":{"angle":45,"axis":"x","origin":[8,25.30292,14.39199]},"faces":{"north":{"uv":[9.25,2.375,9.3125,2.5],"texture":"#1"},"east":{"uv":[2.5,4.5,2.75,4.625],"texture":"#1"},"south":{"uv":[2.5,9.25,2.5625,9.375],"texture":"#1"},"west":{"uv":[1.75,5.625,2,5.75],"texture":"#1"},"up":{"uv":[9.1875,6.75,9.125,6.5],"texture":"#1"},"down":{"uv":[7.1875,9.125,7.125,9.375],"texture":"#1"}}},{"name":"body","from":[18,27,12.5],"to":[18.5,29,16.5],"rotation":{"angle":45,"axis":"x","origin":[8,25.30292,14.39199]},"faces":{"north":{"uv":[9.125,7.125,9.1875,7.375],"texture":"#1"},"east":{"uv":[0.375,8.375,0.875,8.625],"texture":"#1"},"south":{"uv":[9.125,7.375,9.1875,7.625],"texture":"#1"},"west":{"uv":[0.875,8.375,1.375,8.625],"texture":"#1"},"up":{"uv":[7.3125,9.375,7.25,8.875],"texture":"#1"},"down":{"uv":[7.4375,8.875,7.375,9.375],"texture":"#1"}}},{"name":"body","from":[18,27,10.5],"to":[18.5,28,12.5],"rotation":{"angle":45,"axis":"x","origin":[8,25.30292,14.39199]},"faces":{"north":{"uv":[2.625,9.25,2.6875,9.375],"texture":"#1"},"east":{"uv":[5.75,4.5,6,4.625],"texture":"#1"},"south":{"uv":[2.75,9.25,2.8125,9.375],"texture":"#1"},"west":{"uv":[1.5,6.125,1.75,6.25],"texture":"#1"},"up":{"uv":[7.6875,9.375,7.625,9.125],"texture":"#1"},"down":{"uv":[9.1875,7.625,9.125,7.875],"texture":"#1"}}},{"name":"body","from":[18,25,8],"to":[18.5,26,9],"rotation":{"angle":45,"axis":"x","origin":[8,25.30292,14.39199]},"faces":{"north":{"uv":[2.875,9.25,2.9375,9.375],"texture":"#1"},"east":{"uv":[8,0.375,8.125,0.5],"texture":"#1"},"south":{"uv":[3,9.25,3.0625,9.375],"texture":"#1"},"west":{"uv":[9.125,6.75,9.25,6.875],"texture":"#1"},"up":{"uv":[3.1875,9.375,3.125,9.25],"texture":"#1"},"down":{"uv":[4.9375,9.25,4.875,9.375],"texture":"#1"}}},{"name":"body","from":[18,27,9.5],"to":[18.5,27.5,10.5],"rotation":{"angle":45,"axis":"x","origin":[8,25.30292,14.39199]},"faces":{"north":{"uv":[9.25,7.25,9.3125,7.3125],"texture":"#1"},"east":{"uv":[5,9.25,5.125,9.3125],"texture":"#1"},"south":{"uv":[9.25,7.375,9.3125,7.4375],"texture":"#1"},"west":{"uv":[9.25,5,9.375,5.0625],"texture":"#1"},"up":{"uv":[5.1875,9.375,5.125,9.25],"texture":"#1"},"down":{"uv":[9.3125,5.125,9.25,5.25],"texture":"#1"}}},{"name":"body","from":[18,27,18.5],"to":[18.5,27.5,19.5],"rotation":{"angle":45,"axis":"x","origin":[8,25.30292,14.39199]},"faces":{"north":{"uv":[9.25,7.5,9.3125,7.5625],"texture":"#1"},"east":{"uv":[5.25,9.25,5.375,9.3125],"texture":"#1"},"south":{"uv":[9.25,7.625,9.3125,7.6875],"texture":"#1"},"west":{"uv":[9.25,5.25,9.375,5.3125],"texture":"#1"},"up":{"uv":[5.4375,9.375,5.375,9.25],"texture":"#1"},"down":{"uv":[9.3125,5.375,9.25,5.5],"texture":"#1"}}},{"name":"body","from":[-2.5,23,7.5],"to":[-2,25,21.5],"rotation":{"angle":45,"axis":"x","origin":[8,25.30292,14.39199]},"faces":{"north":{"uv":[7.75,9.125,7.8125,9.375],"texture":"#1"},"east":{"uv":[0,5.875,1.75,6.125],"texture":"#1"},"south":{"uv":[7.875,9.125,7.9375,9.375],"texture":"#1"},"west":{"uv":[1.75,6,3.5,6.25],"texture":"#1"},"up":{"uv":[8.3125,10.125,8.25,8.375],"texture":"#1"},"down":{"uv":[8.4375,8.375,8.375,10.125],"texture":"#1"}}},{"name":"body","from":[-2.5,21,7.5],"to":[-2,23,21.5],"rotation":{"angle":45,"axis":"x","origin":[8,25.30292,14.39199]},"faces":{"north":{"uv":[9.125,7.875,9.1875,8.125],"texture":"#1"},"east":{"uv":[3.5,6,5.25,6.25],"texture":"#1"},"south":{"uv":[9.125,8.125,9.1875,8.375],"texture":"#1"},"west":{"uv":[6,4.5,7.75,4.75],"texture":"#1"},"up":{"uv":[4.3125,10.25,4.25,8.5],"texture":"#1"},"down":{"uv":[4.4375,8.5,4.375,10.25],"texture":"#1"}}},{"name":"body","from":[-2.5,25,9],"to":[-2,27,20],"rotation":{"angle":45,"axis":"x","origin":[8,25.30292,14.39199]},"faces":{"north":{"uv":[9.125,8.375,9.1875,8.625],"texture":"#1"},"east":{"uv":[5.25,6,6.625,6.25],"texture":"#1"},"south":{"uv":[8.5,9.125,8.5625,9.375],"texture":"#1"},"west":{"uv":[6,5.25,7.375,5.5],"texture":"#1"},"up":{"uv":[4.6875,9.875,4.625,8.5],"texture":"#1"},"down":{"uv":[4.8125,8.5,4.75,9.875],"texture":"#1"}}},{"name":"body","from":[-2.5,25,20],"to":[-2,26,21],"rotation":{"angle":45,"axis":"x","origin":[8,25.30292,14.39199]},"faces":{"north":{"uv":[5.5,9.25,5.5625,9.375],"texture":"#1"},"east":{"uv":[8.625,9.125,8.75,9.25],"texture":"#1"},"south":{"uv":[9.25,5.5,9.3125,5.625],"texture":"#1"},"west":{"uv":[8.75,9.125,8.875,9.25],"texture":"#1"},"up":{"uv":[9.3125,5.75,9.25,5.625],"texture":"#1"},"down":{"uv":[9.3125,5.75,9.25,5.875],"texture":"#1"}}},{"name":"body","from":[-2.5,27,16.5],"to":[-2,28,18.5],"rotation":{"angle":45,"axis":"x","origin":[8,25.30292,14.39199]},"faces":{"north":{"uv":[9.25,5.875,9.3125,6],"texture":"#1"},"east":{"uv":[3.75,7.875,4,8],"texture":"#1"},"south":{"uv":[9.25,6,9.3125,6.125],"texture":"#1"},"west":{"uv":[3.125,8.875,3.375,9],"texture":"#1"},"up":{"uv":[9.1875,9.25,9.125,9],"texture":"#1"},"down":{"uv":[9.3125,0,9.25,0.25],"texture":"#1"}}},{"name":"body","from":[-2.5,27,12.5],"to":[-2,29,16.5],"rotation":{"angle":45,"axis":"x","origin":[8,25.30292,14.39199]},"faces":{"north":{"uv":[0.125,9.25,0.1875,9.5],"texture":"#1"},"east":{"uv":[1.375,8.375,1.875,8.625],"texture":"#1"},"south":{"uv":[0.25,9.25,0.3125,9.5],"texture":"#1"},"west":{"uv":[1.875,8.375,2.375,8.625],"texture":"#1"},"up":{"uv":[7.5625,9.375,7.5,8.875],"texture":"#1"},"down":{"uv":[1.3125,9,1.25,9.5],"texture":"#1"}}},{"name":"body","from":[-2.5,27,10.5],"to":[-2,28,12.5],"rotation":{"angle":45,"axis":"x","origin":[8,25.30292,14.39199]},"faces":{"north":{"uv":[9.25,6.125,9.3125,6.25],"texture":"#1"},"east":{"uv":[4,9,4.25,9.125],"texture":"#1"},"south":{"uv":[6.25,9.25,6.3125,9.375],"texture":"#1"},"west":{"uv":[5,9,5.25,9.125],"texture":"#1"},"up":{"uv":[0.4375,9.5,0.375,9.25],"texture":"#1"},"down":{"uv":[0.5625,9.25,0.5,9.5],"texture":"#1"}}},{"name":"body","from":[-2.5,25,8],"to":[-2,26,9],"rotation":{"angle":45,"axis":"x","origin":[8,25.30292,14.39199]},"faces":{"north":{"uv":[9.25,6.25,9.3125,6.375],"texture":"#1"},"east":{"uv":[0.625,9.25,0.75,9.375],"texture":"#1"},"south":{"uv":[6.375,9.25,6.4375,9.375],"texture":"#1"},"west":{"uv":[0.75,9.25,0.875,9.375],"texture":"#1"},"up":{"uv":[9.3125,6.5,9.25,6.375],"texture":"#1"},"down":{"uv":[6.5625,9.25,6.5,9.375],"texture":"#1"}}},{"name":"body","from":[-2.5,27,9.5],"to":[-2,27.5,10.5],"rotation":{"angle":45,"axis":"x","origin":[8,25.30292,14.39199]},"faces":{"north":{"uv":[9.25,7.75,9.3125,7.8125],"texture":"#1"},"east":{"uv":[9.25,6.5,9.375,6.5625],"texture":"#1"},"south":{"uv":[9.25,7.875,9.3125,7.9375],"texture":"#1"},"west":{"uv":[6.625,9.25,6.75,9.3125],"texture":"#1"},"up":{"uv":[9.3125,6.75,9.25,6.625],"texture":"#1"},"down":{"uv":[6.8125,9.25,6.75,9.375],"texture":"#1"}}},{"name":"body","from":[-2.5,27,18.5],"to":[-2,27.5,19.5],"rotation":{"angle":45,"axis":"x","origin":[8,25.30292,14.39199]},"faces":{"north":{"uv":[9.25,8,9.3125,8.0625],"texture":"#1"},"east":{"uv":[9.25,6.75,9.375,6.8125],"texture":"#1"},"south":{"uv":[9.25,8.125,9.3125,8.1875],"texture":"#1"},"west":{"uv":[6.875,9.25,7,9.3125],"texture":"#1"},"up":{"uv":[7.0625,9.375,7,9.25],"texture":"#1"},"down":{"uv":[9.3125,7.125,9.25,7.25],"texture":"#1"}}},{"name":"body","from":[-2,19,6.5],"to":[18,21,7.5],"rotation":{"angle":45,"axis":"x","origin":[8,25.30292,14.39199]},"faces":{"north":{"uv":[5.25,1.25,7.75,1.5],"texture":"#1"},"east":{"uv":[1.375,9,1.5,9.25],"texture":"#1"},"south":{"uv":[5.25,1.5,7.75,1.75],"texture":"#1"},"west":{"uv":[5.25,9,5.375,9.25],"texture":"#1"},"up":{"uv":[7.5,6.375,5,6.25],"texture":"#1"},"down":{"uv":[2.5,6.375,0,6.5],"texture":"#1"}}},{"name":"body","from":[1,21,7],"to":[6,23,7.5],"rotation":{"angle":45,"axis":"x","origin":[8,25.30292,14.39199]},"faces":{"north":{"uv":[8.25,1.125,8.875,1.375],"texture":"#1"},"east":{"uv":[9.25,0.75,9.3125,1],"texture":"#1"},"south":{"uv":[8.25,1.375,8.875,1.625],"texture":"#1"},"west":{"uv":[0.875,9.25,0.9375,9.5],"texture":"#1"},"up":{"uv":[3.125,8.9375,2.5,8.875],"texture":"#1"},"down":{"uv":[9.5,2.5,8.875,2.5625],"texture":"#1"}}},{"name":"body","from":[1,30.75094,9.43558],"to":[6,31.25094,12.43558],"rotation":{"angle":-22.5,"axis":"x","origin":[8,25.30292,14.39199]},"faces":{"north":{"uv":[8.875,2.625,9.5,2.6875],"texture":"#1"},"east":{"uv":[0.625,9.125,1,9.1875],"texture":"#1"},"south":{"uv":[8.875,2.75,9.5,2.8125],"texture":"#1"},"west":{"uv":[9.125,0.625,9.5,0.6875],"texture":"#1"},"up":{"uv":[7.625,7.375,7,7],"texture":"#1"},"down":{"uv":[7.875,2.25,7.25,2.625],"texture":"#1"}}},{"name":"body","from":[1,29.54949,10.30829],"to":[6,30.04949,13.05829],"rotation":{"angle":0,"axis":"y","origin":[8,25.30292,14.39199]},"faces":{"north":{"uv":[8.875,2.875,9.5,2.9375],"texture":"#1"},"east":{"uv":[9.125,1,9.5,1.0625],"texture":"#1"},"south":{"uv":[8.875,3,9.5,3.0625],"texture":"#1"},"west":{"uv":[2.125,9.125,2.5,9.1875],"texture":"#1"},"up":{"uv":[7.875,3,7.25,2.625],"texture":"#1"},"down":{"uv":[7.875,3,7.25,3.375],"texture":"#1"}}},{"name":"body","from":[1,28.67779,11.34338],"to":[6,29.17779,14.09338],"rotation":{"angle":22.5,"axis":"x","origin":[8,25.30292,14.39199]},"faces":{"north":{"uv":[8.875,3.125,9.5,3.1875],"texture":"#1"},"east":{"uv":[2.5,9.125,2.875,9.1875],"texture":"#1"},"south":{"uv":[8.875,3.25,9.5,3.3125],"texture":"#1"},"west":{"uv":[2.875,9.125,3.25,9.1875],"texture":"#1"},"up":{"uv":[7.875,3.75,7.25,3.375],"texture":"#1"},"down":{"uv":[7.875,3.75,7.25,4.125],"texture":"#1"}}},{"name":"body","from":[1,22.05474,17.84953],"to":[6,24.80474,18.34953],"rotation":{"angle":-22.5,"axis":"x","origin":[8,25.30292,14.39199]},"faces":{"north":{"uv":[7.25,4.125,7.875,4.5],"texture":"#1"},"east":{"uv":[1,9.125,1.0625,9.5],"texture":"#1"},"south":{"uv":[7.375,4.75,8,5.125],"texture":"#1"},"west":{"uv":[1.125,9.125,1.1875,9.5],"texture":"#1"},"up":{"uv":[9.5,3.4375,8.875,3.375],"texture":"#1"},"down":{"uv":[9.5,3.5,8.875,3.5625],"texture":"#1"}}},{"name":"body","from":[1,28.26856,12.63326],"to":[6,28.76856,16.38326],"rotation":{"angle":45,"axis":"x","origin":[8,25.30292,14.39199]},"faces":{"north":{"uv":[8.875,3.625,9.5,3.6875],"texture":"#1"},"east":{"uv":[9,8.625,9.4375,8.6875],"texture":"#1"},"south":{"uv":[8.875,3.75,9.5,3.8125],"texture":"#1"},"west":{"uv":[0.125,9.125,0.5625,9.1875],"texture":"#1"},"up":{"uv":[4.625,6.9375,4,6.5],"texture":"#1"},"down":{"uv":[5.25,6.5,4.625,6.9375],"texture":"#1"}}},{"name":"body","from":[1,20.26384,20.03959],"to":[6,23.26384,20.53959],"rotation":{"angle":22.5,"axis":"x","origin":[8,25.30292,14.39199]},"faces":{"north":{"uv":[7.375,5.125,8,5.5],"texture":"#1"},"east":{"uv":[3.25,9.125,3.3125,9.5],"texture":"#1"},"south":{"uv":[7,7.375,7.625,7.75],"texture":"#1"},"west":{"uv":[3.375,9.125,3.4375,9.5],"texture":"#1"},"up":{"uv":[9.5,3.9375,8.875,3.875],"texture":"#1"},"down":{"uv":[9.5,4,8.875,4.0625],"texture":"#1"}}},{"name":"body","from":[1,21,21.5],"to":[6,23,22],"rotation":{"angle":45,"axis":"x","origin":[8,25.30292,14.39199]},"faces":{"north":{"uv":[8.25,1.625,8.875,1.875],"texture":"#1"},"east":{"uv":[1.375,9.25,1.4375,9.5],"texture":"#1"},"south":{"uv":[8.25,1.875,8.875,2.125],"texture":"#1"},"west":{"uv":[1.5,9.25,1.5625,9.5],"texture":"#1"},"up":{"uv":[9.5,4.1875,8.875,4.125],"texture":"#1"},"down":{"uv":[9.5,4.25,8.875,4.3125],"texture":"#1"}}},{"name":"body","from":[1,21.06648,18.79131],"to":[6,23.81648,19.29131],"rotation":{"angle":0,"axis":"y","origin":[8,25.30292,14.39199]},"faces":{"north":{"uv":[4.25,7.5,4.875,7.875],"texture":"#1"},"east":{"uv":[3.5,9.125,3.5625,9.5],"texture":"#1"},"south":{"uv":[4.875,7.5,5.5,7.875],"texture":"#1"},"west":{"uv":[3.625,9.125,3.6875,9.5],"texture":"#1"},"up":{"uv":[5.625,8.9375,5,8.875],"texture":"#1"},"down":{"uv":[7.125,8.875,6.5,8.9375],"texture":"#1"}}},{"name":"body","from":[10,21,7],"to":[15,23,7.5],"rotation":{"angle":45,"axis":"x","origin":[8,25.30292,14.39199]},"faces":{"north":{"uv":[4.25,8.25,4.875,8.5],"texture":"#1"},"east":{"uv":[1.625,9.25,1.6875,9.5],"texture":"#1"},"south":{"uv":[4.875,8.25,5.5,8.5],"texture":"#1"},"west":{"uv":[1.75,9.25,1.8125,9.5],"texture":"#1"},"up":{"uv":[9.5,6.9375,8.875,6.875],"texture":"#1"},"down":{"uv":[9.5,7,8.875,7.0625],"texture":"#1"}}},{"name":"body","from":[10,30.75094,9.43558],"to":[15,31.25094,12.43558],"rotation":{"angle":-22.5,"axis":"x","origin":[8,25.30292,14.39199]},"faces":{"north":{"uv":[8.875,8.75,9.5,8.8125],"texture":"#1"},"east":{"uv":[9.125,4.375,9.5,4.4375],"texture":"#1"},"south":{"uv":[8.875,8.875,9.5,8.9375],"texture":"#1"},"west":{"uv":[9.125,4.5,9.5,4.5625],"texture":"#1"},"up":{"uv":[6.125,7.875,5.5,7.5],"texture":"#1"},"down":{"uv":[8.125,5.75,7.5,6.125],"texture":"#1"}}},{"name":"body","from":[10,29.54949,10.30829],"to":[15,30.04949,13.05829],"rotation":{"angle":0,"axis":"y","origin":[8,25.30292,14.39199]},"faces":{"north":{"uv":[0,9,0.625,9.0625],"texture":"#1"},"east":{"uv":[9.125,4.625,9.5,4.6875],"texture":"#1"},"south":{"uv":[9,0.25,9.625,0.3125],"texture":"#1"},"west":{"uv":[9.125,4.75,9.5,4.8125],"texture":"#1"},"up":{"uv":[8.125,6.5,7.5,6.125],"texture":"#1"},"down":{"uv":[8.125,6.5,7.5,6.875],"texture":"#1"}}},{"name":"body","from":[10,28.67779,11.34338],"to":[15,29.17779,14.09338],"rotation":{"angle":22.5,"axis":"x","origin":[8,25.30292,14.39199]},"faces":{"north":{"uv":[0.625,9,1.25,9.0625],"texture":"#1"},"east":{"uv":[4.875,9.125,5.25,9.1875],"texture":"#1"},"south":{"uv":[9,1.25,9.625,1.3125],"texture":"#1"},"west":{"uv":[9.125,4.875,9.5,4.9375],"texture":"#1"},"up":{"uv":[0.625,8,0,7.625],"texture":"#1"},"down":{"uv":[1.25,7.625,0.625,8],"texture":"#1"}}},{"name":"body","from":[10,22.05474,17.84953],"to":[15,24.80474,18.34953],"rotation":{"angle":-22.5,"axis":"x","origin":[8,25.30292,14.39199]},"faces":{"north":{"uv":[1.25,7.625,1.875,8],"texture":"#1"},"east":{"uv":[3.75,9.125,3.8125,9.5],"texture":"#1"},"south":{"uv":[1.875,7.625,2.5,8],"texture":"#1"},"west":{"uv":[4,9.125,4.0625,9.5],"texture":"#1"},"up":{"uv":[9.625,1.4375,9,1.375],"texture":"#1"},"down":{"uv":[9.625,1.5,9,1.5625],"texture":"#1"}}},{"name":"body","from":[10,28.26856,12.63326],"to":[15,28.76856,16.38326],"rotation":{"angle":45,"axis":"x","origin":[8,25.30292,14.39199]},"faces":{"north":{"uv":[9,1.625,9.625,1.6875],"texture":"#1"},"east":{"uv":[9.125,0.375,9.5625,0.4375],"texture":"#1"},"south":{"uv":[9,1.75,9.625,1.8125],"texture":"#1"},"west":{"uv":[9.125,0.5,9.5625,0.5625],"texture":"#1"},"up":{"uv":[5.875,6.9375,5.25,6.5],"texture":"#1"},"down":{"uv":[6.5,6.5,5.875,6.9375],"texture":"#1"}}},{"name":"body","from":[10,20.26384,20.03959],"to":[15,23.26384,20.53959],"rotation":{"angle":22.5,"axis":"x","origin":[8,25.30292,14.39199]},"faces":{"north":{"uv":[2.5,7.625,3.125,8],"texture":"#1"},"east":{"uv":[4.125,9.125,4.1875,9.5],"texture":"#1"},"south":{"uv":[3.125,7.625,3.75,8],"texture":"#1"},"west":{"uv":[9.125,5,9.1875,5.375],"texture":"#1"},"up":{"uv":[9.625,1.9375,9,1.875],"texture":"#1"},"down":{"uv":[9.625,2,9,2.0625],"texture":"#1"}}},{"name":"body","from":[10,21,21.5],"to":[15,23,22],"rotation":{"angle":45,"axis":"x","origin":[8,25.30292,14.39199]},"faces":{"north":{"uv":[5.5,8.25,6.125,8.5],"texture":"#1"},"east":{"uv":[1.875,9.25,1.9375,9.5],"texture":"#1"},"south":{"uv":[8.25,6.875,8.875,7.125],"texture":"#1"},"west":{"uv":[2,9.25,2.0625,9.5],"texture":"#1"},"up":{"uv":[2.75,9.0625,2.125,9],"texture":"#1"},"down":{"uv":[9.625,2.125,9,2.1875],"texture":"#1"}}},{"name":"body","from":[10,21.06648,18.79131],"to":[15,23.81648,19.29131],"rotation":{"angle":0,"axis":"y","origin":[8,25.30292,14.39199]},"faces":{"north":{"uv":[7.625,6.875,8.25,7.25],"texture":"#1"},"east":{"uv":[9.125,5.375,9.1875,5.75],"texture":"#1"},"south":{"uv":[7.625,7.25,8.25,7.625],"texture":"#1"},"west":{"uv":[5.625,9.125,5.6875,9.5],"texture":"#1"},"up":{"uv":[9.625,2.3125,9,2.25],"texture":"#1"},"down":{"uv":[3.375,9,2.75,9.0625],"texture":"#1"}}},{"name":"body","from":[-3,30.71288,9.24424],"to":[1,31.71288,12.24424],"rotation":{"angle":-22.5,"axis":"x","origin":[8,25.30292,14.39199]},"faces":{"north":{"uv":[5.25,4.5,5.75,4.625],"texture":"#1"},"east":{"uv":[1.375,8.75,1.75,8.875],"texture":"#1"},"south":{"uv":[0,6.125,0.5,6.25],"texture":"#1"},"west":{"uv":[1.75,8.75,2.125,8.875],"texture":"#1"},"up":{"uv":[2.5,5.75,2,5.375],"texture":"#1"},"down":{"uv":[8.25,1,7.75,1.375],"texture":"#1"}}},{"name":"body","from":[-3,21,6.5],"to":[1,23,7.5],"rotation":{"angle":45,"axis":"x","origin":[8,25.30292,14.39199]},"faces":{"north":{"uv":[8.375,2.125,8.875,2.375],"texture":"#1"},"east":{"uv":[5.375,9,5.5,9.25],"texture":"#1"},"south":{"uv":[2.375,8.375,2.875,8.625],"texture":"#1"},"west":{"uv":[5.5,9,5.625,9.25],"texture":"#1"},"up":{"uv":[1,6.25,0.5,6.125],"texture":"#1"},"down":{"uv":[1.5,6.125,1,6.25],"texture":"#1"}}},{"name":"body","from":[-3,29.40304,9.95474],"to":[1,30.40304,12.95474],"rotation":{"angle":0,"axis":"y","origin":[8,25.30292,14.39199]},"faces":{"north":{"uv":[8.25,7.5,8.75,7.625],"texture":"#1"},"east":{"uv":[2.125,8.75,2.5,8.875],"texture":"#1"},"south":{"uv":[8.5,0.25,9,0.375],"texture":"#1"},"west":{"uv":[2.5,8.75,2.875,8.875],"texture":"#1"},"up":{"uv":[8.25,1.75,7.75,1.375],"texture":"#1"},"down":{"uv":[8.25,1.75,7.75,2.125],"texture":"#1"}}},{"name":"body","from":[-3,28.46481,11.11241],"to":[1,29.46481,14.11241],"rotation":{"angle":22.5,"axis":"x","origin":[8,25.30292,14.39199]},"faces":{"north":{"uv":[6.5,8.5,7,8.625],"texture":"#1"},"east":{"uv":[2.875,8.75,3.25,8.875],"texture":"#1"},"south":{"uv":[7,8.5,7.5,8.625],"texture":"#1"},"west":{"uv":[3.25,8.75,3.625,8.875],"texture":"#1"},"up":{"uv":[7.5,8.125,7,7.75],"texture":"#1"},"down":{"uv":[8.375,2.125,7.875,2.5],"texture":"#1"}}},{"name":"body","from":[-3,28.04101,12.54101],"to":[1,29.04101,16.54101],"rotation":{"angle":45,"axis":"x","origin":[8,25.30292,14.39199]},"faces":{"north":{"uv":[7.5,8.5,8,8.625],"texture":"#1"},"east":{"uv":[8.5,7.625,9,7.75],"texture":"#1"},"south":{"uv":[8.5,7.75,9,7.875],"texture":"#1"},"west":{"uv":[8.5,7.875,9,8],"texture":"#1"},"up":{"uv":[4.75,7.5,4.25,7],"texture":"#1"},"down":{"uv":[5.25,7,4.75,7.5],"texture":"#1"}}},{"name":"body","from":[-3,21.82377,17.63654],"to":[1,24.82377,18.63654],"rotation":{"angle":-22.5,"axis":"x","origin":[8,25.30292,14.39199]},"faces":{"north":{"uv":[7.875,2.5,8.375,2.875],"texture":"#1"},"east":{"uv":[6.125,7.5,6.25,7.875],"texture":"#1"},"south":{"uv":[7.875,2.875,8.375,3.25],"texture":"#1"},"west":{"uv":[7.5,7.75,7.625,8.125],"texture":"#1"},"up":{"uv":[9,8.125,8.5,8],"texture":"#1"},"down":{"uv":[9,8.125,8.5,8.25],"texture":"#1"}}},{"name":"body","from":[-3,20.71292,18.64486],"to":[1,23.71292,19.64486],"rotation":{"angle":0,"axis":"y","origin":[8,25.30292,14.39199]},"faces":{"north":{"uv":[7.875,3.25,8.375,3.625],"texture":"#1"},"east":{"uv":[8.375,4.375,8.5,4.75],"texture":"#1"},"south":{"uv":[7.875,3.625,8.375,4],"texture":"#1"},"west":{"uv":[3.625,8.75,3.75,9.125],"texture":"#1"},"up":{"uv":[9,8.375,8.5,8.25],"texture":"#1"},"down":{"uv":[9,8.375,8.5,8.5],"texture":"#1"}}},{"name":"body","from":[-3,20.0725,20.00152],"to":[1,23.0725,21.00152],"rotation":{"angle":22.5,"axis":"x","origin":[8,25.30292,14.39199]},"faces":{"north":{"uv":[7.875,4,8.375,4.375],"texture":"#1"},"east":{"uv":[3.75,8.75,3.875,9.125],"texture":"#1"},"south":{"uv":[4.25,7.875,4.75,8.25],"texture":"#1"},"west":{"uv":[4.875,8.75,5,9.125],"texture":"#1"},"up":{"uv":[9,8.625,8.5,8.5],"texture":"#1"},"down":{"uv":[0.875,8.625,0.375,8.75],"texture":"#1"}}},{"name":"body","from":[-3,21,21.5],"to":[1,23,22.5],"rotation":{"angle":45,"axis":"x","origin":[8,25.30292,14.39199]},"faces":{"north":{"uv":[8.375,2.375,8.875,2.625],"texture":"#1"},"east":{"uv":[6.25,9,6.375,9.25],"texture":"#1"},"south":{"uv":[8.375,2.625,8.875,2.875],"texture":"#1"},"west":{"uv":[6.375,9,6.5,9.25],"texture":"#1"},"up":{"uv":[9.125,0.5,8.625,0.375],"texture":"#1"},"down":{"uv":[9.125,0.5,8.625,0.625],"texture":"#1"}}},{"name":"body","from":[15,30.71288,9.24424],"to":[19,31.71288,12.24424],"rotation":{"angle":-22.5,"axis":"x","origin":[8,25.30292,14.39199]},"faces":{"north":{"uv":[8.625,0.625,9.125,0.75],"texture":"#1"},"east":{"uv":[5,8.75,5.375,8.875],"texture":"#1"},"south":{"uv":[0.875,8.625,1.375,8.75],"texture":"#1"},"west":{"uv":[5.375,8.75,5.75,8.875],"texture":"#1"},"up":{"uv":[8.375,4.75,7.875,4.375],"texture":"#1"},"down":{"uv":[5.25,7.875,4.75,8.25],"texture":"#1"}}},{"name":"body","from":[15,21,6.5],"to":[19,23,7.5],"rotation":{"angle":45,"axis":"x","origin":[8,25.30292,14.39199]},"faces":{"north":{"uv":[2.875,8.375,3.375,8.625],"texture":"#1"},"east":{"uv":[6.5,9,6.625,9.25],"texture":"#1"},"south":{"uv":[8.375,2.875,8.875,3.125],"texture":"#1"},"west":{"uv":[6.625,9,6.75,9.25],"texture":"#1"},"up":{"uv":[1.875,8.75,1.375,8.625],"texture":"#1"},"down":{"uv":[2.375,8.625,1.875,8.75],"texture":"#1"}}},{"name":"body","from":[15,29.40304,9.95474],"to":[19,30.40304,12.95474],"rotation":{"angle":0,"axis":"y","origin":[8,25.30292,14.39199]},"faces":{"north":{"uv":[2.375,8.625,2.875,8.75],"texture":"#1"},"east":{"uv":[5.75,8.75,6.125,8.875],"texture":"#1"},"south":{"uv":[2.875,8.625,3.375,8.75],"texture":"#1"},"west":{"uv":[6.5,8.75,6.875,8.875],"texture":"#1"},"up":{"uv":[5.75,8.25,5.25,7.875],"texture":"#1"},"down":{"uv":[6.25,7.875,5.75,8.25],"texture":"#1"}}},{"name":"body","from":[15,28.46481,11.11241],"to":[19,29.46481,14.11241],"rotation":{"angle":22.5,"axis":"x","origin":[8,25.30292,14.39199]},"faces":{"north":{"uv":[3.375,8.625,3.875,8.75],"texture":"#1"},"east":{"uv":[6.875,8.75,7.25,8.875],"texture":"#1"},"south":{"uv":[8.625,4.375,9.125,4.5],"texture":"#1"},"west":{"uv":[7.25,8.75,7.625,8.875],"texture":"#1"},"up":{"uv":[0.5,8.375,0,8],"texture":"#1"},"down":{"uv":[8.5,0,8,0.375],"texture":"#1"}}},{"name":"body","from":[15,28.04101,12.54101],"to":[19,29.04101,16.54101],"rotation":{"angle":45,"axis":"x","origin":[8,25.30292,14.39199]},"faces":{"north":{"uv":[8.625,4.5,9.125,4.625],"texture":"#1"},"east":{"uv":[8.625,4.625,9.125,4.75],"texture":"#1"},"south":{"uv":[8.625,4.75,9.125,4.875],"texture":"#1"},"west":{"uv":[8.625,4.875,9.125,5],"texture":"#1"},"up":{"uv":[5.75,7.5,5.25,7],"texture":"#1"},"down":{"uv":[6.25,7,5.75,7.5],"texture":"#1"}}},{"name":"body","from":[15,21.82377,17.63654],"to":[19,24.82377,18.63654],"rotation":{"angle":-22.5,"axis":"x","origin":[8,25.30292,14.39199]},"faces":{"north":{"uv":[0.5,8,1,8.375],"texture":"#1"},"east":{"uv":[7.625,8.75,7.75,9.125],"texture":"#1"},"south":{"uv":[1,8,1.5,8.375],"texture":"#1"},"west":{"uv":[7.75,8.75,7.875,9.125],"texture":"#1"},"up":{"uv":[9.125,5.125,8.625,5],"texture":"#1"},"down":{"uv":[9.125,5.125,8.625,5.25],"texture":"#1"}}},{"name":"body","from":[15,20.71292,18.64486],"to":[19,23.71292,19.64486],"rotation":{"angle":0,"axis":"y","origin":[8,25.30292,14.39199]},"faces":{"north":{"uv":[1.5,8,2,8.375],"texture":"#1"},"east":{"uv":[7.875,8.75,8,9.125],"texture":"#1"},"south":{"uv":[2,8,2.5,8.375],"texture":"#1"},"west":{"uv":[8.5,8.75,8.625,9.125],"texture":"#1"},"up":{"uv":[9.125,5.375,8.625,5.25],"texture":"#1"},"down":{"uv":[9.125,5.375,8.625,5.5],"texture":"#1"}}},{"name":"body","from":[15,20.0725,20.00152],"to":[19,23.0725,21.00152],"rotation":{"angle":22.5,"axis":"x","origin":[8,25.30292,14.39199]},"faces":{"north":{"uv":[2.5,8,3,8.375],"texture":"#1"},"east":{"uv":[8.625,8.75,8.75,9.125],"texture":"#1"},"south":{"uv":[3,8,3.5,8.375],"texture":"#1"},"west":{"uv":[8.75,8.75,8.875,9.125],"texture":"#1"},"up":{"uv":[9.125,5.625,8.625,5.5],"texture":"#1"},"down":{"uv":[9.125,5.625,8.625,5.75],"texture":"#1"}}},{"name":"body","from":[15,21,21.5],"to":[19,23,22.5],"rotation":{"angle":45,"axis":"x","origin":[8,25.30292,14.39199]},"faces":{"north":{"uv":[8.375,3.125,8.875,3.375],"texture":"#1"},"east":{"uv":[6.75,9,6.875,9.25],"texture":"#1"},"south":{"uv":[3.375,8.375,3.875,8.625],"texture":"#1"},"west":{"uv":[6.875,9,7,9.25],"texture":"#1"},"up":{"uv":[9.125,5.875,8.625,5.75],"texture":"#1"},"down":{"uv":[9.125,5.875,8.625,6],"texture":"#1"}}},{"name":"body","from":[6,30.71288,9.24424],"to":[10,31.71288,12.24424],"rotation":{"angle":-22.5,"axis":"x","origin":[8,25.30292,14.39199]},"faces":{"north":{"uv":[8.625,6,9.125,6.125],"texture":"#1"},"east":{"uv":[8.75,7.5,9.125,7.625],"texture":"#1"},"south":{"uv":[8.625,6.125,9.125,6.25],"texture":"#1"},"west":{"uv":[0,8.875,0.375,9],"texture":"#1"},"up":{"uv":[4,8.375,3.5,8],"texture":"#1"},"down":{"uv":[8.5,4.75,8,5.125],"texture":"#1"}}},{"name":"body","from":[6,21,6.5],"to":[10,23,7.5],"rotation":{"angle":45,"axis":"x","origin":[8,25.30292,14.39199]},"faces":{"north":{"uv":[8.375,3.375,8.875,3.625],"texture":"#1"},"east":{"uv":[7,9,7.125,9.25],"texture":"#1"},"south":{"uv":[8.375,3.625,8.875,3.875],"texture":"#1"},"west":{"uv":[9,7.625,9.125,7.875],"texture":"#1"},"up":{"uv":[9.125,6.375,8.625,6.25],"texture":"#1"},"down":{"uv":[9.125,6.375,8.625,6.5],"texture":"#1"}}},{"name":"body","from":[6,29.40304,9.95474],"to":[10,30.40304,12.95474],"rotation":{"angle":0,"axis":"y","origin":[8,25.30292,14.39199]},"faces":{"north":{"uv":[6.5,8.625,7,8.75],"texture":"#1"},"east":{"uv":[0.375,8.875,0.75,9],"texture":"#1"},"south":{"uv":[8.625,6.5,9.125,6.625],"texture":"#1"},"west":{"uv":[0.75,8.875,1.125,9],"texture":"#1"},"up":{"uv":[8.5,5.5,8,5.125],"texture":"#1"},"down":{"uv":[8.5,7.625,8,8],"texture":"#1"}}},{"name":"body","from":[6,28.46481,11.11241],"to":[10,29.46481,14.11241],"rotation":{"angle":22.5,"axis":"x","origin":[8,25.30292,14.39199]},"faces":{"north":{"uv":[8.625,6.625,9.125,6.75],"texture":"#1"},"east":{"uv":[1.125,8.875,1.5,9],"texture":"#1"},"south":{"uv":[8.625,6.75,9.125,6.875],"texture":"#1"},"west":{"uv":[8.875,1.125,9.25,1.25],"texture":"#1"},"up":{"uv":[8.5,8.375,8,8],"texture":"#1"},"down":{"uv":[8.625,0.375,8.125,0.75],"texture":"#1"}}},{"name":"body","from":[6,28.04101,12.54101],"to":[10,29.04101,16.54101],"rotation":{"angle":45,"axis":"x","origin":[8,25.30292,14.39199]},"faces":{"north":{"uv":[7,8.625,7.5,8.75],"texture":"#1"},"east":{"uv":[8.625,7.125,9.125,7.25],"texture":"#1"},"south":{"uv":[8.625,7.25,9.125,7.375],"texture":"#1"},"west":{"uv":[8.625,7.375,9.125,7.5],"texture":"#1"},"up":{"uv":[7.5,6.25,7,5.75],"texture":"#1"},"down":{"uv":[7.5,6.5,7,7],"texture":"#1"}}},{"name":"body","from":[6,21.82377,17.63654],"to":[10,24.82377,18.63654],"rotation":{"angle":-22.5,"axis":"x","origin":[8,25.30292,14.39199]},"faces":{"north":{"uv":[8.125,5.75,8.625,6.125],"texture":"#1"},"east":{"uv":[8.875,1.25,9,1.625],"texture":"#1"},"south":{"uv":[8.125,6.125,8.625,6.5],"texture":"#1"},"west":{"uv":[1.5,8.875,1.625,9.25],"texture":"#1"},"up":{"uv":[8,8.75,7.5,8.625],"texture":"#1"},"down":{"uv":[9,8.625,8.5,8.75],"texture":"#1"}}},{"name":"body","from":[6,20.71292,18.64486],"to":[10,23.71292,19.64486],"rotation":{"angle":0,"axis":"y","origin":[8,25.30292,14.39199]},"faces":{"north":{"uv":[8.125,6.5,8.625,6.875],"texture":"#1"},"east":{"uv":[1.625,8.875,1.75,9.25],"texture":"#1"},"south":{"uv":[7,8.125,7.5,8.5],"texture":"#1"},"west":{"uv":[8.875,1.625,9,2],"texture":"#1"},"up":{"uv":[0.5,8.875,0,8.75],"texture":"#1"},"down":{"uv":[9.25,0,8.75,0.125],"texture":"#1"}}},{"name":"body","from":[6,20.0725,20.00152],"to":[10,23.0725,21.00152],"rotation":{"angle":22.5,"axis":"x","origin":[8,25.30292,14.39199]},"faces":{"north":{"uv":[7.5,8.125,8,8.5],"texture":"#1"},"east":{"uv":[1.75,8.875,1.875,9.25],"texture":"#1"},"south":{"uv":[8.25,0.75,8.75,1.125],"texture":"#1"},"west":{"uv":[1.875,8.875,2,9.25],"texture":"#1"},"up":{"uv":[9.25,0.25,8.75,0.125],"texture":"#1"},"down":{"uv":[1,8.75,0.5,8.875],"texture":"#1"}}},{"name":"body","from":[6,21,21.5],"to":[10,23,22.5],"rotation":{"angle":45,"axis":"x","origin":[8,25.30292,14.39199]},"faces":{"north":{"uv":[8.375,3.875,8.875,4.125],"texture":"#1"},"east":{"uv":[9,7.875,9.125,8.125],"texture":"#1"},"south":{"uv":[8.375,4.125,8.875,4.375],"texture":"#1"},"west":{"uv":[9,8.125,9.125,8.375],"texture":"#1"},"up":{"uv":[9.25,0.875,8.75,0.75],"texture":"#1"},"down":{"uv":[9.25,0.875,8.75,1],"texture":"#1"}}},{"name":"body","from":[-2,19,21.5],"to":[18,21,22.5],"rotation":{"angle":45,"axis":"x","origin":[8,25.30292,14.39199]},"faces":{"north":{"uv":[5.25,1.75,7.75,2],"texture":"#1"},"east":{"uv":[9,8.375,9.125,8.625],"texture":"#1"},"south":{"uv":[5.25,2,7.75,2.25],"texture":"#1"},"west":{"uv":[8.875,9,9,9.25],"texture":"#1"},"up":{"uv":[5,6.5,2.5,6.375],"texture":"#1"},"down":{"uv":[7.5,6.375,5,6.5],"texture":"#1"}}},{"name":"body","from":[-3,19,6.5],"to":[-2,21,22.5],"rotation":{"angle":45,"axis":"x","origin":[8,25.30292,14.39199]},"faces":{"north":{"uv":[9,9,9.125,9.25],"texture":"#1"},"east":{"uv":[5.25,4.25,7.25,4.5],"texture":"#1"},"south":{"uv":[0,9.125,0.125,9.375],"texture":"#1"},"west":{"uv":[0,5.375,2,5.625],"texture":"#1"},"up":{"uv":[6.375,9,6.25,7],"texture":"#1"},"down":{"uv":[6.5,7,6.375,9],"texture":"#1"}}},{"name":"body","from":[10.5,18.1,6.3],"to":[13.5,21.1,7.3],"rotation":{"angle":45,"axis":"x","origin":[12,25.30292,14.39199]},"faces":{"north":{"uv":[8.25,7.125,8.625,7.5],"texture":"#1"},"east":{"uv":[2,8.875,2.125,9.25],"texture":"#1"},"south":{"uv":[0,8.375,0.375,8.75],"texture":"#1"},"west":{"uv":[8.875,2,9,2.375],"texture":"#1"},"up":{"uv":[2.5,9,2.125,8.875],"texture":"#1"},"down":{"uv":[9.25,2.375,8.875,2.5],"texture":"#1"}}},{"name":"body","from":[2.5,18.1,6.3],"to":[5.5,21.1,7.3],"rotation":{"angle":45,"axis":"x","origin":[4,25.30292,14.39199]},"faces":{"north":{"uv":[8.25,7.125,8.625,7.5],"texture":"#1"},"east":{"uv":[2,8.875,2.125,9.25],"texture":"#1"},"south":{"uv":[0,8.375,0.375,8.75],"texture":"#1"},"west":{"uv":[8.875,2,9,2.375],"texture":"#1"},"up":{"uv":[2.5,9,2.125,8.875],"texture":"#1"},"down":{"uv":[9.25,2.375,8.875,2.5],"texture":"#1"}}},{"from":[-7.35088,1.15,18.61796],"to":[-3.35088,2.15,22.61796],"rotation":{"angle":0,"axis":"y","origin":[-5.35088,1.65,19.61796]},"faces":{"north":{"uv":[4,1,8,2],"texture":"#3"},"east":{"uv":[4,2,8,3],"texture":"#3"},"south":{"uv":[4,3,8,4],"texture":"#3"},"west":{"uv":[4,0,8,1],"texture":"#3"},"up":{"uv":[4,4,0,0],"rotation":270,"texture":"#3"},"down":{"uv":[4,4,0,8],"rotation":90,"texture":"#3"}}},{"from":[-3.90224,0.15,18.73463],"to":[0.09776,1.15,22.73463],"rotation":{"angle":45,"axis":"y","origin":[-5.68161,0.65,26.04628]},"faces":{"north":{"uv":[4,0,8,1],"texture":"#3"},"east":{"uv":[4,1,8,2],"texture":"#3"},"south":{"uv":[4,2,8,3],"texture":"#3"},"west":{"uv":[4,3,8,4],"texture":"#3"},"up":{"uv":[4,4,0,0],"texture":"#3"},"down":{"uv":[4,4,0,8],"texture":"#3"}}},{"from":[18.07353,0.15,-5.80645],"to":[22.07353,1.15,-1.80645],"rotation":{"angle":45,"axis":"y","origin":[20.57353,0.65,-6.55645]},"faces":{"north":{"uv":[4,0,8,1],"texture":"#3"},"east":{"uv":[4,1,8,2],"texture":"#3"},"south":{"uv":[4,2,8,3],"texture":"#3"},"west":{"uv":[4,3,8,4],"texture":"#3"},"up":{"uv":[4,4,0,0],"texture":"#3"},"down":{"uv":[4,4,0,8],"texture":"#3"}}},{"from":[21.23364,0.15,-0.97392],"to":[25.23364,1.15,3.02608],"shade":false,"rotation":{"angle":0,"axis":"y","origin":[22.23364,0.65,-3.97392]},"faces":{"north":{"uv":[4,1,8,2],"texture":"#3"},"east":{"uv":[4,2,8,3],"texture":"#3"},"south":{"uv":[4,3,8,4],"texture":"#3"},"west":{"uv":[4,0,8,1],"texture":"#3"},"up":{"uv":[4,4,0,0],"rotation":270,"texture":"#3"},"down":{"uv":[4,4,0,8],"rotation":90,"texture":"#3"}}},{"from":[16.98364,0.15,18.52608],"to":[20.98364,1.15,22.52608],"rotation":{"angle":0,"axis":"y","origin":[21.98364,0.65,0.52608]},"faces":{"north":{"uv":[4,1,8,2],"texture":"#3"},"east":{"uv":[4,2,8,3],"texture":"#3"},"south":{"uv":[4,3,8,4],"texture":"#3"},"west":{"uv":[4,0,8,1],"texture":"#3"},"up":{"uv":[4,4,0,0],"rotation":270,"texture":"#3"},"down":{"uv":[4,4,0,8],"rotation":90,"texture":"#3"}}},{"from":[-8.51636,0.15,-4.97392],"to":[-4.51636,1.15,-0.97392],"rotation":{"angle":22.5,"axis":"y","origin":[-8.51636,0.65,-1.97392]},"faces":{"north":{"uv":[4,1,8,2],"texture":"#3"},"east":{"uv":[4,2,8,3],"texture":"#3"},"south":{"uv":[4,3,8,4],"texture":"#3"},"west":{"uv":[4,0,8,1],"texture":"#3"},"up":{"uv":[4,4,0,0],"rotation":270,"texture":"#3"},"down":{"uv":[4,4,0,8],"rotation":90,"texture":"#3"}}},{"from":[-8.51636,1.15,-3.97392],"to":[-4.51636,2.15,0.02608],"rotation":{"angle":45,"axis":"y","origin":[-8.51636,0.65,-1.97392]},"faces":{"north":{"uv":[4,1,8,2],"texture":"#3"},"east":{"uv":[4,2,8,3],"texture":"#3"},"south":{"uv":[4,3,8,4],"texture":"#3"},"west":{"uv":[4,0,8,1],"texture":"#3"},"up":{"uv":[4,4,0,0],"rotation":270,"texture":"#3"},"down":{"uv":[4,4,0,8],"rotation":90,"texture":"#3"}}},{"from":[-8.51636,4.15,-4.97392],"to":[-4.51636,5.15,-0.97392],"rotation":{"angle":22.5,"axis":"y","origin":[-8.51636,4.65,-1.97392]},"faces":{"north":{"uv":[4,1,8,2],"texture":"#3"},"east":{"uv":[4,2,8,3],"texture":"#3"},"south":{"uv":[4,3,8,4],"texture":"#3"},"west":{"uv":[4,0,8,1],"texture":"#3"},"up":{"uv":[4,4,0,0],"rotation":270,"texture":"#3"},"down":{"uv":[4,4,0,8],"rotation":90,"texture":"#3"}}},{"from":[-3.87846,0.15,-6.53748],"to":[0.12154,1.15,-2.53748],"rotation":{"angle":0,"axis":"y","origin":[-1.12846,0.65,-3.03748]},"faces":{"north":{"uv":[4,2,8,3],"texture":"#3"},"east":{"uv":[4,3,8,4],"texture":"#3"},"south":{"uv":[4,0,8,1],"texture":"#3"},"west":{"uv":[4,1,8,2],"texture":"#3"},"up":{"uv":[4,4,0,0],"rotation":180,"texture":"#3"},"down":{"uv":[4,4,0,8],"rotation":180,"texture":"#3"}}},{"from":[22.37154,0.15,16.21252],"to":[26.37154,1.15,20.21252],"rotation":{"angle":22.5,"axis":"y","origin":[22.62154,0.65,19.46252]},"faces":{"north":{"uv":[4,2,8,3],"texture":"#3"},"east":{"uv":[4,3,8,4],"texture":"#3"},"south":{"uv":[4,0,8,1],"texture":"#3"},"west":{"uv":[4,1,8,2],"texture":"#3"},"up":{"uv":[4,4,0,0],"rotation":180,"texture":"#3"},"down":{"uv":[4,4,0,8],"rotation":180,"texture":"#3"}}},{"from":[21.82154,1.55,8.21252],"to":[22.82154,5.55,12.21252],"rotation":{"angle":22.5,"axis":"z","origin":[26.87154,0.65,17.71252]},"faces":{"north":{"uv":[4,2,8,3],"rotation":270,"texture":"#3"},"east":{"uv":[4,4,0,0],"rotation":270,"texture":"#3"},"south":{"uv":[4,0,8,1],"rotation":90,"texture":"#3"},"west":{"uv":[4,4,0,8],"rotation":270,"texture":"#3"},"up":{"uv":[4,1,8,2],"rotation":90,"texture":"#3"},"down":{"uv":[4,3,8,4],"rotation":90,"texture":"#3"}}},{"from":[-9.76636,2.15,-5.97392],"to":[-5.76636,3.15,-1.97392],"rotation":{"angle":-22.5,"axis":"y","origin":[-8.51636,0.65,-1.97392]},"faces":{"north":{"uv":[4,2,8,3],"texture":"#3"},"east":{"uv":[4,3,8,4],"texture":"#3"},"south":{"uv":[4,0,8,1],"texture":"#3"},"west":{"uv":[4,1,8,2],"texture":"#3"},"up":{"uv":[4,4,0,0],"rotation":180,"texture":"#3"},"down":{"uv":[4,4,0,8],"rotation":180,"texture":"#3"}}},{"from":[-8.76636,3.15,-5.97392],"to":[-4.76636,4.15,-1.97392],"rotation":{"angle":0,"axis":"y","origin":[-8.51636,0.65,-1.97392]},"faces":{"north":{"uv":[4,2,8,3],"texture":"#3"},"east":{"uv":[4,3,8,4],"texture":"#3"},"south":{"uv":[4,0,8,1],"texture":"#3"},"west":{"uv":[4,1,8,2],"texture":"#3"},"up":{"uv":[4,4,0,0],"rotation":180,"texture":"#3"},"down":{"uv":[4,4,0,8],"rotation":180,"texture":"#3"}}},{"from":[-1.25,14.25,1.25],"to":[2.75,15.25,5.25],"rotation":{"angle":22.5,"axis":"y","origin":[0.75,14.75,3.25]},"faces":{"north":{"uv":[4,0,8,1],"texture":"#3"},"east":{"uv":[4,1,8,2],"texture":"#3"},"south":{"uv":[4,2,8,3],"texture":"#3"},"west":{"uv":[4,3,8,4],"texture":"#3"},"up":{"uv":[4,4,0,0],"texture":"#3"},"down":{"uv":[4,4,0,8],"texture":"#3"}}},{"from":[0.00909,14.15,5.85037],"to":[4.00909,15.15,9.85037],"rotation":{"angle":-22.5,"axis":"y","origin":[2.75909,14.75,8.10037]},"faces":{"north":{"uv":[4,1,8,2],"texture":"#3"},"east":{"uv":[4,2,8,3],"texture":"#3"},"south":{"uv":[4,3,8,4],"texture":"#3"},"west":{"uv":[4,0,8,1],"texture":"#3"},"up":{"uv":[4,4,0,0],"rotation":270,"texture":"#3"},"down":{"uv":[4,4,0,8],"rotation":90,"texture":"#3"}}},{"from":[4.25,14.25,1.75],"to":[8.25,15.25,5.75],"rotation":{"angle":45,"axis":"y","origin":[5.75,14.75,3.25]},"faces":{"north":{"uv":[4,0,8,1],"texture":"#3"},"east":{"uv":[4,1,8,2],"texture":"#3"},"south":{"uv":[4,2,8,3],"texture":"#3"},"west":{"uv":[4,3,8,4],"texture":"#3"},"up":{"uv":[4,4,0,0],"texture":"#3"},"down":{"uv":[4,4,0,8],"texture":"#3"}}},{"from":[10.50909,14.25,9.60037],"to":[14.50909,15.25,13.60037],"rotation":{"angle":-22.5,"axis":"y","origin":[12.50909,14.75,11.60037]},"faces":{"north":{"uv":[4,0,8,1],"texture":"#3"},"east":{"uv":[4,1,8,2],"texture":"#3"},"south":{"uv":[4,2,8,3],"texture":"#3"},"west":{"uv":[4,3,8,4],"texture":"#3"},"up":{"uv":[4,4,0,0],"texture":"#3"},"down":{"uv":[4,4,0,8],"texture":"#3"}}},{"from":[7,14.25,4.75],"to":[11,15.25,8.75],"rotation":{"angle":22.5,"axis":"y","origin":[10.5,14.75,6.75]},"faces":{"north":{"uv":[4,3,8,4],"texture":"#3"},"east":{"uv":[4,0,8,1],"texture":"#3"},"south":{"uv":[4,1,8,2],"texture":"#3"},"west":{"uv":[4,2,8,3],"texture":"#3"},"up":{"uv":[4,4,0,0],"rotation":90,"texture":"#3"},"down":{"uv":[4,4,0,8],"rotation":270,"texture":"#3"}}},{"from":[0.40866,15.25,8.99435],"to":[4.40866,16.25,12.99435],"rotation":{"angle":-22.5,"axis":"y","origin":[6.3753,15.75,6.56637]},"faces":{"north":{"uv":[4,1,8,2],"texture":"#3"},"east":{"uv":[4,2,8,3],"texture":"#3"},"south":{"uv":[4,3,8,4],"texture":"#3"},"west":{"uv":[4,0,8,1],"texture":"#3"},"up":{"uv":[4,4,0,0],"rotation":270,"texture":"#3"},"down":{"uv":[4,4,0,8],"rotation":90,"texture":"#3"}}},{"from":[1.62139,15.25,6.61746],"to":[5.62139,16.25,10.61746],"rotation":{"angle":22.5,"axis":"y","origin":[6.3753,15.75,6.56637]},"faces":{"north":{"uv":[4,1,8,2],"texture":"#3"},"east":{"uv":[4,2,8,3],"texture":"#3"},"south":{"uv":[4,3,8,4],"texture":"#3"},"west":{"uv":[4,0,8,1],"texture":"#3"},"up":{"uv":[4,4,0,0],"rotation":270,"texture":"#3"},"down":{"uv":[4,4,0,8],"rotation":90,"texture":"#3"}}},{"from":[2.08812,15.25,2.16349],"to":[6.08812,16.25,6.16349],"rotation":{"angle":0,"axis":"y","origin":[6.3753,15.75,6.56637]},"faces":{"north":{"uv":[4,1,8,2],"texture":"#3"},"east":{"uv":[4,2,8,3],"texture":"#3"},"south":{"uv":[4,3,8,4],"texture":"#3"},"west":{"uv":[4,0,8,1],"texture":"#3"},"up":{"uv":[4,4,0,0],"rotation":270,"texture":"#3"},"down":{"uv":[4,4,0,8],"rotation":90,"texture":"#3"}}},{"from":[11.96861,15.25,6.86988],"to":[15.96861,16.25,10.86988],"rotation":{"angle":22.5,"axis":"y","origin":[6.3753,15.75,6.56637]},"faces":{"north":{"uv":[4,0,8,1],"texture":"#3"},"east":{"uv":[4,1,8,2],"texture":"#3"},"south":{"uv":[4,2,8,3],"texture":"#3"},"west":{"uv":[4,3,8,4],"texture":"#3"},"up":{"uv":[4,4,0,0],"texture":"#3"},"down":{"uv":[4,4,0,8],"texture":"#3"}}},{"from":[6.1234,15.25,2.32591],"to":[10.1234,16.25,6.32591],"rotation":{"angle":-22.5,"axis":"y","origin":[6.3753,15.75,6.56637]},"faces":{"north":{"uv":[4,0,8,1],"texture":"#3"},"east":{"uv":[4,1,8,2],"texture":"#3"},"south":{"uv":[4,2,8,3],"texture":"#3"},"west":{"uv":[4,3,8,4],"texture":"#3"},"up":{"uv":[4,4,0,0],"texture":"#3"},"down":{"uv":[4,4,0,8],"texture":"#3"}}},{"from":[9.59776,14.25,1.23463],"to":[13.59776,15.25,5.23463],"rotation":{"angle":0,"axis":"y","origin":[12.34776,14.75,5.98463]},"faces":{"north":{"uv":[4,0,8,1],"texture":"#3"},"east":{"uv":[4,1,8,2],"texture":"#3"},"south":{"uv":[4,2,8,3],"texture":"#3"},"west":{"uv":[4,3,8,4],"texture":"#3"},"up":{"uv":[4,4,0,0],"texture":"#3"},"down":{"uv":[4,4,0,8],"texture":"#3"}}},{"from":[13.34776,14.15,1.48463],"to":[17.34776,15.15,5.48463],"rotation":{"angle":45,"axis":"y","origin":[16.34776,14.75,3.23463]},"faces":{"north":{"uv":[4,0,8,1],"texture":"#3"},"east":{"uv":[4,1,8,2],"texture":"#3"},"south":{"uv":[4,2,8,3],"texture":"#3"},"west":{"uv":[4,3,8,4],"texture":"#3"},"up":{"uv":[4,4,0,0],"texture":"#3"},"down":{"uv":[4,4,0,8],"texture":"#3"}}},{"from":[2.5,14.25,7.75],"to":[6.5,15.25,11.75],"rotation":{"angle":22.5,"axis":"y","origin":[9.75,14.75,6.75]},"faces":{"north":{"uv":[4,3,8,4],"texture":"#3"},"east":{"uv":[4,0,8,1],"texture":"#3"},"south":{"uv":[4,1,8,2],"texture":"#3"},"west":{"uv":[4,2,8,3],"texture":"#3"},"up":{"uv":[4,4,0,0],"rotation":90,"texture":"#3"},"down":{"uv":[4,4,0,8],"rotation":270,"texture":"#3"}}},{"from":[-2.25,14.25,6.25],"to":[1.75,15.25,10.25],"rotation":{"angle":22.5,"axis":"y","origin":[9.75,14.75,6.75]},"faces":{"north":{"uv":[4,3,8,4],"texture":"#3"},"east":{"uv":[4,0,8,1],"texture":"#3"},"south":{"uv":[4,1,8,2],"texture":"#3"},"west":{"uv":[4,2,8,3],"texture":"#3"},"up":{"uv":[4,4,0,0],"rotation":90,"texture":"#3"},"down":{"uv":[4,4,0,8],"rotation":270,"texture":"#3"}}},{"from":[14,14.25,6.25],"to":[18,15.25,10.25],"rotation":{"angle":-45,"axis":"y","origin":[15.5,14.75,6.75]},"faces":{"north":{"uv":[4,0,8,1],"texture":"#3"},"east":{"uv":[4,1,8,2],"texture":"#3"},"south":{"uv":[4,2,8,3],"texture":"#3"},"west":{"uv":[4,3,8,4],"texture":"#3"},"up":{"uv":[4,4,0,0],"texture":"#3"},"down":{"uv":[4,4,0,8],"texture":"#3"}}},{"from":[10.34776,16.25,6.23463],"to":[14.34776,17.25,10.23463],"rotation":{"angle":45,"axis":"y","origin":[8.56839,16.75,13.54628]},"faces":{"north":{"uv":[4,0,8,1],"texture":"#3"},"east":{"uv":[4,1,8,2],"texture":"#3"},"south":{"uv":[4,2,8,3],"texture":"#3"},"west":{"uv":[4,3,8,4],"texture":"#3"},"up":{"uv":[4,4,0,0],"texture":"#3"},"down":{"uv":[4,4,0,8],"texture":"#3"}}},{"from":[7.89912,17.25,6.11796],"to":[11.89912,18.25,10.11796],"rotation":{"angle":0,"axis":"y","origin":[8.89912,17.75,7.11796]},"faces":{"north":{"uv":[4,1,8,2],"texture":"#3"},"east":{"uv":[4,2,8,3],"texture":"#3"},"south":{"uv":[4,3,8,4],"texture":"#3"},"west":{"uv":[4,0,8,1],"texture":"#3"},"up":{"uv":[4,4,0,0],"rotation":270,"texture":"#3"},"down":{"uv":[4,4,0,8],"rotation":90,"texture":"#3"}}},{"from":[8.36103,15.25,8.01721],"to":[12.36103,16.25,12.01721],"rotation":{"angle":-22.5,"axis":"y","origin":[8.56839,15.75,8.54628]},"faces":{"north":{"uv":[4,0,8,1],"texture":"#3"},"east":{"uv":[4,1,8,2],"texture":"#3"},"south":{"uv":[4,2,8,3],"texture":"#3"},"west":{"uv":[4,3,8,4],"texture":"#3"},"up":{"uv":[4,4,0,0],"texture":"#3"},"down":{"uv":[4,4,0,8],"texture":"#3"}}},{"from":[13.86103,15.25,6.76721],"to":[17.86103,16.25,10.76721],"rotation":{"angle":-22.5,"axis":"y","origin":[8.56839,15.75,8.54628]},"faces":{"north":{"uv":[4,0,8,1],"texture":"#3"},"east":{"uv":[4,1,8,2],"texture":"#3"},"south":{"uv":[4,2,8,3],"texture":"#3"},"west":{"uv":[4,3,8,4],"texture":"#3"},"up":{"uv":[4,4,0,0],"texture":"#3"},"down":{"uv":[4,4,0,8],"texture":"#3"}}},{"from":[10.19962,16.25,6.37473],"to":[14.19962,17.25,10.37473],"rotation":{"angle":0,"axis":"y","origin":[8.56839,16.75,13.54628]},"faces":{"north":{"uv":[4,0,8,1],"texture":"#3"},"east":{"uv":[4,1,8,2],"texture":"#3"},"south":{"uv":[4,2,8,3],"texture":"#3"},"west":{"uv":[4,3,8,4],"texture":"#3"},"up":{"uv":[4,4,0,0],"texture":"#3"},"down":{"uv":[4,4,0,8],"texture":"#3"}}},{"from":[-0.5,8.5,0.5],"to":[16.5,10.5,2.5],"shade":false,"rotation":{"angle":0,"axis":"y","origin":[8,9.5,8]},"faces":{"north":{"uv":[6,0,10.25,0.5],"texture":"#2"},"east":{"uv":[8,7,8.5,7.5],"texture":"#2"},"south":{"uv":[6,0.5,10.25,1],"texture":"#2"},"west":{"uv":[8,7.5,8.5,8],"texture":"#2"},"up":{"uv":[10.25,1.5,6,1],"texture":"#2"},"down":{"uv":[10.25,1.5,6,2],"texture":"#2"}}},{"from":[-2.5,8.5,2.5],"to":[-0.5,10.5,13.5],"shade":false,"rotation":{"angle":0,"axis":"y","origin":[8,9.5,8]},"faces":{"north":{"uv":[8,8,8.5,8.5],"texture":"#2"},"east":{"uv":[6,4.5,8.75,5],"texture":"#2"},"south":{"uv":[6,8.25,6.5,8.75],"texture":"#2"},"west":{"uv":[6,5,8.75,5.5],"texture":"#2"},"up":{"uv":[6.5,8.25,6,5.5],"texture":"#2"},"down":{"uv":[7,5.5,6.5,8.25],"texture":"#2"}}},{"from":[16.5,8.5,2.5],"to":[18.5,10.5,13.5],"shade":false,"rotation":{"angle":0,"axis":"y","origin":[8,9.5,8]},"faces":{"north":{"uv":[6.5,8.25,7,8.75],"texture":"#2"},"east":{"uv":[7,5.5,9.75,6],"texture":"#2"},"south":{"uv":[8.5,7,9,7.5],"texture":"#2"},"west":{"uv":[7,6,9.75,6.5],"texture":"#2"},"up":{"uv":[7.5,9.25,7,6.5],"texture":"#2"},"down":{"uv":[8,6.5,7.5,9.25],"texture":"#2"}}},{"from":[-0.5,8.5,13.5],"to":[16.5,10.5,15.5],"shade":false,"rotation":{"angle":0,"axis":"y","origin":[8,9.5,8]},"faces":{"north":{"uv":[6,2,10.25,2.5],"texture":"#2"},"east":{"uv":[8.5,7.5,9,8],"texture":"#2"},"south":{"uv":[6,2.5,10.25,3],"texture":"#2"},"west":{"uv":[8,8.5,8.5,9],"texture":"#2"},"up":{"uv":[10.25,3.5,6,3],"texture":"#2"},"down":{"uv":[10.25,3.5,6,4],"texture":"#2"}}},{"from":[-4,2,-1],"to":[20,3,17],"rotation":{"angle":0,"axis":"y","origin":[0,5,0]},"faces":{"north":{"uv":[6,4,12,4.25],"texture":"#2"},"east":{"uv":[8,6.5,12.5,6.75],"texture":"#2"},"south":{"uv":[6,4.25,12,4.5],"texture":"#2"},"west":{"uv":[8,6.75,12.5,7],"texture":"#2"},"up":{"uv":[6,4.5,0,0],"texture":"#2"},"down":{"uv":[6,4.5,0,9],"texture":"#2"}}},{"from":[-5,0,-2],"to":[21,2,18],"rotation":{"angle":0,"axis":"y","origin":[0,5,0]},"faces":{"north":{"uv":[6.5,0,13,0.5],"texture":"#4"},"east":{"uv":[6.5,4.5,11.5,5],"texture":"#4"},"south":{"uv":[6.5,0.5,13,1],"texture":"#4"},"west":{"uv":[6.5,5,11.5,5.5],"texture":"#4"},"up":{"uv":[6.5,5,0,0],"texture":"#4"},"down":{"uv":[6.5,5,0,10],"texture":"#4"}}},{"from":[-1.975,12.025,1.025],"to":[17.975,14.025,14.975],"rotation":{"angle":0,"axis":"y","origin":[0,5,0]},"faces":{"north":{"uv":[6.5,0,13,0.5],"texture":"#4"},"east":{"uv":[6.5,4.5,11.5,5],"texture":"#4"},"south":{"uv":[6.5,0.5,13,1],"texture":"#4"},"west":{"uv":[6.5,5,11.5,5.5],"texture":"#4"},"up":{"uv":[6.5,5,0,0],"texture":"#4"},"down":{"uv":[6.5,5,0,10],"texture":"#4"}}},{"from":[-4.2505,0,7.0005],"to":[-4.2495,7,14.0005],"rotation":{"angle":0,"axis":"y","origin":[-10.25,3.5,10.5005]},"faces":{"north":{"uv":[0,0,0,1.75],"texture":"#4"},"east":{"uv":[6.5,2.75,8.25,4.5],"texture":"#4"},"south":{"uv":[0,0,0,1.75],"texture":"#4"},"west":{"uv":[6.5,1,8.25,2.75],"texture":"#4"},"up":{"uv":[1.75,0,0,0],"rotation":270,"texture":"#4"},"down":{"uv":[1.75,0,0,0],"rotation":90,"texture":"#4"}}},{"from":[10.25,13,13.5],"to":[17.25,20,13.501],"rotation":{"angle":-22.5,"axis":"y","origin":[13.75,15.5,10.5005]},"faces":{"north":{"uv":[6.5,2.75,8.25,4.5],"texture":"#4"},"east":{"uv":[0,0,0,1.75],"texture":"#4"},"south":{"uv":[6.5,1,8.25,2.75],"texture":"#4"},"west":{"uv":[0,0,0,1.75],"texture":"#4"},"up":{"uv":[1.75,0,0,0],"rotation":180,"texture":"#4"},"down":{"uv":[1.75,0,0,0],"rotation":180,"texture":"#4"}}},{"from":[1.30731,12.25,1.12989],"to":[8.30731,19.25,1.13089],"rotation":{"angle":0,"axis":"y","origin":[6.80731,15.5,1.13039]},"faces":{"north":{"uv":[6.75,1,8.125,2.75],"texture":"#4"},"east":{"uv":[0,0,0,1.75],"texture":"#4"},"south":{"uv":[6.625,2.75,8,4.5],"texture":"#4"},"west":{"uv":[0,0,0,1.75],"texture":"#4"},"up":{"uv":[1.75,0,0,0],"texture":"#4"},"down":{"uv":[1.75,0,0,0],"texture":"#4"}}},{"from":[0.30731,26.75,5.87989],"to":[7.30731,31.75,5.88089],"rotation":{"angle":0,"axis":"y","origin":[3.80731,29.5,5.88039]},"faces":{"north":{"uv":[6.5,1,7.75,2],"texture":"#4"},"east":{"uv":[6.5,1,7.75,2],"texture":"#4"},"south":{"uv":[6.5,1,7.75,2],"texture":"#4"},"west":{"uv":[6.5,1,7.75,2],"texture":"#4"},"up":{"uv":[6.5,1,7.75,2],"texture":"#4"},"down":{"uv":[6.5,1,7.75,2],"texture":"#4"}}},{"from":[20.2495,1.9,7.0005],"to":[20.2505,8.9,14.0005],"rotation":{"angle":0,"axis":"y","origin":[-10.25,3.5,10.5005]},"faces":{"north":{"uv":[0,0,0,1.75],"texture":"#4"},"east":{"uv":[6.5,2.75,8.25,4.5],"texture":"#4"},"south":{"uv":[0,0,0,1.75],"texture":"#4"},"west":{"uv":[6.5,1,8.25,2.75],"texture":"#4"},"up":{"uv":[1.75,0,0,0],"rotation":270,"texture":"#4"},"down":{"uv":[1.75,0,0,0],"rotation":90,"texture":"#4"}}},{"from":[-1,-0.05,16.475],"to":[1,17.95,16.476],"faces":{"north":{"uv":[6.5,5.5,7,10],"texture":"#4"},"east":{"uv":[0,0,0,4.5],"texture":"#4"},"south":{"uv":[7,5.5,7.5,10],"texture":"#4"},"west":{"uv":[0,0,0,4.5],"texture":"#4"},"up":{"uv":[0.5,0,0,0],"texture":"#4"},"down":{"uv":[0.5,0,0,0],"texture":"#4"}}},{"from":[3,11.95,11.475],"to":[5,29.95,11.476],"faces":{"north":{"uv":[6.5,5.5,7,10],"texture":"#4"},"east":{"uv":[0,0,0,4.5],"texture":"#4"},"south":{"uv":[7,5.5,7.5,10],"texture":"#4"},"west":{"uv":[0,0,0,4.5],"texture":"#4"},"up":{"uv":[0.5,0,0,0],"texture":"#4"},"down":{"uv":[0.5,0,0,0],"texture":"#4"}}},{"from":[11,-0.05,-0.025],"to":[13,14.95,-0.024],"faces":{"north":{"uv":[6.5,5.875,7,10],"texture":"#4"},"east":{"uv":[0,0,0,4.5],"texture":"#4"},"south":{"uv":[7,5.875,7.5,10],"texture":"#4"},"west":{"uv":[0,0,0,4.5],"texture":"#4"},"up":{"uv":[0.5,0,0,0],"texture":"#4"},"down":{"uv":[0.5,0,0,0],"texture":"#4"}}}],"display":{"thirdperson_righthand":{"rotation":[30,0,0],"scale":[0.25,0.25,0.25]},"thirdperson_lefthand":{"rotation":[30,0,0],"scale":[0.25,0.25,0.25]},"firstperson_righthand":{"scale":[0.25,0.25,0.25]},"firstperson_lefthand":{"scale":[0.25,0.25,0.25]},"ground":{"scale":[0.25,0.25,0.25]},"gui":{"rotation":[30,145,0],"translation":[0,-1.25,0],"scale":[0.4,0.4,0.4]},"head":{"translation":[0,-37.5,0],"scale":[1.5,1.5,1.5]},"fixed":{"translation":[0,-2,-3.5],"scale":[0.5,0.5,0.5]}}}