{"credit":"Made with Blockbench","texture_size":[128,128],"textures":{"1":"custom_crates:base_crate_body_texture_monthly","2":"custom_crates:goobits_coin_monthly","particle":"custom_crates:goobits_coin_monthly"},"elements":[{"name":"body","from":[-2,13,0],"to":[18,15,1],"rotation":{"angle":0,"axis":"y","origin":[18,15,8]},"faces":{"north":{"uv":[5.75,7.375,8.25,7.625],"texture":"#1"},"east":{"uv":[3.5,9.625,3.625,9.875],"texture":"#1"},"south":{"uv":[1,7.625,3.5,7.875],"texture":"#1"},"west":{"uv":[3.625,9.625,3.75,9.875],"texture":"#1"},"up":{"uv":[11.25,0.375,8.75,0.25],"texture":"#1"},"down":{"uv":[11.25,0.375,8.75,0.5],"texture":"#1"}}},{"name":"body","from":[-2,13,15],"to":[18,15,16],"rotation":{"angle":0,"axis":"y","origin":[18,15,8]},"faces":{"north":{"uv":[5.75,7.625,8.25,7.875],"texture":"#1"},"east":{"uv":[4,9.625,4.125,9.875],"texture":"#1"},"south":{"uv":[7.75,6.25,10.25,6.5],"texture":"#1"},"west":{"uv":[4.125,9.625,4.25,9.875],"texture":"#1"},"up":{"uv":[11.25,0.625,8.75,0.5],"texture":"#1"},"down":{"uv":[11.25,0.625,8.75,0.75],"texture":"#1"}}},{"name":"body","from":[18,13,0],"to":[19,15,16],"rotation":{"angle":0,"axis":"y","origin":[0,2,0]},"faces":{"north":{"uv":[4.25,9.625,4.375,9.875],"texture":"#1"},"east":{"uv":[5.25,8.125,7.25,8.375],"texture":"#1"},"south":{"uv":[4.375,9.625,4.5,9.875],"texture":"#1"},"west":{"uv":[7.25,8.125,9.25,8.375],"texture":"#1"},"up":{"uv":[5.375,10.75,5.25,8.75],"texture":"#1"},"down":{"uv":[5.5,8.75,5.375,10.75],"texture":"#1"}}},{"name":"body","from":[-3,13,0],"to":[-2,15,16],"rotation":{"angle":0,"axis":"y","origin":[0,2,0]},"faces":{"north":{"uv":[7.25,9.625,7.375,9.875],"texture":"#1"},"east":{"uv":[8.25,7.25,10.25,7.5],"texture":"#1"},"south":{"uv":[7.375,9.625,7.5,9.875],"texture":"#1"},"west":{"uv":[8.25,7.5,10.25,7.75],"texture":"#1"},"up":{"uv":[5.625,10.75,5.5,8.75],"texture":"#1"},"down":{"uv":[5.75,8.75,5.625,10.75],"texture":"#1"}}},{"name":"body","from":[5,11.1,-0.1],"to":[11,15.1,0.9],"rotation":{"angle":0,"axis":"y","origin":[14.5,15,8]},"faces":{"north":{"uv":[3.5,7.625,4.25,8.125],"texture":"#1"},"east":{"uv":[3.125,5,3.25,5.5],"texture":"#1"},"south":{"uv":[1.5,8.625,2.25,9.125],"texture":"#1"},"west":{"uv":[3.125,5.5,3.25,6],"texture":"#1"},"up":{"uv":[1.75,7.625,1,7.5],"texture":"#1"},"down":{"uv":[2.5,7.5,1.75,7.625],"texture":"#1"}}},{"from":[-2,4,1],"to":[18,13.025,15],"rotation":{"angle":0,"axis":"y","origin":[0,2,0]},"faces":{"north":{"uv":[6.25,1.75,8.75,2.875],"texture":"#1"},"east":{"uv":[6,6.25,7.75,7.375],"texture":"#1"},"south":{"uv":[6.25,2.875,8.75,4],"texture":"#1"},"west":{"uv":[2.75,6.5,4.5,7.625],"texture":"#1"},"up":{"uv":[8.5,6.25,6,4.5],"texture":"#1"},"down":{"uv":[8.75,0,6.25,1.75],"texture":"#1"}}},{"from":[16.5,4,0.5],"to":[18.5,13,2.5],"rotation":{"angle":0,"axis":"y","origin":[0,2,0]},"faces":{"north":{"uv":[0.5,8.75,0.75,9.875],"texture":"#1"},"east":{"uv":[0.75,8.75,1,9.875],"texture":"#1"},"south":{"uv":[8.75,1.5,9,2.625],"texture":"#1"},"west":{"uv":[2.25,8.75,2.5,9.875],"texture":"#1"},"up":{"uv":[6,6.75,5.75,6.5],"texture":"#1"},"down":{"uv":[6,6.75,5.75,7],"texture":"#1"}}},{"from":[-0.5,5,0.5],"to":[16.5,7,2.5],"rotation":{"angle":0,"axis":"y","origin":[0,2,0]},"faces":{"north":{"uv":[5.75,7.875,7.875,8.125],"texture":"#1"},"east":{"uv":[5.75,7,6,7.25],"texture":"#1"},"south":{"uv":[7.875,7.875,10,8.125],"texture":"#1"},"west":{"uv":[4.25,7.625,4.5,7.875],"texture":"#1"},"up":{"uv":[3.125,8.375,1,8.125],"texture":"#1"},"down":{"uv":[5.25,8.125,3.125,8.375],"texture":"#1"}}},{"from":[-0.5,9,0.5],"to":[16.5,11,2.5],"rotation":{"angle":0,"axis":"y","origin":[0,2,0]},"faces":{"north":{"uv":[5.75,7.875,7.875,8.125],"texture":"#1"},"east":{"uv":[5.75,7,6,7.25],"texture":"#1"},"south":{"uv":[7.875,7.875,10,8.125],"texture":"#1"},"west":{"uv":[4.25,7.625,4.5,7.875],"texture":"#1"},"up":{"uv":[3.125,8.375,1,8.125],"texture":"#1"},"down":{"uv":[5.25,8.125,3.125,8.375],"texture":"#1"}}},{"from":[-0.5,9,13.5],"to":[16.5,11,15.5],"rotation":{"angle":0,"axis":"y","origin":[0,2,16]},"faces":{"north":{"uv":[10,7.875,7.875,8.125],"texture":"#1"},"east":{"uv":[6,7,5.75,7.25],"texture":"#1"},"south":{"uv":[7.875,7.875,5.75,8.125],"texture":"#1"},"west":{"uv":[4.5,7.625,4.25,7.875],"texture":"#1"},"up":{"uv":[3.125,8.125,1,8.375],"texture":"#1"},"down":{"uv":[5.25,8.375,3.125,8.125],"texture":"#1"}}},{"from":[16.5,7,2.5],"to":[18.5,9,13.5],"rotation":{"angle":0,"axis":"y","origin":[8,7,1.5]},"faces":{"north":{"uv":[4.25,7.875,4.5,8.125],"texture":"#1"},"east":{"uv":[8.25,8.625,9.625,8.875],"texture":"#1"},"south":{"uv":[7.5,9.375,7.75,9.625],"texture":"#1"},"west":{"uv":[8.75,0,10.125,0.25],"texture":"#1"},"up":{"uv":[0.25,10.125,0,8.75],"texture":"#1"},"down":{"uv":[0.5,8.75,0.25,10.125],"texture":"#1"}}},{"from":[16.5,7,2.5],"to":[18.5,9,13.5],"rotation":{"angle":0,"axis":"y","origin":[8,7,1.5]},"faces":{"north":{"uv":[4.25,7.875,4.5,8.125],"texture":"#1"},"east":{"uv":[8.25,8.625,9.625,8.875],"texture":"#1"},"south":{"uv":[7.5,9.375,7.75,9.625],"texture":"#1"},"west":{"uv":[8.75,0,10.125,0.25],"texture":"#1"},"up":{"uv":[0.25,10.125,0,8.75],"texture":"#1"},"down":{"uv":[0.5,8.75,0.25,10.125],"texture":"#1"}}},{"from":[-2.5,7,2.5],"to":[-0.5,9,13.5],"rotation":{"angle":0,"axis":"y","origin":[8,7,1.5]},"faces":{"north":{"uv":[4.5,7.875,4.25,8.125],"texture":"#1"},"east":{"uv":[10.125,0,8.75,0.25],"texture":"#1"},"south":{"uv":[7.75,9.375,7.5,9.625],"texture":"#1"},"west":{"uv":[9.625,8.625,8.25,8.875],"texture":"#1"},"up":{"uv":[0,10.125,0.25,8.75],"texture":"#1"},"down":{"uv":[0.25,8.75,0.5,10.125],"texture":"#1"}}},{"from":[16.5,4,13.5],"to":[18.5,13,15.5],"rotation":{"angle":0,"axis":"y","origin":[0,2,16]},"faces":{"north":{"uv":[2.5,8.75,2.75,9.875],"texture":"#1"},"east":{"uv":[8.75,2.625,9,3.75],"texture":"#1"},"south":{"uv":[2.75,8.75,3,9.875],"texture":"#1"},"west":{"uv":[3,8.75,3.25,9.875],"texture":"#1"},"up":{"uv":[1.75,9.75,1.5,9.5],"texture":"#1"},"down":{"uv":[2,9.5,1.75,9.75],"texture":"#1"}}},{"from":[-2.5,4,13.5],"to":[-0.5,13,15.5],"rotation":{"angle":0,"axis":"y","origin":[16,2,16]},"faces":{"north":{"uv":[2.75,8.75,2.5,9.875],"texture":"#1"},"east":{"uv":[3.25,8.75,3,9.875],"texture":"#1"},"south":{"uv":[3,8.75,2.75,9.875],"texture":"#1"},"west":{"uv":[9,2.625,8.75,3.75],"texture":"#1"},"up":{"uv":[1.5,9.75,1.75,9.5],"texture":"#1"},"down":{"uv":[1.75,9.5,2,9.75],"texture":"#1"}}},{"from":[-2.5,4,0.5],"to":[-0.5,13,2.5],"rotation":{"angle":0,"axis":"y","origin":[16,2,0]},"faces":{"north":{"uv":[0.75,8.75,0.5,9.875],"texture":"#1"},"east":{"uv":[2.5,8.75,2.25,9.875],"texture":"#1"},"south":{"uv":[9,1.5,8.75,2.625],"texture":"#1"},"west":{"uv":[1,8.75,0.75,9.875],"texture":"#1"},"up":{"uv":[5.75,6.75,6,6.5],"texture":"#1"},"down":{"uv":[5.75,6.75,6,7],"texture":"#1"}}},{"from":[-3,2,0],"to":[19,4,16],"rotation":{"angle":0,"axis":"y","origin":[0,2,0]},"faces":{"north":{"uv":[6.25,4,9,4.25],"texture":"#1"},"east":{"uv":[1,8.375,3,8.625],"texture":"#1"},"south":{"uv":[6.25,4.25,9,4.5],"texture":"#1"},"west":{"uv":[3,8.375,5,8.625],"texture":"#1"},"up":{"uv":[6,6.5,3.25,4.5],"texture":"#1"},"down":{"uv":[2.75,5,0,7],"texture":"#1"}}},{"name":"body","from":[17.99,17.99,6.49],"to":[19.01,20.01,22.51],"rotation":{"angle":45,"axis":"x","origin":[8,24.30292,14.39199]},"faces":{"north":{"uv":[7.5,9.625,7.625,9.875],"texture":"#1"},"east":{"uv":[5,8.375,7,8.625],"texture":"#1"},"south":{"uv":[7.625,9.625,7.75,9.875],"texture":"#1"},"west":{"uv":[5,8.375,7,8.625],"texture":"#1"},"up":{"uv":[5.875,10.75,5.75,8.75],"texture":"#1"},"down":{"uv":[6,8.75,5.875,10.75],"texture":"#1"}}},{"name":"body","from":[-3.01,17.99,6.49],"to":[-1.99,20.01,22.51],"rotation":{"angle":45,"axis":"x","origin":[8,24.30292,14.39199]},"faces":{"north":{"uv":[7.625,9.625,7.5,9.875],"texture":"#1"},"east":{"uv":[7,8.375,5,8.625],"texture":"#1"},"south":{"uv":[7.75,9.625,7.625,9.875],"texture":"#1"},"west":{"uv":[7,8.375,5,8.625],"texture":"#1"},"up":{"uv":[5.75,10.75,5.875,8.75],"texture":"#1"},"down":{"uv":[5.875,8.75,6,10.75],"texture":"#1"}}},{"name":"body","from":[18,20,7.5],"to":[18.5,22,21.5],"rotation":{"angle":45,"axis":"x","origin":[8,24.30292,14.39199]},"faces":{"north":{"uv":[9.75,2.25,9.8125,2.5],"texture":"#1"},"east":{"uv":[1,7,2.75,7.25],"texture":"#1"},"south":{"uv":[9.75,5.75,9.8125,6],"texture":"#1"},"west":{"uv":[1,7,2.75,7.25],"texture":"#1"},"up":{"uv":[2.0625,10.875,2,9.125],"texture":"#1"},"down":{"uv":[2.1875,9.125,2.125,10.875],"texture":"#1"}}},{"name":"body","from":[18,22,7.5],"to":[18.5,24,21.5],"rotation":{"angle":45,"axis":"x","origin":[8,24.30292,14.39199]},"faces":{"north":{"uv":[6.125,9.75,6.1875,10],"texture":"#1"},"east":{"uv":[8.5,4.5,10.25,4.75],"texture":"#1"},"south":{"uv":[6.25,9.75,6.3125,10],"texture":"#1"},"west":{"uv":[8.5,4.5,10.25,4.75],"texture":"#1"},"up":{"uv":[4.5625,10.875,4.5,9.125],"texture":"#1"},"down":{"uv":[4.6875,9.125,4.625,10.875],"texture":"#1"}}},{"name":"body","from":[-2.5,22,7.5],"to":[-2,24,21.5],"rotation":{"angle":45,"axis":"x","origin":[8,24.30292,14.39199]},"faces":{"north":{"uv":[6.1875,9.75,6.125,10],"texture":"#1"},"east":{"uv":[10.25,4.5,8.5,4.75],"texture":"#1"},"south":{"uv":[6.3125,9.75,6.25,10],"texture":"#1"},"west":{"uv":[10.25,4.5,8.5,4.75],"texture":"#1"},"up":{"uv":[4.5,10.875,4.5625,9.125],"texture":"#1"},"down":{"uv":[4.625,9.125,4.6875,10.875],"texture":"#1"}}},{"name":"body","from":[-2.5,20,7.5],"to":[-2,22,21.5],"rotation":{"angle":45,"axis":"x","origin":[8,24.30292,14.39199]},"faces":{"north":{"uv":[9.8125,2.25,9.75,2.5],"texture":"#1"},"east":{"uv":[2.75,7,1,7.25],"texture":"#1"},"south":{"uv":[9.8125,5.75,9.75,6],"texture":"#1"},"west":{"uv":[2.75,7,1,7.25],"texture":"#1"},"up":{"uv":[2,10.875,2.0625,9.125],"texture":"#1"},"down":{"uv":[2.125,9.125,2.1875,10.875],"texture":"#1"}}},{"name":"body","from":[-2,18,6.5],"to":[18,20,7.5],"rotation":{"angle":45,"axis":"x","origin":[8,24.30292,14.39199]},"faces":{"north":{"uv":[7.75,6.5,10.25,6.75],"texture":"#1"},"east":{"uv":[9,9.625,9.125,9.875],"texture":"#1"},"south":{"uv":[7.75,6.5,10.25,6.75],"texture":"#1"},"west":{"uv":[9.125,9.625,9.25,9.875],"texture":"#1"},"up":{"uv":[11.25,0.875,8.75,0.75],"texture":"#1"},"down":{"uv":[11.25,0.875,8.75,1],"texture":"#1"}}},{"name":"body","from":[10,17.68261,13.59307],"to":[15,30.40761,14.59307],"rotation":{"angle":-45,"axis":"x","origin":[13,24.55761,14.09307]},"faces":{"north":{"uv":[5.125,6.5,5.75,8.0625],"texture":"#1"},"east":{"uv":[7.875,8.75,8,10.3125],"texture":"#1"},"south":{"uv":[5.125,6.5,5.75,8.0625],"texture":"#1"},"west":{"uv":[8,8.75,8.125,10.3125],"texture":"#1"},"up":{"uv":[10,6.125,9.375,6],"texture":"#1"},"down":{"uv":[10.125,3.125,9.5,3.25],"texture":"#1"}}},{"name":"body","from":[10,20,7],"to":[15,22,7.5],"rotation":{"angle":45,"axis":"x","origin":[8,24.30292,14.39199]},"faces":{"north":{"uv":[9,3.5,9.625,3.75],"texture":"#1"},"east":{"uv":[6.375,9.75,6.4375,10],"texture":"#1"},"south":{"uv":[9,3.5,9.625,3.75],"texture":"#1"},"west":{"uv":[6.5,9.75,6.5625,10],"texture":"#1"},"up":{"uv":[10.25,2.5625,9.625,2.5],"texture":"#1"},"down":{"uv":[10.25,3.5,9.625,3.5625],"texture":"#1"}}},{"name":"body","from":[10,29.75094,9.43558],"to":[15,30.25094,12.43558],"rotation":{"angle":-22.5,"axis":"x","origin":[8,24.30292,14.39199]},"faces":{"north":{"uv":[9.625,3.625,10.25,3.6875],"texture":"#1"},"east":{"uv":[9.625,8.75,10,8.8125],"texture":"#1"},"south":{"uv":[6,9.625,6.625,9.6875],"texture":"#1"},"west":{"uv":[9.75,2.125,10.125,2.1875],"texture":"#1"},"up":{"uv":[6.625,9.125,6,8.75],"texture":"#1"},"down":{"uv":[6.625,8.75,6,9.125],"texture":"#1"}}},{"name":"body","from":[1,20,7],"to":[6,22,7.5],"rotation":{"angle":45,"axis":"x","origin":[-1,24.30292,14.39199]},"faces":{"north":{"uv":[9,3.5,9.625,3.75],"texture":"#1"},"east":{"uv":[6.375,9.75,6.4375,10],"texture":"#1"},"south":{"uv":[9,3.5,9.625,3.75],"texture":"#1"},"west":{"uv":[6.5,9.75,6.5625,10],"texture":"#1"},"up":{"uv":[10.25,2.5625,9.625,2.5],"texture":"#1"},"down":{"uv":[10.25,3.5,9.625,3.5625],"texture":"#1"}}},{"name":"body","from":[1,29.75094,9.43558],"to":[6,30.25094,12.43558],"rotation":{"angle":-22.5,"axis":"x","origin":[-1,24.30292,14.39199]},"faces":{"north":{"uv":[9.625,3.625,10.25,3.6875],"texture":"#1"},"east":{"uv":[9.625,8.75,10,8.8125],"texture":"#1"},"south":{"uv":[6,9.625,6.625,9.6875],"texture":"#1"},"west":{"uv":[9.75,2.125,10.125,2.1875],"texture":"#1"},"up":{"uv":[6.625,9.125,6,8.75],"texture":"#1"},"down":{"uv":[6.625,8.75,6,9.125],"texture":"#1"}}},{"name":"body","from":[1,17.68261,13.59307],"to":[6,30.40761,14.59307],"rotation":{"angle":-45,"axis":"x","origin":[4,24.55761,14.09307]},"faces":{"north":{"uv":[5.125,6.5,5.75,8.0625],"texture":"#1"},"east":{"uv":[7.875,8.75,8,10.3125],"texture":"#1"},"south":{"uv":[5.125,6.5,5.75,8.0625],"texture":"#1"},"west":{"uv":[8,8.75,8.125,10.3125],"texture":"#1"},"up":{"uv":[10,6.125,9.375,6],"texture":"#1"},"down":{"uv":[10.125,3.125,9.5,3.25],"texture":"#1"}}},{"name":"body","from":[10,19.26384,20.03959],"to":[15,22.26384,20.53959],"rotation":{"angle":22.5,"axis":"x","origin":[8,24.30292,14.39199]},"faces":{"north":{"uv":[8.875,5,9.5,5.375],"texture":"#1"},"east":{"uv":[9.75,2.625,9.8125,3],"texture":"#1"},"south":{"uv":[8.875,5,9.5,5.375],"texture":"#1"},"west":{"uv":[6,9.75,6.0625,10.125],"texture":"#1"},"up":{"uv":[7.25,9.6875,6.625,9.625],"texture":"#1"},"down":{"uv":[10.25,8.375,9.625,8.4375],"texture":"#1"}}},{"name":"body","from":[10,20,21.5],"to":[15,22,22],"rotation":{"angle":45,"axis":"x","origin":[8,24.30292,14.39199]},"faces":{"north":{"uv":[9.125,2.875,9.75,3.125],"texture":"#1"},"east":{"uv":[6.625,9.75,6.6875,10],"texture":"#1"},"south":{"uv":[9.125,2.875,9.75,3.125],"texture":"#1"},"west":{"uv":[6.75,9.75,6.8125,10],"texture":"#1"},"up":{"uv":[10.25,8.5625,9.625,8.5],"texture":"#1"},"down":{"uv":[10.25,8.625,9.625,8.6875],"texture":"#1"}}},{"name":"body","from":[1,19.26384,20.03959],"to":[6,22.26384,20.53959],"rotation":{"angle":22.5,"axis":"x","origin":[-1,24.30292,14.39199]},"faces":{"north":{"uv":[8.875,5,9.5,5.375],"texture":"#1"},"east":{"uv":[9.75,2.625,9.8125,3],"texture":"#1"},"south":{"uv":[8.875,5,9.5,5.375],"texture":"#1"},"west":{"uv":[6,9.75,6.0625,10.125],"texture":"#1"},"up":{"uv":[7.25,9.6875,6.625,9.625],"texture":"#1"},"down":{"uv":[10.25,8.375,9.625,8.4375],"texture":"#1"}}},{"name":"body","from":[1,20,21.5],"to":[6,22,22],"rotation":{"angle":45,"axis":"x","origin":[-1,24.30292,14.39199]},"faces":{"north":{"uv":[9.125,2.875,9.75,3.125],"texture":"#1"},"east":{"uv":[6.625,9.75,6.6875,10],"texture":"#1"},"south":{"uv":[9.125,2.875,9.75,3.125],"texture":"#1"},"west":{"uv":[6.75,9.75,6.8125,10],"texture":"#1"},"up":{"uv":[10.25,8.5625,9.625,8.5],"texture":"#1"},"down":{"uv":[10.25,8.625,9.625,8.6875],"texture":"#1"}}},{"name":"body","from":[15,29.71288,9.24424],"to":[19,30.71288,12.24424],"rotation":{"angle":-22.5,"axis":"x","origin":[8,24.30292,14.39199]},"faces":{"north":{"uv":[7.75,7.25,8.25,7.375],"texture":"#1"},"east":{"uv":[9.5,9.5,9.875,9.625],"texture":"#1"},"south":{"uv":[3.25,9.5,3.75,9.625],"texture":"#1"},"west":{"uv":[9.625,1.5,10,1.625],"texture":"#1"},"up":{"uv":[3.25,6.5,2.75,6.125],"texture":"#1"},"down":{"uv":[3.25,6.125,2.75,6.5],"texture":"#1"}}},{"name":"body","from":[15,20,6.5],"to":[19,22,7.5],"rotation":{"angle":45,"axis":"x","origin":[8,24.30292,14.39199]},"faces":{"north":{"uv":[4,9.125,4.5,9.375],"texture":"#1"},"east":{"uv":[9.25,9.625,9.375,9.875],"texture":"#1"},"south":{"uv":[4,9.125,4.5,9.375],"texture":"#1"},"west":{"uv":[9.375,9.625,9.5,9.875],"texture":"#1"},"up":{"uv":[10,3.375,9.5,3.25],"texture":"#1"},"down":{"uv":[10,3.375,9.5,3.5],"texture":"#1"}}},{"name":"body","from":[15,19.0725,20.00152],"to":[19,22.0725,21.00152],"rotation":{"angle":22.5,"axis":"x","origin":[8,24.30292,14.39199]},"faces":{"north":{"uv":[9,3.125,9.5,3.5],"texture":"#1"},"east":{"uv":[7.75,9.375,7.875,9.75],"texture":"#1"},"south":{"uv":[9,3.125,9.5,3.5],"texture":"#1"},"west":{"uv":[3.75,9.5,3.875,9.875],"texture":"#1"},"up":{"uv":[10,4.125,9.5,4],"texture":"#1"},"down":{"uv":[10,4.125,9.5,4.25],"texture":"#1"}}},{"name":"body","from":[15,20,21.5],"to":[19,22,22.5],"rotation":{"angle":45,"axis":"x","origin":[8,24.30292,14.39199]},"faces":{"north":{"uv":[7,9.125,7.5,9.375],"texture":"#1"},"east":{"uv":[9.5,9.625,9.625,9.875],"texture":"#1"},"south":{"uv":[7,9.125,7.5,9.375],"texture":"#1"},"west":{"uv":[9.625,9.625,9.75,9.875],"texture":"#1"},"up":{"uv":[10,4.375,9.5,4.25],"texture":"#1"},"down":{"uv":[10,5,9.5,5.125],"texture":"#1"}}},{"name":"body","from":[15.01,25.11165,14.15167],"to":[18.99,26.09165,17.13167],"rotation":{"angle":45,"axis":"x","origin":[17,25.10165,15.64167]},"faces":{"north":{"uv":[9.5,5.125,10,5.25],"texture":"#1"},"east":{"uv":[9.625,1.625,10,1.75],"texture":"#1"},"south":{"uv":[9.5,5.25,10,5.375],"texture":"#1"},"west":{"uv":[9.625,1.75,10,1.875],"texture":"#1"},"up":{"uv":[9.5,4.375,9,4],"texture":"#1"},"down":{"uv":[9.5,8.875,9,9.25],"texture":"#1"}}},{"name":"body","from":[15.01,26.52083,12.04268],"to":[18.99,27.50083,15.02268],"rotation":{"angle":22.5,"axis":"x","origin":[17,26.51083,13.53268]},"faces":{"north":{"uv":[9.5,8.875,10,9],"texture":"#1"},"east":{"uv":[9.625,1.875,10,2],"texture":"#1"},"south":{"uv":[9,9.5,9.5,9.625],"texture":"#1"},"west":{"uv":[9.625,2,10,2.125],"texture":"#1"},"up":{"uv":[2,9.5,1.5,9.125],"texture":"#1"},"down":{"uv":[9.625,1.5,9.125,1.875],"texture":"#1"}}},{"name":"body","from":[15.01,21.50266,17.06085],"to":[18.99,24.48266,18.04085],"rotation":{"angle":-22.5,"axis":"x","origin":[17,22.99266,17.05085]},"faces":{"north":{"uv":[9.125,1.875,9.625,2.25],"texture":"#1"},"east":{"uv":[3.875,9.5,4,9.875],"texture":"#1"},"south":{"uv":[9.125,2.25,9.625,2.625],"texture":"#1"},"west":{"uv":[9.625,2.125,9.75,2.5],"texture":"#1"},"up":{"uv":[10,9.125,9.5,9],"texture":"#1"},"down":{"uv":[10,9.125,9.5,9.25],"texture":"#1"}}},{"name":"body","from":[14.99,17.87388,14.2639],"to":[19.01,31.64388,16.2839],"rotation":{"angle":-45,"axis":"x","origin":[17,24.08388,15.2739]},"faces":{"north":{"uv":[0.5,7,1,8.75],"texture":"#1"},"east":{"uv":[1,8.625,1.25,10.375],"texture":"#1"},"south":{"uv":[0.5,7,1,8.75],"texture":"#1"},"west":{"uv":[1.25,8.625,1.5,10.375],"texture":"#1"},"up":{"uv":[9.75,8.375,9.25,8.125],"texture":"#1"},"down":{"uv":[9.5,9.25,9,9.5],"texture":"#1"}}},{"name":"body","from":[-3,29.71288,9.24424],"to":[1,30.71288,12.24424],"rotation":{"angle":-22.5,"axis":"x","origin":[8,24.30292,14.39199]},"faces":{"north":{"uv":[8.25,7.25,7.75,7.375],"texture":"#1"},"east":{"uv":[10,1.5,9.625,1.625],"texture":"#1"},"south":{"uv":[3.75,9.5,3.25,9.625],"texture":"#1"},"west":{"uv":[9.875,9.5,9.5,9.625],"texture":"#1"},"up":{"uv":[2.75,6.5,3.25,6.125],"texture":"#1"},"down":{"uv":[2.75,6.125,3.25,6.5],"texture":"#1"}}},{"name":"body","from":[-3,20,6.5],"to":[1,22,7.5],"rotation":{"angle":45,"axis":"x","origin":[8,24.30292,14.39199]},"faces":{"north":{"uv":[4.5,9.125,4,9.375],"texture":"#1"},"east":{"uv":[9.5,9.625,9.375,9.875],"texture":"#1"},"south":{"uv":[4.5,9.125,4,9.375],"texture":"#1"},"west":{"uv":[9.375,9.625,9.25,9.875],"texture":"#1"},"up":{"uv":[9.5,3.375,10,3.25],"texture":"#1"},"down":{"uv":[9.5,3.375,10,3.5],"texture":"#1"}}},{"name":"body","from":[-3,19.0725,20.00152],"to":[1,22.0725,21.00152],"rotation":{"angle":22.5,"axis":"x","origin":[8,24.30292,14.39199]},"faces":{"north":{"uv":[9.5,3.125,9,3.5],"texture":"#1"},"east":{"uv":[3.875,9.5,3.75,9.875],"texture":"#1"},"south":{"uv":[9.5,3.125,9,3.5],"texture":"#1"},"west":{"uv":[7.875,9.375,7.75,9.75],"texture":"#1"},"up":{"uv":[9.5,4.125,10,4],"texture":"#1"},"down":{"uv":[9.5,4.125,10,4.25],"texture":"#1"}}},{"name":"body","from":[-3,20,21.5],"to":[1,22,22.5],"rotation":{"angle":45,"axis":"x","origin":[8,24.30292,14.39199]},"faces":{"north":{"uv":[7.5,9.125,7,9.375],"texture":"#1"},"east":{"uv":[9.75,9.625,9.625,9.875],"texture":"#1"},"south":{"uv":[7.5,9.125,7,9.375],"texture":"#1"},"west":{"uv":[9.625,9.625,9.5,9.875],"texture":"#1"},"up":{"uv":[9.5,4.375,10,4.25],"texture":"#1"},"down":{"uv":[9.5,5,10,5.125],"texture":"#1"}}},{"name":"body","from":[-2.99,25.11165,14.15167],"to":[0.99,26.09165,17.13167],"rotation":{"angle":45,"axis":"x","origin":[-1,25.10165,15.64167]},"faces":{"north":{"uv":[10,5.125,9.5,5.25],"texture":"#1"},"east":{"uv":[10,1.75,9.625,1.875],"texture":"#1"},"south":{"uv":[10,5.25,9.5,5.375],"texture":"#1"},"west":{"uv":[10,1.625,9.625,1.75],"texture":"#1"},"up":{"uv":[9,4.375,9.5,4],"texture":"#1"},"down":{"uv":[9,8.875,9.5,9.25],"texture":"#1"}}},{"name":"body","from":[-2.99,26.52083,12.04268],"to":[0.99,27.50083,15.02268],"rotation":{"angle":22.5,"axis":"x","origin":[-1,26.51083,13.53268]},"faces":{"north":{"uv":[10,8.875,9.5,9],"texture":"#1"},"east":{"uv":[10,2,9.625,2.125],"texture":"#1"},"south":{"uv":[9.5,9.5,9,9.625],"texture":"#1"},"west":{"uv":[10,1.875,9.625,2],"texture":"#1"},"up":{"uv":[1.5,9.5,2,9.125],"texture":"#1"},"down":{"uv":[9.125,1.5,9.625,1.875],"texture":"#1"}}},{"name":"body","from":[-2.99,21.50266,17.06085],"to":[0.99,24.48266,18.04085],"rotation":{"angle":-22.5,"axis":"x","origin":[-1,22.99266,17.05085]},"faces":{"north":{"uv":[9.625,1.875,9.125,2.25],"texture":"#1"},"east":{"uv":[9.75,2.125,9.625,2.5],"texture":"#1"},"south":{"uv":[9.625,2.25,9.125,2.625],"texture":"#1"},"west":{"uv":[4,9.5,3.875,9.875],"texture":"#1"},"up":{"uv":[9.5,9.125,10,9],"texture":"#1"},"down":{"uv":[9.5,9.125,10,9.25],"texture":"#1"}}},{"name":"body","from":[-3.01,17.87388,14.2639],"to":[1.01,31.64388,16.2839],"rotation":{"angle":-45,"axis":"x","origin":[-1,24.08388,15.2739]},"faces":{"north":{"uv":[1,7,0.5,8.75],"texture":"#1"},"east":{"uv":[1.5,8.625,1.25,10.375],"texture":"#1"},"south":{"uv":[1,7,0.5,8.75],"texture":"#1"},"west":{"uv":[1.25,8.625,1,10.375],"texture":"#1"},"up":{"uv":[9.25,8.375,9.75,8.125],"texture":"#1"},"down":{"uv":[9,9.25,9.5,9.5],"texture":"#1"}}},{"name":"body","from":[6,29.71288,9.24424],"to":[10,30.71288,12.24424],"rotation":{"angle":-22.5,"axis":"x","origin":[-1,24.30292,14.39199]},"faces":{"north":{"uv":[7.75,7.25,8.25,7.375],"texture":"#1"},"east":{"uv":[9.5,9.5,9.875,9.625],"texture":"#1"},"south":{"uv":[3.25,9.5,3.75,9.625],"texture":"#1"},"west":{"uv":[9.625,1.5,10,1.625],"texture":"#1"},"up":{"uv":[3.25,6.5,2.75,6.125],"texture":"#1"},"down":{"uv":[3.25,6.125,2.75,6.5],"texture":"#1"}}},{"name":"body","from":[6,20,6.5],"to":[10,22,7.5],"rotation":{"angle":45,"axis":"x","origin":[-1,24.30292,14.39199]},"faces":{"north":{"uv":[4,9.125,4.5,9.375],"texture":"#1"},"east":{"uv":[9.25,9.625,9.375,9.875],"texture":"#1"},"south":{"uv":[4,9.125,4.5,9.375],"texture":"#1"},"west":{"uv":[9.375,9.625,9.5,9.875],"texture":"#1"},"up":{"uv":[10,3.375,9.5,3.25],"texture":"#1"},"down":{"uv":[10,3.375,9.5,3.5],"texture":"#1"}}},{"name":"body","from":[6.01,25.11165,14.15167],"to":[9.99,26.09165,17.13167],"rotation":{"angle":45,"axis":"x","origin":[8,25.10165,15.64167]},"faces":{"north":{"uv":[9.5,5.125,10,5.25],"texture":"#1"},"east":{"uv":[9.625,1.625,10,1.75],"texture":"#1"},"south":{"uv":[9.5,5.25,10,5.375],"texture":"#1"},"west":{"uv":[9.625,1.75,10,1.875],"texture":"#1"},"up":{"uv":[9.5,4.375,9,4],"texture":"#1"},"down":{"uv":[9.5,8.875,9,9.25],"texture":"#1"}}},{"name":"body","from":[6.01,26.52083,12.04268],"to":[9.99,27.50083,15.02268],"rotation":{"angle":22.5,"axis":"x","origin":[8,26.51083,13.53268]},"faces":{"north":{"uv":[9.5,8.875,10,9],"texture":"#1"},"east":{"uv":[9.625,1.875,10,2],"texture":"#1"},"south":{"uv":[9,9.5,9.5,9.625],"texture":"#1"},"west":{"uv":[9.625,2,10,2.125],"texture":"#1"},"up":{"uv":[2,9.5,1.5,9.125],"texture":"#1"},"down":{"uv":[9.625,1.5,9.125,1.875],"texture":"#1"}}},{"name":"body","from":[6.01,21.50266,17.06085],"to":[9.99,24.48266,18.04085],"rotation":{"angle":-22.5,"axis":"x","origin":[8,22.99266,17.05085]},"faces":{"north":{"uv":[9.125,1.875,9.625,2.25],"texture":"#1"},"east":{"uv":[3.875,9.5,4,9.875],"texture":"#1"},"south":{"uv":[9.125,2.25,9.625,2.625],"texture":"#1"},"west":{"uv":[9.625,2.125,9.75,2.5],"texture":"#1"},"up":{"uv":[10,9.125,9.5,9],"texture":"#1"},"down":{"uv":[10,9.125,9.5,9.25],"texture":"#1"}}},{"name":"body","from":[5.99,17.87388,14.2639],"to":[10.01,31.64388,16.2839],"rotation":{"angle":-45,"axis":"x","origin":[8,24.08388,15.2739]},"faces":{"north":{"uv":[0.5,7,1,8.75],"texture":"#1"},"east":{"uv":[1,8.625,1.25,10.375],"texture":"#1"},"south":{"uv":[0.5,7,1,8.75],"texture":"#1"},"west":{"uv":[1.25,8.625,1.5,10.375],"texture":"#1"},"up":{"uv":[9.75,8.375,9.25,8.125],"texture":"#1"},"down":{"uv":[9.5,9.25,9,9.5],"texture":"#1"}}},{"name":"body","from":[6,19.0725,20.00152],"to":[10,22.0725,21.00152],"rotation":{"angle":22.5,"axis":"x","origin":[-1,24.30292,14.39199]},"faces":{"north":{"uv":[9,3.125,9.5,3.5],"texture":"#1"},"east":{"uv":[7.75,9.375,7.875,9.75],"texture":"#1"},"south":{"uv":[9,3.125,9.5,3.5],"texture":"#1"},"west":{"uv":[3.75,9.5,3.875,9.875],"texture":"#1"},"up":{"uv":[10,4.125,9.5,4],"texture":"#1"},"down":{"uv":[10,4.125,9.5,4.25],"texture":"#1"}}},{"name":"body","from":[6,20,21.5],"to":[10,22,22.5],"rotation":{"angle":45,"axis":"x","origin":[-1,24.30292,14.39199]},"faces":{"north":{"uv":[7,9.125,7.5,9.375],"texture":"#1"},"east":{"uv":[9.5,9.625,9.625,9.875],"texture":"#1"},"south":{"uv":[7,9.125,7.5,9.375],"texture":"#1"},"west":{"uv":[9.625,9.625,9.75,9.875],"texture":"#1"},"up":{"uv":[10,4.375,9.5,4.25],"texture":"#1"},"down":{"uv":[10,5,9.5,5.125],"texture":"#1"}}},{"name":"body","from":[-2,18,21.5],"to":[18,20,22.5],"rotation":{"angle":45,"axis":"x","origin":[8,24.30292,14.39199]},"faces":{"north":{"uv":[1,7.875,3.5,8.125],"texture":"#1"},"east":{"uv":[1.5,9.75,1.625,10],"texture":"#1"},"south":{"uv":[1,7.875,3.5,8.125],"texture":"#1"},"west":{"uv":[1.625,9.75,1.75,10],"texture":"#1"},"up":{"uv":[11.25,1.125,8.75,1],"texture":"#1"},"down":{"uv":[11.25,1.125,8.75,1.25],"texture":"#1"}}},{"name":"body","from":[5,17.1,6.3],"to":[11,20.1,7.3],"rotation":{"angle":45,"axis":"x","origin":[11.5,24.30292,14.39199]},"faces":{"north":{"uv":[3.25,8.75,4,9.125],"texture":"#1"},"east":{"uv":[3.25,9.625,3.375,10],"texture":"#1"},"south":{"uv":[4,8.75,4.75,9.125],"texture":"#1"},"west":{"uv":[3.375,9.625,3.5,10],"texture":"#1"},"up":{"uv":[9.75,4.5,9,4.375],"texture":"#1"},"down":{"uv":[10.125,5.625,9.375,5.75],"texture":"#1"}}},{"name":"body","from":[5,26.26002,5.86975],"to":[11,31.26002,5.86975],"rotation":{"angle":22.5,"axis":"z","origin":[8,28.76002,5.86975]},"faces":{"north":{"uv":[3,15.375,3.75,16],"texture":"#1"},"east":{"uv":[3,15.375,3.75,16],"texture":"#1"},"south":{"uv":[3,15.375,3.75,16],"texture":"#1"},"west":{"uv":[3,15.375,3.75,16],"texture":"#1"},"up":{"uv":[3,15.375,3.75,16],"texture":"#1"},"down":{"uv":[3,15.375,3.75,16],"texture":"#1"}}},{"name":"body","from":[6,17.6,5.8],"to":[10,19.6,6.8],"rotation":{"angle":45,"axis":"x","origin":[11.5,24.30292,14.39199]},"faces":{"north":{"uv":[4,9.375,4.5,9.625],"texture":"#1"},"east":{"uv":[1.75,9.75,1.875,10],"texture":"#1"},"south":{"uv":[9.375,5.375,9.875,5.625],"texture":"#1"},"west":{"uv":[1.875,9.75,2,10],"texture":"#1"},"up":{"uv":[10,9.375,9.5,9.25],"texture":"#1"},"down":{"uv":[10,9.375,9.5,9.5],"texture":"#1"}}},{"from":[1.50693,-3.10104,14.01],"to":[4.48693,5.87896,15.99],"shade":false,"rotation":{"angle":-22.5,"axis":"x","origin":[-0.42807,5.38896,8]},"faces":{"north":{"uv":[2.75,5,3.125,6.125],"texture":"#1"},"east":{"uv":[4.75,8.75,5,9.875],"texture":"#1"},"south":{"uv":[8.5,5,8.875,6.125],"texture":"#1"},"west":{"uv":[5,8.75,5.25,9.875],"texture":"#1"},"up":{"uv":[7.875,9.375,7.5,9.125],"texture":"#1"},"down":{"uv":[9.75,5.75,9.375,6],"texture":"#1"}}},{"from":[1.5,0,16],"to":[4.5,2,19],"shade":false,"rotation":{"angle":0,"axis":"y","origin":[10,7.5,8]},"faces":{"north":{"uv":[6,9.375,6.375,9.625],"texture":"#1"},"east":{"uv":[6.375,9.375,6.75,9.625],"texture":"#1"},"south":{"uv":[6.75,9.375,7.125,9.625],"texture":"#1"},"west":{"uv":[7.125,9.375,7.5,9.625],"texture":"#1"},"up":{"uv":[3.625,9.5,3.25,9.125],"texture":"#1"},"down":{"uv":[4,9.125,3.625,9.5],"texture":"#1"}}},{"from":[11.50693,-3.10104,14.01],"to":[14.48693,5.87896,15.99],"shade":false,"rotation":{"angle":-22.5,"axis":"x","origin":[9.57193,5.38896,8]},"faces":{"north":{"uv":[2.75,5,3.125,6.125],"texture":"#1"},"east":{"uv":[4.75,8.75,5,9.875],"texture":"#1"},"south":{"uv":[8.5,5,8.875,6.125],"texture":"#1"},"west":{"uv":[5,8.75,5.25,9.875],"texture":"#1"},"up":{"uv":[7.875,9.375,7.5,9.125],"texture":"#1"},"down":{"uv":[9.75,5.75,9.375,6],"texture":"#1"}}},{"from":[11.5,0,16],"to":[14.5,2,19],"shade":false,"rotation":{"angle":0,"axis":"y","origin":[20,7.5,8]},"faces":{"north":{"uv":[6,9.375,6.375,9.625],"texture":"#1"},"east":{"uv":[6.375,9.375,6.75,9.625],"texture":"#1"},"south":{"uv":[6.75,9.375,7.125,9.625],"texture":"#1"},"west":{"uv":[7.125,9.375,7.5,9.625],"texture":"#1"},"up":{"uv":[3.625,9.5,3.25,9.125],"texture":"#1"},"down":{"uv":[4,9.125,3.625,9.5],"texture":"#1"}}},{"from":[-5,-0.025,-2],"to":[21,0.975,18],"rotation":{"angle":0,"axis":"y","origin":[0,3,0]},"faces":{"north":{"uv":[8.25,7.75,11.5,7.875],"texture":"#1"},"east":{"uv":[8.75,1.25,11.25,1.375],"texture":"#1"},"south":{"uv":[8.5,6.125,11.75,6.25],"texture":"#1"},"west":{"uv":[8.75,1.375,11.25,1.5],"texture":"#1"},"up":{"uv":[3.25,2.5,0,0],"texture":"#1"},"down":{"uv":[3.25,2.5,0,5],"texture":"#1"}}},{"from":[-4,0.975,-1],"to":[20,1.975,17],"rotation":{"angle":0,"axis":"y","origin":[0,3,0]},"faces":{"north":{"uv":[2.25,8.625,5.25,8.75],"texture":"#1"},"east":{"uv":[8.75,3.75,11,3.875],"texture":"#1"},"south":{"uv":[5.25,8.625,8.25,8.75],"texture":"#1"},"west":{"uv":[8.75,3.875,11,4],"texture":"#1"},"up":{"uv":[6.25,2.25,3.25,0],"texture":"#1"},"down":{"uv":[6.25,2.25,3.25,4.5],"texture":"#1"}}},{"from":[-6.10088,1.15,17.36796],"to":[-2.10088,2.15,21.36796],"rotation":{"angle":0,"axis":"y","origin":[-4.10088,1.65,18.36796]},"faces":{"north":{"uv":[4,1,8,2],"texture":"#2"},"east":{"uv":[4,2,8,3],"texture":"#2"},"south":{"uv":[4,3,8,4],"texture":"#2"},"west":{"uv":[4,0,8,1],"texture":"#2"},"up":{"uv":[4,4,0,0],"rotation":270,"texture":"#2"},"down":{"uv":[4,4,0,8],"rotation":90,"texture":"#2"}}},{"from":[-2.65224,0.15,17.48463],"to":[1.34776,1.15,21.48463],"rotation":{"angle":45,"axis":"y","origin":[-4.43161,0.65,24.79628]},"faces":{"north":{"uv":[4,0,8,1],"texture":"#2"},"east":{"uv":[4,1,8,2],"texture":"#2"},"south":{"uv":[4,2,8,3],"texture":"#2"},"west":{"uv":[4,3,8,4],"texture":"#2"},"up":{"uv":[4,4,0,0],"texture":"#2"},"down":{"uv":[4,4,0,8],"texture":"#2"}}},{"from":[28,0.15,17.98463],"to":[32,1.15,21.98463],"rotation":{"angle":45,"axis":"y","origin":[-3.18161,0.65,21.29628]},"faces":{"north":{"uv":[4,0,8,1],"texture":"#2"},"east":{"uv":[4,1,8,2],"texture":"#2"},"south":{"uv":[4,2,8,3],"texture":"#2"},"west":{"uv":[4,3,8,4],"texture":"#2"},"up":{"uv":[4,4,0,0],"texture":"#2"},"down":{"uv":[4,4,0,8],"texture":"#2"}}},{"from":[20.23364,0.15,-1.72392],"to":[24.23364,1.15,2.27608],"rotation":{"angle":0,"axis":"y","origin":[20.48364,0.65,-4.22392]},"faces":{"north":{"uv":[4,1,8,2],"texture":"#2"},"east":{"uv":[4,2,8,3],"texture":"#2"},"south":{"uv":[4,3,8,4],"texture":"#2"},"west":{"uv":[4,0,8,1],"texture":"#2"},"up":{"uv":[4,4,0,0],"rotation":270,"texture":"#2"},"down":{"uv":[4,4,0,8],"rotation":90,"texture":"#2"}}},{"from":[16.98364,0.15,17.52608],"to":[20.98364,1.15,21.52608],"rotation":{"angle":0,"axis":"y","origin":[21.23364,0.65,-0.72392]},"faces":{"north":{"uv":[4,1,8,2],"texture":"#2"},"east":{"uv":[4,2,8,3],"texture":"#2"},"south":{"uv":[4,3,8,4],"texture":"#2"},"west":{"uv":[4,0,8,1],"texture":"#2"},"up":{"uv":[4,4,0,0],"rotation":270,"texture":"#2"},"down":{"uv":[4,4,0,8],"rotation":90,"texture":"#2"}}},{"from":[-6.76636,0.15,-4.22392],"to":[-2.76636,1.15,-0.22392],"rotation":{"angle":22.5,"axis":"y","origin":[-6.76636,0.65,-1.22392]},"faces":{"north":{"uv":[4,1,8,2],"texture":"#2"},"east":{"uv":[4,2,8,3],"texture":"#2"},"south":{"uv":[4,3,8,4],"texture":"#2"},"west":{"uv":[4,0,8,1],"texture":"#2"},"up":{"uv":[4,4,0,0],"rotation":270,"texture":"#2"},"down":{"uv":[4,4,0,8],"rotation":90,"texture":"#2"}}},{"from":[-6.76636,1.15,-3.22392],"to":[-2.76636,2.15,0.77608],"rotation":{"angle":45,"axis":"y","origin":[-6.76636,0.65,-1.22392]},"faces":{"north":{"uv":[4,1,8,2],"texture":"#2"},"east":{"uv":[4,2,8,3],"texture":"#2"},"south":{"uv":[4,3,8,4],"texture":"#2"},"west":{"uv":[4,0,8,1],"texture":"#2"},"up":{"uv":[4,4,0,0],"rotation":270,"texture":"#2"},"down":{"uv":[4,4,0,8],"rotation":90,"texture":"#2"}}},{"from":[-2.12846,0.15,-6.28748],"to":[1.87154,1.15,-2.28748],"rotation":{"angle":0,"axis":"y","origin":[0.62154,0.65,-2.28748]},"faces":{"north":{"uv":[4,2,8,3],"texture":"#2"},"east":{"uv":[4,3,8,4],"texture":"#2"},"south":{"uv":[4,0,8,1],"texture":"#2"},"west":{"uv":[4,1,8,2],"texture":"#2"},"up":{"uv":[4,4,0,0],"rotation":180,"texture":"#2"},"down":{"uv":[4,4,0,8],"rotation":180,"texture":"#2"}}},{"from":[21.62154,0.15,14.96252],"to":[25.62154,1.15,18.96252],"rotation":{"angle":22.5,"axis":"y","origin":[21.87154,0.65,18.21252]},"faces":{"north":{"uv":[4,2,8,3],"texture":"#2"},"east":{"uv":[4,3,8,4],"texture":"#2"},"south":{"uv":[4,0,8,1],"texture":"#2"},"west":{"uv":[4,1,8,2],"texture":"#2"},"up":{"uv":[4,4,0,0],"rotation":180,"texture":"#2"},"down":{"uv":[4,4,0,8],"rotation":180,"texture":"#2"}}},{"from":[-8.01636,2.15,-5.22392],"to":[-4.01636,3.15,-1.22392],"rotation":{"angle":-22.5,"axis":"y","origin":[-6.76636,0.65,-1.22392]},"faces":{"north":{"uv":[4,2,8,3],"texture":"#2"},"east":{"uv":[4,3,8,4],"texture":"#2"},"south":{"uv":[4,0,8,1],"texture":"#2"},"west":{"uv":[4,1,8,2],"texture":"#2"},"up":{"uv":[4,4,0,0],"rotation":180,"texture":"#2"},"down":{"uv":[4,4,0,8],"rotation":180,"texture":"#2"}}},{"from":[-7.01636,3.15,-5.22392],"to":[-3.01636,4.15,-1.22392],"rotation":{"angle":0,"axis":"y","origin":[-6.76636,0.65,-1.22392]},"faces":{"north":{"uv":[4,2,8,3],"texture":"#2"},"east":{"uv":[4,3,8,4],"texture":"#2"},"south":{"uv":[4,0,8,1],"texture":"#2"},"west":{"uv":[4,1,8,2],"texture":"#2"},"up":{"uv":[4,4,0,0],"rotation":180,"texture":"#2"},"down":{"uv":[4,4,0,8],"rotation":180,"texture":"#2"}}},{"from":[-1.25,13,1.5],"to":[2.75,14,5.5],"rotation":{"angle":22.5,"axis":"y","origin":[0.75,13.5,3.5]},"faces":{"north":{"uv":[4,0,8,1],"texture":"#2"},"east":{"uv":[4,1,8,2],"texture":"#2"},"south":{"uv":[4,2,8,3],"texture":"#2"},"west":{"uv":[4,3,8,4],"texture":"#2"},"up":{"uv":[4,4,0,0],"texture":"#2"},"down":{"uv":[4,4,0,8],"texture":"#2"}}},{"from":[0.00909,12.9,6.10037],"to":[4.00909,13.9,10.10037],"rotation":{"angle":-22.5,"axis":"y","origin":[2.75909,13.5,8.35037]},"faces":{"north":{"uv":[4,1,8,2],"texture":"#2"},"east":{"uv":[4,2,8,3],"texture":"#2"},"south":{"uv":[4,3,8,4],"texture":"#2"},"west":{"uv":[4,0,8,1],"texture":"#2"},"up":{"uv":[4,4,0,0],"rotation":270,"texture":"#2"},"down":{"uv":[4,4,0,8],"rotation":90,"texture":"#2"}}},{"from":[4.25,13.025,2],"to":[8.25,14.025,6],"rotation":{"angle":45,"axis":"y","origin":[5.75,13.5,3.5]},"faces":{"north":{"uv":[4,0,8,1],"texture":"#2"},"east":{"uv":[4,1,8,2],"texture":"#2"},"south":{"uv":[4,2,8,3],"texture":"#2"},"west":{"uv":[4,3,8,4],"texture":"#2"},"up":{"uv":[4,4,0,0],"texture":"#2"},"down":{"uv":[4,4,0,8],"texture":"#2"}}},{"from":[10.50909,13,9.85037],"to":[14.50909,14,13.85037],"rotation":{"angle":-22.5,"axis":"y","origin":[12.50909,13.5,11.85037]},"faces":{"north":{"uv":[4,0,8,1],"texture":"#2"},"east":{"uv":[4,1,8,2],"texture":"#2"},"south":{"uv":[4,2,8,3],"texture":"#2"},"west":{"uv":[4,3,8,4],"texture":"#2"},"up":{"uv":[4,4,0,0],"texture":"#2"},"down":{"uv":[4,4,0,8],"texture":"#2"}}},{"from":[7,13,5],"to":[11,14,9],"rotation":{"angle":22.5,"axis":"y","origin":[10.5,13.5,7]},"faces":{"north":{"uv":[4,3,8,4],"texture":"#2"},"east":{"uv":[4,0,8,1],"texture":"#2"},"south":{"uv":[4,1,8,2],"texture":"#2"},"west":{"uv":[4,2,8,3],"texture":"#2"},"up":{"uv":[4,4,0,0],"rotation":90,"texture":"#2"},"down":{"uv":[4,4,0,8],"rotation":270,"texture":"#2"}}},{"from":[-0.59134,14,6.24435],"to":[3.40866,15,10.24435],"rotation":{"angle":-22.5,"axis":"y","origin":[6.3753,14.5,6.81637]},"faces":{"north":{"uv":[4,1,8,2],"texture":"#2"},"east":{"uv":[4,2,8,3],"texture":"#2"},"south":{"uv":[4,3,8,4],"texture":"#2"},"west":{"uv":[4,0,8,1],"texture":"#2"},"up":{"uv":[4,4,0,0],"rotation":270,"texture":"#2"},"down":{"uv":[4,4,0,8],"rotation":90,"texture":"#2"}}},{"from":[1.62139,14,6.86746],"to":[5.62139,15,10.86746],"rotation":{"angle":22.5,"axis":"y","origin":[6.3753,14.5,6.81637]},"faces":{"north":{"uv":[4,1,8,2],"texture":"#2"},"east":{"uv":[4,2,8,3],"texture":"#2"},"south":{"uv":[4,3,8,4],"texture":"#2"},"west":{"uv":[4,0,8,1],"texture":"#2"},"up":{"uv":[4,4,0,0],"rotation":270,"texture":"#2"},"down":{"uv":[4,4,0,8],"rotation":90,"texture":"#2"}}},{"from":[9.59776,13,1.48463],"to":[13.59776,14,5.48463],"rotation":{"angle":0,"axis":"y","origin":[12.34776,13.5,6.23463]},"faces":{"north":{"uv":[4,0,8,1],"texture":"#2"},"east":{"uv":[4,1,8,2],"texture":"#2"},"south":{"uv":[4,2,8,3],"texture":"#2"},"west":{"uv":[4,3,8,4],"texture":"#2"},"up":{"uv":[4,4,0,0],"texture":"#2"},"down":{"uv":[4,4,0,8],"texture":"#2"}}},{"from":[12.84776,12.9,1.23463],"to":[16.84776,13.9,5.23463],"rotation":{"angle":45,"axis":"y","origin":[16.34776,13.5,3.48463]},"faces":{"north":{"uv":[4,0,8,1],"texture":"#2"},"east":{"uv":[4,1,8,2],"texture":"#2"},"south":{"uv":[4,2,8,3],"texture":"#2"},"west":{"uv":[4,3,8,4],"texture":"#2"},"up":{"uv":[4,4,0,0],"texture":"#2"},"down":{"uv":[4,4,0,8],"texture":"#2"}}},{"from":[2.5,13,8],"to":[6.5,14,12],"rotation":{"angle":22.5,"axis":"y","origin":[9.75,13.5,7]},"faces":{"north":{"uv":[4,3,8,4],"texture":"#2"},"east":{"uv":[4,0,8,1],"texture":"#2"},"south":{"uv":[4,1,8,2],"texture":"#2"},"west":{"uv":[4,2,8,3],"texture":"#2"},"up":{"uv":[4,4,0,0],"rotation":90,"texture":"#2"},"down":{"uv":[4,4,0,8],"rotation":270,"texture":"#2"}}},{"from":[-2.25,13,6.5],"to":[1.75,14,10.5],"rotation":{"angle":22.5,"axis":"y","origin":[9.75,14.75,7]},"faces":{"north":{"uv":[4,3,8,4],"texture":"#2"},"east":{"uv":[4,0,8,1],"texture":"#2"},"south":{"uv":[4,1,8,2],"texture":"#2"},"west":{"uv":[4,2,8,3],"texture":"#2"},"up":{"uv":[4,4,0,0],"rotation":90,"texture":"#2"},"down":{"uv":[4,4,0,8],"rotation":270,"texture":"#2"}}},{"from":[14,13,6.5],"to":[18,14,10.5],"rotation":{"angle":-45,"axis":"y","origin":[15.5,13.5,7]},"faces":{"north":{"uv":[4,0,8,1],"texture":"#2"},"east":{"uv":[4,1,8,2],"texture":"#2"},"south":{"uv":[4,2,8,3],"texture":"#2"},"west":{"uv":[4,3,8,4],"texture":"#2"},"up":{"uv":[4,4,0,0],"texture":"#2"},"down":{"uv":[4,4,0,8],"texture":"#2"}}},{"from":[13.86103,14,7.01721],"to":[17.86103,15,11.01721],"rotation":{"angle":-22.5,"axis":"y","origin":[8.56839,14.5,8.79628]},"faces":{"north":{"uv":[4,0,8,1],"texture":"#2"},"east":{"uv":[4,1,8,2],"texture":"#2"},"south":{"uv":[4,2,8,3],"texture":"#2"},"west":{"uv":[4,3,8,4],"texture":"#2"},"up":{"uv":[4,4,0,0],"texture":"#2"},"down":{"uv":[4,4,0,8],"texture":"#2"}}},{"from":[0,0,0],"to":[2,2,2],"faces":{"north":{"uv":[0,0,0.25,0.25],"texture":"#2"},"east":{"uv":[0,0,0.25,0.25],"texture":"#2"},"south":{"uv":[0,0,0.25,0.25],"texture":"#2"},"west":{"uv":[0,0,0.25,0.25],"texture":"#2"},"up":{"uv":[0,0,0.25,0.25],"texture":"#2"},"down":{"uv":[0,0,0.25,0.25],"texture":"#2"}}}],"display":{"thirdperson_righthand":{"rotation":[30,0,0],"scale":[0.25,0.25,0.25]},"thirdperson_lefthand":{"rotation":[30,0,0],"scale":[0.25,0.25,0.25]},"firstperson_righthand":{"scale":[0.25,0.25,0.25]},"firstperson_lefthand":{"scale":[0.25,0.25,0.25]},"ground":{"scale":[0.4,0.4,0.4]},"gui":{"rotation":[30,145,0],"translation":[0,-1.5,0],"scale":[0.4,0.4,0.4]},"head":{"translation":[0,-39,0],"scale":[1.5,1.5,1.5]},"fixed":{"translation":[0,-2.25,-2.75],"scale":[0.5,0.5,0.5]}}}