{"credit":"Made with Blockbench","texture_size":[128,128],"textures":{"0":"custom_crates:normal_case"},"elements":[{"from":[-5.5,24,6],"to":[-1.5,32,10],"rotation":{"angle":45,"axis":"z","origin":[1.5,28.19342,8]},"faces":{"north":{"uv":[1.25,8.5,1.75,9.5],"texture":"#0"},"east":{"uv":[1.625,10.75,2.125,11.75],"texture":"#0"},"south":{"uv":[1.75,8.5,1.25,9.5],"texture":"#0"},"west":{"uv":[2.125,11.25,2.625,12.25],"texture":"#0"},"up":{"uv":[10.5,1.125,10,0.625],"texture":"#0"},"down":{"uv":[13.875,14.375,13.375,14.875],"texture":"#0"}}},{"from":[17.5,24,6],"to":[21.5,32,10],"rotation":{"angle":-45,"axis":"z","origin":[14.5,28.19342,8]},"faces":{"north":{"uv":[1.75,8.5,1.25,9.5],"texture":"#0"},"east":{"uv":[2.125,11.25,2.625,12.25],"texture":"#0"},"south":{"uv":[1.25,8.5,1.75,9.5],"texture":"#0"},"west":{"uv":[1.625,10.75,2.125,11.75],"texture":"#0"},"up":{"uv":[10,1.125,10.5,0.625],"texture":"#0"},"down":{"uv":[15,6.625,14.5,7.125],"texture":"#0"}}},{"from":[17.80866,14.53806,9.5],"to":[25.80866,18.53806,14.5],"rotation":{"angle":22.5,"axis":"z","origin":[20.5,17,12]},"faces":{"north":{"uv":[4.625,11.375,3.625,11.875],"texture":"#0"},"east":{"uv":[7.75,13.75,8.375,14.25],"texture":"#0"},"south":{"uv":[3.625,11.375,4.625,11.875],"texture":"#0"},"west":{"uv":[10.5,3.625,11.125,4.125],"texture":"#0"},"up":{"uv":[1.125,10.125,2.125,10.75],"texture":"#0"},"down":{"uv":[10.125,4.75,11.125,4.125],"texture":"#0"}}},{"from":[24.31492,20.44415,10.5],"to":[29.31492,23.44415,13.5],"rotation":{"angle":45,"axis":"z","origin":[28.81492,19.94415,12]},"faces":{"north":{"uv":[14.75,1.375,15.375,1.75],"texture":"#0"},"east":{"uv":[10.375,15.125,10.75,15.5],"texture":"#0"},"south":{"uv":[15.375,1.375,14.75,1.75],"texture":"#0"},"west":{"uv":[11.75,4.125,12.125,4.5],"texture":"#0"},"up":{"uv":[13.875,15.125,14.5,14.75],"texture":"#0"},"down":{"uv":[1,14.875,1.625,15.25],"texture":"#0"}}},{"from":[17.80866,14.53806,1.5],"to":[25.80866,18.53806,6.5],"rotation":{"angle":22.5,"axis":"z","origin":[20.5,17,4]},"faces":{"north":{"uv":[0,11.375,1,11.875],"texture":"#0"},"east":{"uv":[7.75,13.75,8.375,14.25],"texture":"#0"},"south":{"uv":[3.625,11.375,4.625,11.875],"texture":"#0"},"west":{"uv":[13.75,6.25,14.375,6.75],"texture":"#0"},"up":{"uv":[1.125,10.75,2.125,10.125],"texture":"#0"},"down":{"uv":[10.125,4.125,11.125,4.75],"texture":"#0"}}},{"from":[24.31492,20.44415,2.5],"to":[29.31492,23.44415,5.5],"rotation":{"angle":45,"axis":"z","origin":[28.81492,19.94415,4]},"faces":{"north":{"uv":[14.75,1.375,15.375,1.75],"texture":"#0"},"east":{"uv":[10.375,15.125,10.75,15.5],"texture":"#0"},"south":{"uv":[15.375,1.375,14.75,1.75],"texture":"#0"},"west":{"uv":[2.625,14.5,3,14.875],"texture":"#0"},"up":{"uv":[13.875,15.125,14.5,14.75],"texture":"#0"},"down":{"uv":[1,15.25,1.625,14.875],"texture":"#0"}}},{"from":[-9.80866,14.53806,1.5],"to":[-1.80866,18.53806,6.5],"rotation":{"angle":-22.5,"axis":"z","origin":[-4.5,17,4]},"faces":{"north":{"uv":[3.625,11.375,4.625,11.875],"texture":"#0"},"east":{"uv":[7.125,13.75,7.75,14.25],"texture":"#0"},"south":{"uv":[4.625,11.375,3.625,11.875],"texture":"#0"},"west":{"uv":[7.75,13.75,8.375,14.25],"texture":"#0"},"up":{"uv":[2.125,10.75,1.125,10.125],"texture":"#0"},"down":{"uv":[11.125,4.125,10.125,4.75],"texture":"#0"}}},{"from":[-13.31492,20.44415,2.5],"to":[-8.31492,23.44415,5.5],"rotation":{"angle":-45,"axis":"z","origin":[-12.81492,19.94415,4]},"faces":{"north":{"uv":[11.875,14.75,12.5,15.125],"texture":"#0"},"east":{"uv":[10,15.125,10.375,15.5],"texture":"#0"},"south":{"uv":[12.5,14.75,11.875,15.125],"texture":"#0"},"west":{"uv":[10.375,15.125,10.75,15.5],"texture":"#0"},"up":{"uv":[14.5,15.125,13.875,14.75],"texture":"#0"},"down":{"uv":[1.625,14.875,1,15.25],"texture":"#0"}}},{"from":[-9.80866,14.53806,9.5],"to":[-1.80866,18.53806,14.5],"rotation":{"angle":-22.5,"axis":"z","origin":[-4.5,17,12]},"faces":{"north":{"uv":[3.625,11.375,4.625,11.875],"texture":"#0"},"east":{"uv":[13.875,3,14.5,3.5],"texture":"#0"},"south":{"uv":[0,11.375,1,11.875],"texture":"#0"},"west":{"uv":[7.75,13.75,8.375,14.25],"texture":"#0"},"up":{"uv":[2.125,10.125,1.125,10.75],"texture":"#0"},"down":{"uv":[11.125,4.75,10.125,4.125],"texture":"#0"}}},{"from":[-13.31492,20.44415,10.5],"to":[-8.31492,23.44415,13.5],"rotation":{"angle":-45,"axis":"z","origin":[-12.81492,19.94415,12]},"faces":{"north":{"uv":[11.875,14.75,12.5,15.125],"texture":"#0"},"east":{"uv":[10.75,15.125,11.125,15.5],"texture":"#0"},"south":{"uv":[12.5,14.75,11.875,15.125],"texture":"#0"},"west":{"uv":[10.375,15.125,10.75,15.5],"texture":"#0"},"up":{"uv":[14.5,15.125,13.875,14.75],"texture":"#0"},"down":{"uv":[1.625,14.875,1,15.25],"texture":"#0"}}},{"from":[-6.61732,24.04014,3.34672],"to":[2.38268,29.04014,8.34672],"rotation":{"angle":-45,"axis":"x","origin":[-0.5,28.69342,8]},"faces":{"north":{"uv":[3.625,9,4.75,9.625],"texture":"#0"},"east":{"uv":[0.875,12.375,1.5,13],"texture":"#0"},"south":{"uv":[7,9,5.875,9.625],"texture":"#0"},"west":{"uv":[4.5,12.375,5.125,13],"texture":"#0"},"up":{"uv":[7,9.625,5.875,9],"texture":"#0"},"down":{"uv":[4.75,9,3.625,9.625],"texture":"#0"}}},{"from":[-0.2294,23.26954,6.2706],"to":[3.7706,31.26954,10.2706],"rotation":{"angle":45,"axis":"y","origin":[1.5,29.19342,8]},"faces":{"north":{"uv":[1,11.375,1.5,12.375],"texture":"#0"},"east":{"uv":[4.625,11.375,5.125,12.375],"texture":"#0"},"south":{"uv":[5.125,11.375,4.625,12.375],"texture":"#0"},"west":{"uv":[1.5,11.375,1,12.375],"texture":"#0"},"up":{"uv":[15,8.25,14.5,7.75],"texture":"#0"},"down":{"uv":[15,10.75,14.5,11.25],"texture":"#0"}}},{"from":[-3,15.1444,10.84241],"to":[2,24.1444,14.84241],"rotation":{"angle":-22.5,"axis":"x","origin":[-0.5,23.23201,8]},"faces":{"north":{"uv":[3.5,10.25,4,11.375],"texture":"#0"},"east":{"uv":[4,10.25,3.5,11.375],"texture":"#0"},"south":{"uv":[9.875,1.875,9.25,3],"texture":"#0"},"west":{"uv":[4,10.25,3.5,11.375],"texture":"#0"},"up":{"uv":[14.5,4.5,13.875,4],"texture":"#0"},"down":{"uv":[14.5,4.5,13.875,5],"texture":"#0"}}},{"from":[-3.001,22.69242,1.999],"to":[2.001,26.69442,14.001],"rotation":{"angle":0,"axis":"y","origin":[-0.5,23.23201,8]},"faces":{"north":{"uv":[6.5,13.875,7.125,14.375],"texture":"#0"},"east":{"uv":[8.625,4.125,10.125,4.625],"texture":"#0"},"south":{"uv":[13.875,6.75,14.5,7.25],"texture":"#0"},"west":{"uv":[8.625,4.125,10.125,4.625],"texture":"#0"},"up":{"uv":[3,9.875,2.375,8.375],"texture":"#0"},"down":{"uv":[3.625,8.375,3,9.875],"texture":"#0"}}},{"from":[-3,15.1444,1.15759],"to":[2,24.1444,5.15759],"rotation":{"angle":22.5,"axis":"x","origin":[-0.5,23.23201,8]},"faces":{"north":{"uv":[9.25,1.875,9.875,3],"texture":"#0"},"east":{"uv":[3.5,10.25,4,11.375],"texture":"#0"},"south":{"uv":[4,10.25,3.5,11.375],"texture":"#0"},"west":{"uv":[3.5,10.25,4,11.375],"texture":"#0"},"up":{"uv":[14.5,8.5,13.875,8],"texture":"#0"},"down":{"uv":[14.5,11,13.875,11.5],"texture":"#0"}}},{"from":[12.2294,23.26954,6.2706],"to":[16.2294,31.26954,10.2706],"rotation":{"angle":-45,"axis":"y","origin":[14.5,29.19342,8]},"faces":{"north":{"uv":[1.5,11.375,1,12.375],"texture":"#0"},"east":{"uv":[1,11.375,1.5,12.375],"texture":"#0"},"south":{"uv":[4.625,11.375,5.125,12.375],"texture":"#0"},"west":{"uv":[5.125,11.375,4.625,12.375],"texture":"#0"},"up":{"uv":[14.5,8.25,15,7.75],"texture":"#0"},"down":{"uv":[1,14.625,0.5,15.125],"texture":"#0"}}},{"from":[14,17.5,12],"to":[19,26.5,16],"rotation":{"angle":-22.5,"axis":"x","origin":[16.5,21.5,14.5]},"faces":{"north":{"uv":[4,10.25,3.5,11.375],"texture":"#0"},"east":{"uv":[3.5,10.25,4,11.375],"texture":"#0"},"south":{"uv":[9.25,1.875,9.875,3],"texture":"#0"},"west":{"uv":[4,10.25,3.5,11.375],"texture":"#0"},"up":{"uv":[13.375,14.375,12.75,13.875],"texture":"#0"},"down":{"uv":[14,13.875,13.375,14.375],"texture":"#0"}}},{"from":[13.999,22.69242,1.999],"to":[19.001,26.69442,14.001],"rotation":{"angle":0,"axis":"y","origin":[16.5,20.69342,9.75]},"faces":{"north":{"uv":[1.75,14,2.375,14.5],"texture":"#0"},"east":{"uv":[8.625,4.125,10.125,4.625],"texture":"#0"},"south":{"uv":[2.375,14,3,14.5],"texture":"#0"},"west":{"uv":[8.625,4.125,10.125,4.625],"texture":"#0"},"up":{"uv":[2.375,9.875,3,8.375],"texture":"#0"},"down":{"uv":[1.25,8.5,0.625,10],"texture":"#0"}}},{"from":[13.61732,24.04014,3.34672],"to":[22.61732,29.04014,8.34672],"rotation":{"angle":-45,"axis":"x","origin":[16.5,28.69342,8]},"faces":{"north":{"uv":[4.75,9,3.625,9.625],"texture":"#0"},"east":{"uv":[4.5,12.375,5.125,13],"texture":"#0"},"south":{"uv":[5.875,9,7,9.625],"texture":"#0"},"west":{"uv":[5.625,12.375,6.25,13],"texture":"#0"},"up":{"uv":[5.875,9.625,7,9],"texture":"#0"},"down":{"uv":[3.625,9,4.75,9.625],"texture":"#0"}}},{"from":[14,17.5,0],"to":[19,26.5,4],"rotation":{"angle":22.5,"axis":"x","origin":[16.5,21.5,1.5]},"faces":{"north":{"uv":[9.875,1.875,9.25,3],"texture":"#0"},"east":{"uv":[4,10.25,3.5,11.375],"texture":"#0"},"south":{"uv":[3.5,10.25,4,11.375],"texture":"#0"},"west":{"uv":[3.5,10.25,4,11.375],"texture":"#0"},"up":{"uv":[14.625,7.75,14,7.25],"texture":"#0"},"down":{"uv":[14.625,9.25,14,9.75],"texture":"#0"}}},{"from":[-1,14.5,-3],"to":[17,18.5,2],"rotation":{"angle":0,"axis":"y","origin":[8,17.5,8]},"faces":{"north":{"uv":[5.875,7.5,8.125,8],"texture":"#0"},"east":{"uv":[14,9.75,14.625,10.25],"texture":"#0"},"south":{"uv":[8,6.25,10.25,6.75],"texture":"#0"},"west":{"uv":[14,10.25,14.625,10.75],"texture":"#0"},"up":{"uv":[4,7.375,1.75,6.75],"texture":"#0"},"down":{"uv":[4,6.75,1.75,7.375],"texture":"#0"}}},{"from":[4.5,14,-3.75],"to":[11.5,19,1.25],"rotation":{"angle":0,"axis":"y","origin":[8,17.5,8]},"faces":{"north":{"uv":[10.625,10.625,11.5,11.25],"texture":"#0"},"east":{"uv":[6.875,12.5,6.25,13.125],"texture":"#0"},"south":{"uv":[10.875,3,11.75,3.625],"texture":"#0"},"west":{"uv":[6.25,12.5,6.875,13.125],"texture":"#0"},"up":{"uv":[5.375,11.375,4.5,10.75],"texture":"#0"},"down":{"uv":[5.375,10.75,4.5,11.375],"texture":"#0"}}},{"from":[4.4,12.9,-3.25],"to":[9.2,17.7,-0.25],"rotation":{"angle":45,"axis":"z","origin":[8,16.5,-1.25]},"faces":{"north":{"uv":[12.5,6.5,13.125,7.125],"texture":"#0"},"east":{"uv":[3.625,7.375,4,8],"texture":"#0"},"south":{"uv":[6.875,12.625,7.5,13.25],"texture":"#0"},"west":{"uv":[3.625,8,4,8.625],"texture":"#0"},"up":{"uv":[7.25,15.25,6.625,14.875],"texture":"#0"},"down":{"uv":[7.875,14.875,7.25,15.25],"texture":"#0"}}},{"from":[-5,14.25,-0.5],"to":[0,18.25,5.5],"rotation":{"angle":22.5,"axis":"y","origin":[-1.5,15.5,3]},"faces":{"north":{"uv":[14,13.125,14.625,13.625],"texture":"#0"},"east":{"uv":[12.75,9,13.5,9.5],"texture":"#0"},"south":{"uv":[14,13.625,14.625,14.125],"texture":"#0"},"west":{"uv":[8.625,13.25,7.875,13.75],"texture":"#0"},"up":{"uv":[10.25,13,10.875,12.25],"texture":"#0"},"down":{"uv":[10.25,13,10.875,12.25],"texture":"#0"}}},{"from":[-5,13.5,5],"to":[0,18.5,11],"rotation":{"angle":0,"axis":"y","origin":[-1.5,15.75,3]},"faces":{"north":{"uv":[6.875,12.5,6.25,13.125],"texture":"#0"},"east":{"uv":[6.625,11.875,7.375,12.5],"texture":"#0"},"south":{"uv":[6.25,12.5,6.875,13.125],"texture":"#0"},"west":{"uv":[11.875,7.25,12.625,7.875],"texture":"#0"},"up":{"uv":[9,13,9.625,12.25],"texture":"#0"},"down":{"uv":[9,13,9.625,12.25],"texture":"#0"}}},{"from":[-5,14.25,10.5],"to":[0,18.25,16.5],"rotation":{"angle":-22.5,"axis":"y","origin":[-1.5,15.5,13]},"faces":{"north":{"uv":[0.5,14.125,1.125,14.625],"texture":"#0"},"east":{"uv":[13.25,7.5,14,8],"texture":"#0"},"south":{"uv":[14.125,2.125,14.75,2.625],"texture":"#0"},"west":{"uv":[7.875,13.25,8.625,13.75],"texture":"#0"},"up":{"uv":[10.25,12.25,10.875,13],"texture":"#0"},"down":{"uv":[10.25,12.25,10.875,13],"texture":"#0"}}},{"from":[-1,14.5,14],"to":[17,18.5,19],"rotation":{"angle":0,"axis":"y","origin":[8,17.5,8]},"faces":{"north":{"uv":[8,6.25,10.25,6.75],"texture":"#0"},"east":{"uv":[4.375,14.125,5,14.625],"texture":"#0"},"south":{"uv":[5.875,7.5,8.125,8],"texture":"#0"},"west":{"uv":[5,14.125,5.625,14.625],"texture":"#0"},"up":{"uv":[4,6.75,1.75,7.375],"texture":"#0"},"down":{"uv":[4,7.375,1.75,6.75],"texture":"#0"}}},{"from":[4.5,14,14.75],"to":[11.5,19,19.75],"rotation":{"angle":0,"axis":"y","origin":[8,17.5,8]},"faces":{"north":{"uv":[10.875,3,11.75,3.625],"texture":"#0"},"east":{"uv":[6.25,12.5,6.875,13.125],"texture":"#0"},"south":{"uv":[10.875,5.375,11.75,6],"texture":"#0"},"west":{"uv":[6.875,12.5,6.25,13.125],"texture":"#0"},"up":{"uv":[5.375,10.75,4.5,11.375],"texture":"#0"},"down":{"uv":[5.375,11.375,4.5,10.75],"texture":"#0"}}},{"from":[16,14.25,10.5],"to":[21,18.25,16.5],"rotation":{"angle":22.5,"axis":"y","origin":[17.5,15.5,13]},"faces":{"north":{"uv":[9.625,14.125,10.25,14.625],"texture":"#0"},"east":{"uv":[8.625,13.25,7.875,13.75],"texture":"#0"},"south":{"uv":[10.25,14.125,10.875,14.625],"texture":"#0"},"west":{"uv":[13.25,10,14,10.5],"texture":"#0"},"up":{"uv":[10.875,12.25,10.25,13],"texture":"#0"},"down":{"uv":[10.875,13,10.25,12.25],"texture":"#0"}}},{"from":[16,13.5,5],"to":[21,18.5,11],"rotation":{"angle":0,"axis":"y","origin":[17.5,15.75,3]},"faces":{"north":{"uv":[6.25,12.5,6.875,13.125],"texture":"#0"},"east":{"uv":[11.875,7.25,12.625,7.875],"texture":"#0"},"south":{"uv":[6.875,12.5,6.25,13.125],"texture":"#0"},"west":{"uv":[12.25,0,13,0.625],"texture":"#0"},"up":{"uv":[9.625,13,9,12.25],"texture":"#0"},"down":{"uv":[9.625,13,9,12.25],"texture":"#0"}}},{"from":[16,14.25,-0.5],"to":[21,18.25,5.5],"rotation":{"angle":-22.5,"axis":"y","origin":[17.5,15.5,3]},"faces":{"north":{"uv":[10.875,14.125,11.5,14.625],"texture":"#0"},"east":{"uv":[7.875,13.25,8.625,13.75],"texture":"#0"},"south":{"uv":[11.5,14.125,12.125,14.625],"texture":"#0"},"west":{"uv":[13.375,2.5,14.125,3],"texture":"#0"},"up":{"uv":[10.875,13,10.25,12.25],"texture":"#0"},"down":{"uv":[10.875,12.25,10.25,13],"texture":"#0"}}},{"from":[-1.502,18.248,2.998],"to":[17.502,25.252,13.002],"rotation":{"angle":0,"axis":"y","origin":[8,-2.25,8]},"faces":{"north":{"uv":[2.375,5,4.75,5.875],"texture":"#0"},"east":{"uv":[8.125,7.25,9.375,8.125],"texture":"#0"},"south":{"uv":[0,5.75,2.375,6.625],"texture":"#0"},"west":{"uv":[8.125,7.25,9.375,8.125],"texture":"#0"},"up":{"uv":[4.75,1.25,2.375,0],"texture":"#0"},"down":{"uv":[4.75,1.25,2.375,2.5],"texture":"#0"}}},{"from":[-1.502,16.248,1.998],"to":[17.502,17.252,14.002],"rotation":{"angle":0,"axis":"y","origin":[8,-2.25,8]},"faces":{"north":{"uv":[2.375,5,4.75,5.875],"texture":"#0"},"east":{"uv":[8.125,7.25,9.375,8.125],"texture":"#0"},"south":{"uv":[0,5.75,2.375,6.625],"texture":"#0"},"west":{"uv":[8.125,7.25,9.375,8.125],"texture":"#0"},"up":{"uv":[4.75,1.25,2.375,0],"texture":"#0"},"down":{"uv":[2.375,1.625,0,0],"texture":"#0"}}},{"from":[5,26,5],"to":[11,32,11],"rotation":{"angle":45,"axis":"x","origin":[8,35.75,8]},"faces":{"north":{"uv":[11.375,9.875,10.625,10.625],"texture":"#0"},"east":{"uv":[11.375,9.875,10.625,10.625],"texture":"#0"},"south":{"uv":[11.375,9.875,10.625,10.625],"texture":"#0"},"west":{"uv":[11.375,9.875,10.625,10.625],"texture":"#0"},"up":{"uv":[11.375,9.875,10.625,10.625],"texture":"#0"},"down":{"uv":[11.375,9.875,10.625,10.625],"texture":"#0"}}},{"from":[-1.5,15.603,1.28001],"to":[17.5,23.603,11.28001],"rotation":{"angle":22.5,"axis":"x","origin":[8,20.103,6.28001]},"faces":{"north":{"uv":[4.75,0,7.125,1],"texture":"#0"},"east":{"uv":[2.375,7.375,3.625,8.375],"texture":"#0"},"south":{"uv":[4.75,1,7.125,2],"texture":"#0"},"west":{"uv":[7.375,3.625,8.625,4.625],"texture":"#0"},"up":{"uv":[4.75,3.75,2.375,2.5],"texture":"#0"},"down":{"uv":[2.375,3.25,0,4.5],"texture":"#0"}}},{"from":[-1.5,15.603,4.71999],"to":[17.5,23.603,14.71999],"rotation":{"angle":-22.5,"axis":"x","origin":[8,20.103,9.71999]},"faces":{"north":{"uv":[4.75,2,7.125,3],"texture":"#0"},"east":{"uv":[7.375,4.625,8.625,5.625],"texture":"#0"},"south":{"uv":[4.75,0,7.125,1],"texture":"#0"},"west":{"uv":[4.625,7.5,5.875,8.5],"texture":"#0"},"up":{"uv":[4.75,5,2.375,3.75],"texture":"#0"},"down":{"uv":[2.375,4.5,0,5.75],"texture":"#0"}}},{"from":[-1.25,2.75,0.75],"to":[2.75,5.75,6.75],"rotation":{"angle":22.5,"axis":"y","origin":[0,4.25,6]},"faces":{"north":{"uv":[10,9.125,10.5,9.5],"texture":"#0"},"east":{"uv":[7.125,6.25,7.875,6.625],"texture":"#0"},"south":{"uv":[10.5,1.375,11,1.75],"texture":"#0"},"west":{"uv":[15.25,3,14.5,3.375],"texture":"#0"},"up":{"uv":[13.375,4.5,13.875,5.25],"texture":"#0"},"down":{"uv":[13.875,3.75,13.375,4.5],"texture":"#0"}}},{"from":[4.5,2.25,0.5],"to":[11.5,6.25,15.5],"rotation":{"angle":0,"axis":"y","origin":[8,-2,8]},"faces":{"north":{"uv":[12.125,12.25,13,12.75],"texture":"#0"},"east":{"uv":[4.625,8.5,6.5,9],"texture":"#0"},"south":{"uv":[12.125,12.25,13,12.75],"texture":"#0"},"west":{"uv":[8.625,3.625,10.5,4.125],"texture":"#0"},"up":{"uv":[0.875,8.5,0,6.625],"texture":"#0"},"down":{"uv":[1.75,6.625,0.875,8.5],"texture":"#0"}}},{"from":[-2.5,2.25,4.5],"to":[18.5,6.25,11.5],"rotation":{"angle":0,"axis":"y","origin":[8,-2,8]},"faces":{"north":{"uv":[7.125,3.125,9.75,3.625],"texture":"#0"},"east":{"uv":[12.125,12.25,13,12.75],"texture":"#0"},"south":{"uv":[7.125,5.75,9.75,6.25],"texture":"#0"},"west":{"uv":[12.125,12.25,13,12.75],"texture":"#0"},"up":{"uv":[7.375,4.875,4.75,4],"texture":"#0"},"down":{"uv":[7.375,4.875,4.75,5.75],"texture":"#0"}}},{"from":[-1.5,5.75,1.5],"to":[17.5,12.75,14.5],"rotation":{"angle":0,"axis":"y","origin":[8,-2,8]},"faces":{"north":{"uv":[4.75,5.75,7.125,6.625],"texture":"#0"},"east":{"uv":[6.375,6.625,8,7.5],"texture":"#0"},"south":{"uv":[4.75,5.75,7.125,6.625],"texture":"#0"},"west":{"uv":[6.375,6.625,8,7.5],"texture":"#0"},"up":{"uv":[2.375,1.625,0,0],"texture":"#0"},"down":{"uv":[2.375,1.625,0,3.25],"texture":"#0"}}},{"from":[5.75,2,-0.5],"to":[10.25,6.5,16.5],"rotation":{"angle":45,"axis":"z","origin":[8,4.25,8]},"faces":{"north":{"uv":[12.625,10.75,13.25,11.375],"texture":"#0"},"east":{"uv":[7.125,1.875,9.25,2.5],"texture":"#0"},"south":{"uv":[13.25,10.75,12.625,11.375],"texture":"#0"},"west":{"uv":[7.125,2.5,9.25,3.125],"texture":"#0"},"up":{"uv":[4.625,8.875,4,6.75],"texture":"#0"},"down":{"uv":[2.375,7.375,1.75,9.5],"texture":"#0"}}},{"from":[13.25,2.75,9.25],"to":[17.25,5.75,15.25],"rotation":{"angle":22.5,"axis":"y","origin":[16,4.25,10]},"faces":{"north":{"uv":[5.125,12.625,5.625,13],"texture":"#0"},"east":{"uv":[15.25,3,14.5,3.375],"texture":"#0"},"south":{"uv":[0,14.875,0.5,15.25],"texture":"#0"},"west":{"uv":[14.125,12.75,14.875,13.125],"texture":"#0"},"up":{"uv":[13.875,5.25,13.375,4.5],"texture":"#0"},"down":{"uv":[13.875,8,13.375,8.75],"texture":"#0"}}},{"from":[13.25,2.75,0.75],"to":[17.25,5.75,6.75],"rotation":{"angle":-22.5,"axis":"y","origin":[16,4.25,6]},"faces":{"north":{"uv":[7.875,14.875,8.375,15.25],"texture":"#0"},"east":{"uv":[15.25,3,14.5,3.375],"texture":"#0"},"south":{"uv":[14.875,12.75,15.375,13.125],"texture":"#0"},"west":{"uv":[14.375,0,15.125,0.375],"texture":"#0"},"up":{"uv":[13.875,4.5,13.375,5.25],"texture":"#0"},"down":{"uv":[11.75,13.375,11.25,14.125],"texture":"#0"}}},{"from":[-1.25,2.75,9.25],"to":[2.75,5.75,15.25],"rotation":{"angle":-22.5,"axis":"y","origin":[0,4.25,10]},"faces":{"north":{"uv":[13.125,14.875,13.625,15.25],"texture":"#0"},"east":{"uv":[6.125,14.375,6.875,14.75],"texture":"#0"},"south":{"uv":[15,1.75,15.5,2.125],"texture":"#0"},"west":{"uv":[15.25,3,14.5,3.375],"texture":"#0"},"up":{"uv":[13.375,5.25,13.875,4.5],"texture":"#0"},"down":{"uv":[12.75,13.375,12.25,14.125],"texture":"#0"}}},{"from":[-2.502,12.748,14.498],"to":[5.502,16.752,18.502],"rotation":{"angle":0,"axis":"y","origin":[1,14.75,16.5]},"faces":{"north":{"uv":[1,11.875,0,12.375],"texture":"#0"},"east":{"uv":[4,14.625,4.5,15.125],"texture":"#0"},"south":{"uv":[1,11.875,0,12.375],"texture":"#0"},"west":{"uv":[15.125,11.25,14.625,11.75],"texture":"#0"},"up":{"uv":[12.875,2,11.875,2.5],"texture":"#0"},"down":{"uv":[12.875,2.5,11.875,2],"texture":"#0"}}},{"from":[-4.11732,0,13.57612],"to":[0.88268,5,18.57612],"rotation":{"angle":-22.5,"axis":"z","origin":[-1.61732,2.5,16.07612]},"faces":{"north":{"uv":[13.5,1.875,12.875,2.5],"texture":"#0"},"east":{"uv":[12.875,1.875,13.5,2.5],"texture":"#0"},"south":{"uv":[13.625,1.875,13,2.5],"texture":"#0"},"west":{"uv":[12.875,1.875,13.5,2.5],"texture":"#0"},"up":{"uv":[13.375,9,12.75,8.375],"texture":"#0"},"down":{"uv":[8.75,13.625,9.375,13],"texture":"#0"}}},{"from":[-2.76956,3.73463,14.07612],"to":[1.23044,8.73463,18.07612],"rotation":{"angle":0,"axis":"y","origin":[0.23044,6.73463,16.07612]},"faces":{"north":{"uv":[6.125,14.25,5.625,14.875],"texture":"#0"},"east":{"uv":[5.625,14.25,6.125,14.875],"texture":"#0"},"south":{"uv":[6.125,14.25,5.625,14.875],"texture":"#0"},"west":{"uv":[5.625,14.25,6.125,14.875],"texture":"#0"},"up":{"uv":[11.375,14.625,11.875,15.125],"texture":"#0"},"down":{"uv":[15.125,7.125,14.625,7.625],"texture":"#0"}}},{"from":[0.23044,2.73463,13.57612],"to":[6.23044,5.73463,17.57612],"rotation":{"angle":0,"axis":"y","origin":[0.23044,6.73463,16.07612]},"faces":{"north":{"uv":[8.625,14.375,9.375,14.75],"texture":"#0"},"east":{"uv":[2.875,15,3.375,15.375],"texture":"#0"},"south":{"uv":[14.5,3,15.25,3.375],"texture":"#0"},"west":{"uv":[3.375,15,3.875,15.375],"texture":"#0"},"up":{"uv":[2.625,13.5,3.375,14],"texture":"#0"},"down":{"uv":[13.5,13.375,12.75,13.875],"texture":"#0"}}},{"from":[-3.76956,8.23463,14.57612],"to":[-0.76956,12.23463,17.57612],"rotation":{"angle":22.5,"axis":"z","origin":[-0.76956,11.23463,16.07612]},"faces":{"north":{"uv":[5.5,15.125,5.125,15.625],"texture":"#0"},"east":{"uv":[5.125,15.125,5.5,15.625],"texture":"#0"},"south":{"uv":[5.5,15.125,5.125,15.625],"texture":"#0"},"west":{"uv":[5.125,15.125,5.5,15.625],"texture":"#0"},"up":{"uv":[15.5,11.5,15.125,11.125],"texture":"#0"},"down":{"uv":[11.875,15.125,11.5,15.5],"texture":"#0"}}},{"from":[-5.80343,10.93225,15.07612],"to":[-3.80343,14.93225,17.07612],"rotation":{"angle":45,"axis":"z","origin":[-3.30343,13.43225,16.07612]},"faces":{"north":{"uv":[14.125,15.125,13.875,15.625],"texture":"#0"},"east":{"uv":[13.875,15.125,14.125,15.625],"texture":"#0"},"south":{"uv":[14.125,15.125,13.875,15.625],"texture":"#0"},"west":{"uv":[13.875,15.125,14.125,15.625],"texture":"#0"},"up":{"uv":[7.375,3.875,7.125,3.625],"texture":"#0"},"down":{"uv":[2.375,10.125,2.125,10.375],"texture":"#0"}}},{"from":[15.11732,0,13.57612],"to":[20.11732,5,18.57612],"rotation":{"angle":22.5,"axis":"z","origin":[17.61732,2.5,16.07612]},"faces":{"north":{"uv":[12.875,1.875,13.5,2.5],"texture":"#0"},"east":{"uv":[13.5,1.875,12.875,2.5],"texture":"#0"},"south":{"uv":[12.875,1.875,13.5,2.5],"texture":"#0"},"west":{"uv":[13.5,1.875,12.875,2.5],"texture":"#0"},"up":{"uv":[13.5,1.25,12.875,0.625],"texture":"#0"},"down":{"uv":[8.75,13.625,9.375,13],"texture":"#0"}}},{"from":[14.76956,3.73463,14.07612],"to":[18.76956,8.73463,18.07612],"rotation":{"angle":0,"axis":"y","origin":[15.76956,6.73463,16.07612]},"faces":{"north":{"uv":[5.625,14.25,6.125,14.875],"texture":"#0"},"east":{"uv":[6.125,14.25,5.625,14.875],"texture":"#0"},"south":{"uv":[5.625,14.25,6.125,14.875],"texture":"#0"},"west":{"uv":[5.625,14.25,6.125,14.875],"texture":"#0"},"up":{"uv":[11.875,14.625,11.375,15.125],"texture":"#0"},"down":{"uv":[9.875,14.625,9.375,15.125],"texture":"#0"}}},{"from":[9.76956,2.73463,13.57612],"to":[15.76956,5.73463,17.57612],"rotation":{"angle":0,"axis":"y","origin":[15.76956,6.73463,16.07612]},"faces":{"north":{"uv":[1.125,14.5,1.875,14.875],"texture":"#0"},"east":{"uv":[15,14.125,15.5,14.5],"texture":"#0"},"south":{"uv":[15.25,3,14.5,3.375],"texture":"#0"},"west":{"uv":[15,14.5,15.5,14.875],"texture":"#0"},"up":{"uv":[3.375,13.5,2.625,14],"texture":"#0"},"down":{"uv":[14.25,1.125,13.5,1.625],"texture":"#0"}}},{"from":[16.76956,8.23463,14.57612],"to":[19.76956,12.23463,17.57612],"rotation":{"angle":-22.5,"axis":"z","origin":[16.76956,11.23463,16.07612]},"faces":{"north":{"uv":[5.5,15.125,5.125,15.625],"texture":"#0"},"east":{"uv":[5.125,15.125,5.5,15.625],"texture":"#0"},"south":{"uv":[5.5,15.125,5.125,15.625],"texture":"#0"},"west":{"uv":[5.125,15.125,5.5,15.625],"texture":"#0"},"up":{"uv":[15.5,12.625,15.125,12.25],"texture":"#0"},"down":{"uv":[12.25,15.125,11.875,15.5],"texture":"#0"}}},{"from":[19.80343,10.93225,15.07612],"to":[21.80343,14.93225,17.07612],"rotation":{"angle":-45,"axis":"z","origin":[19.30343,13.43225,16.07612]},"faces":{"north":{"uv":[14.125,15.125,13.875,15.625],"texture":"#0"},"east":{"uv":[13.875,15.125,14.125,15.625],"texture":"#0"},"south":{"uv":[14.125,15.125,13.875,15.625],"texture":"#0"},"west":{"uv":[15.125,13.625,15.375,14.125],"texture":"#0"},"up":{"uv":[10.875,5.625,10.625,5.375],"texture":"#0"},"down":{"uv":[10.5,7,10.25,7.25],"texture":"#0"}}},{"from":[10.498,12.748,14.498],"to":[18.502,16.752,18.502],"rotation":{"angle":0,"axis":"y","origin":[8,0,8]},"faces":{"north":{"uv":[0,11.875,1,12.375],"texture":"#0"},"east":{"uv":[14.625,11.25,15.125,11.75],"texture":"#0"},"south":{"uv":[0,11.875,1,12.375],"texture":"#0"},"west":{"uv":[9.875,14.625,10.375,15.125],"texture":"#0"},"up":{"uv":[11.875,2,12.875,2.5],"texture":"#0"},"down":{"uv":[11.875,2.5,12.875,2],"texture":"#0"}}},{"from":[-4.11732,0,-2.57612],"to":[0.88268,5,2.42388],"rotation":{"angle":-22.5,"axis":"z","origin":[-1.61732,2.5,-0.07612]},"faces":{"north":{"uv":[12.875,1.875,13.5,2.5],"texture":"#0"},"east":{"uv":[2.125,12.875,2.75,13.5],"texture":"#0"},"south":{"uv":[12.875,1.875,13.5,2.5],"texture":"#0"},"west":{"uv":[13.5,1.875,12.875,2.5],"texture":"#0"},"up":{"uv":[8.75,13.625,9.375,13],"texture":"#0"},"down":{"uv":[8.75,13.625,9.375,13],"texture":"#0"}}},{"from":[-2.76956,3.73463,-2.07612],"to":[1.23044,8.73463,1.92388],"rotation":{"angle":0,"axis":"y","origin":[0.23044,6.73463,-0.07612]},"faces":{"north":{"uv":[5.625,14.25,6.125,14.875],"texture":"#0"},"east":{"uv":[14.25,5.625,14.75,6.25],"texture":"#0"},"south":{"uv":[5.625,14.25,6.125,14.875],"texture":"#0"},"west":{"uv":[6.125,14.25,5.625,14.875],"texture":"#0"},"up":{"uv":[11.375,15.125,11.875,14.625],"texture":"#0"},"down":{"uv":[10.875,14.625,10.375,15.125],"texture":"#0"}}},{"from":[0.23044,2.73463,-1.57612],"to":[6.23044,5.73463,2.42388],"rotation":{"angle":0,"axis":"y","origin":[0.23044,6.73463,-0.07612]},"faces":{"north":{"uv":[14.5,3,15.25,3.375],"texture":"#0"},"east":{"uv":[15.125,0,15.625,0.375],"texture":"#0"},"south":{"uv":[14.5,3.375,15.25,3.75],"texture":"#0"},"west":{"uv":[4.625,15.125,5.125,15.5],"texture":"#0"},"up":{"uv":[14.25,2.125,13.5,1.625],"texture":"#0"},"down":{"uv":[2.625,13.5,1.875,14],"texture":"#0"}}},{"from":[-3.76956,8.23463,-1.57612],"to":[-0.76956,12.23463,1.42388],"rotation":{"angle":22.5,"axis":"z","origin":[-0.76956,11.23463,-0.07612]},"faces":{"north":{"uv":[5.125,15.125,5.5,15.625],"texture":"#0"},"east":{"uv":[5.5,15.125,5.125,15.625],"texture":"#0"},"south":{"uv":[5.125,15.125,5.5,15.625],"texture":"#0"},"west":{"uv":[5.5,15.125,5.125,15.625],"texture":"#0"},"up":{"uv":[15.125,12.625,15.5,12.25],"texture":"#0"},"down":{"uv":[12.625,15.125,12.25,15.5],"texture":"#0"}}},{"from":[-5.80343,10.93225,-1.07612],"to":[-3.80343,14.93225,0.92388],"rotation":{"angle":45,"axis":"z","origin":[-3.30343,13.43225,-0.07612]},"faces":{"north":{"uv":[13.875,15.125,14.125,15.625],"texture":"#0"},"east":{"uv":[14.125,15.125,13.875,15.625],"texture":"#0"},"south":{"uv":[13.875,15.125,14.125,15.625],"texture":"#0"},"west":{"uv":[14.125,15.125,13.875,15.625],"texture":"#0"},"up":{"uv":[10.625,5.625,10.875,5.375],"texture":"#0"},"down":{"uv":[10.75,7,10.5,7.25],"texture":"#0"}}},{"from":[-2.502,12.748,-2.502],"to":[5.502,16.752,1.502],"rotation":{"angle":0,"axis":"y","origin":[8,0,8]},"faces":{"north":{"uv":[0,11.875,1,12.375],"texture":"#0"},"east":{"uv":[10.875,14.625,11.375,15.125],"texture":"#0"},"south":{"uv":[0,11.875,1,12.375],"texture":"#0"},"west":{"uv":[14.625,11.25,15.125,11.75],"texture":"#0"},"up":{"uv":[12.875,2.5,11.875,2],"texture":"#0"},"down":{"uv":[12.875,2,11.875,2.5],"texture":"#0"}}},{"from":[15.11732,0,-2.57612],"to":[20.11732,5,2.42388],"rotation":{"angle":22.5,"axis":"z","origin":[18,2.5,-1]},"faces":{"north":{"uv":[13.5,1.875,12.875,2.5],"texture":"#0"},"east":{"uv":[12.875,1.875,13.5,2.5],"texture":"#0"},"south":{"uv":[13.5,1.875,12.875,2.5],"texture":"#0"},"west":{"uv":[5.25,13,5.875,13.625],"texture":"#0"},"up":{"uv":[9.375,13.625,8.75,13],"texture":"#0"},"down":{"uv":[8.75,13.625,9.375,13],"texture":"#0"}}},{"from":[14.76956,3.73463,-2.07612],"to":[18.76956,8.73463,1.92388],"rotation":{"angle":0,"axis":"y","origin":[15.76956,6.73463,-0.07612]},"faces":{"north":{"uv":[6.125,14.25,5.625,14.875],"texture":"#0"},"east":{"uv":[5.625,14.25,6.125,14.875],"texture":"#0"},"south":{"uv":[6.125,14.25,5.625,14.875],"texture":"#0"},"west":{"uv":[3.5,14.375,4,15],"texture":"#0"},"up":{"uv":[11.875,15.125,11.375,14.625],"texture":"#0"},"down":{"uv":[15.125,11.75,14.625,12.25],"texture":"#0"}}},{"from":[9.76956,2.73463,-1.57612],"to":[15.76956,5.73463,2.42388],"rotation":{"angle":0,"axis":"y","origin":[15.76956,6.73463,-0.07612]},"faces":{"north":{"uv":[15.25,3,14.5,3.375],"texture":"#0"},"east":{"uv":[8.75,15.125,9.25,15.5],"texture":"#0"},"south":{"uv":[14.5,4.125,15.25,4.5],"texture":"#0"},"west":{"uv":[15.125,9,15.625,9.375],"texture":"#0"},"up":{"uv":[3.375,14,2.625,13.5],"texture":"#0"},"down":{"uv":[14.25,5.25,13.5,5.75],"texture":"#0"}}},{"from":[16.76956,8.23463,-1.57612],"to":[19.76956,12.23463,1.42388],"rotation":{"angle":-22.5,"axis":"z","origin":[16.76956,11.23463,-0.07612]},"faces":{"north":{"uv":[5.5,15.125,5.125,15.625],"texture":"#0"},"east":{"uv":[5.125,15.125,5.5,15.625],"texture":"#0"},"south":{"uv":[5.5,15.125,5.125,15.625],"texture":"#0"},"west":{"uv":[5.125,15.125,5.5,15.625],"texture":"#0"},"up":{"uv":[15.5,12.625,15.125,12.25],"texture":"#0"},"down":{"uv":[13,15.125,12.625,15.5],"texture":"#0"}}},{"from":[19.80343,10.93225,-1.07612],"to":[21.80343,14.93225,0.92388],"rotation":{"angle":-45,"axis":"z","origin":[19.30343,13.43225,-0.07612]},"faces":{"north":{"uv":[14.125,15.125,13.875,15.625],"texture":"#0"},"east":{"uv":[13.875,15.125,14.125,15.625],"texture":"#0"},"south":{"uv":[14.125,15.125,13.875,15.625],"texture":"#0"},"west":{"uv":[0.875,15.25,1.125,15.75],"texture":"#0"},"up":{"uv":[10.875,5.625,10.625,5.375],"texture":"#0"},"down":{"uv":[11,7,10.75,7.25],"texture":"#0"}}},{"from":[10.498,12.748,-2.502],"to":[18.502,16.752,1.502],"rotation":{"angle":0,"axis":"y","origin":[8,0,8]},"faces":{"north":{"uv":[2.625,11.875,3.625,12.375],"texture":"#0"},"east":{"uv":[15.125,11.25,14.625,11.75],"texture":"#0"},"south":{"uv":[1,11.875,0,12.375],"texture":"#0"},"west":{"uv":[14.625,13.125,15.125,13.625],"texture":"#0"},"up":{"uv":[11.875,2.5,12.875,2],"texture":"#0"},"down":{"uv":[11.875,2,12.875,2.5],"texture":"#0"}}},{"from":[3.6,12.25,-1],"to":[12.4,17.25,4],"rotation":{"angle":0,"axis":"y","origin":[8,0,8]},"faces":{"north":{"uv":[6,9.625,7.125,10.25],"texture":"#0"},"east":{"uv":[10,13,10.625,13.625],"texture":"#0"},"south":{"uv":[6,9.625,7.125,10.25],"texture":"#0"},"west":{"uv":[10.625,13,11.25,13.625],"texture":"#0"},"up":{"uv":[11,2.375,9.875,1.75],"texture":"#0"},"down":{"uv":[11,1.75,9.875,2.375],"texture":"#0"}}},{"from":[3.6,12.25,12],"to":[12.4,17.25,17],"rotation":{"angle":0,"axis":"y","origin":[8,3,28]},"faces":{"north":{"uv":[6,9.625,7.125,10.25],"texture":"#0"},"east":{"uv":[13,12,13.625,12.625],"texture":"#0"},"south":{"uv":[6,9.625,7.125,10.25],"texture":"#0"},"west":{"uv":[1.25,13.125,1.875,13.75],"texture":"#0"},"up":{"uv":[11,1.75,9.875,2.375],"texture":"#0"},"down":{"uv":[11,2.375,9.875,1.75],"texture":"#0"}}},{"from":[16.5,12.75,9.5],"to":[20.5,16.75,15.5],"rotation":{"angle":22.5,"axis":"y","origin":[20.5,14.75,14.5]},"faces":{"north":{"uv":[14.625,13.625,15.125,14.125],"texture":"#0"},"east":{"uv":[5.125,13.625,5.875,14.125],"texture":"#0"},"south":{"uv":[14.75,2.125,15.25,2.625],"texture":"#0"},"west":{"uv":[5.125,13.625,5.875,14.125],"texture":"#0"},"up":{"uv":[9.125,13.625,9.625,14.375],"texture":"#0"},"down":{"uv":[1.25,13.75,1.75,14.5],"texture":"#0"}}},{"from":[16.5,12.75,0.5],"to":[20.5,16.75,6.5],"rotation":{"angle":-22.5,"axis":"y","origin":[20.5,14.75,1.5]},"faces":{"north":{"uv":[15.25,2.125,14.75,2.625],"texture":"#0"},"east":{"uv":[5.875,13.625,5.125,14.125],"texture":"#0"},"south":{"uv":[14.75,0.875,15.25,1.375],"texture":"#0"},"west":{"uv":[5.875,13.625,5.125,14.125],"texture":"#0"},"up":{"uv":[9.125,14.375,9.625,13.625],"texture":"#0"},"down":{"uv":[1.25,14.5,1.75,13.75],"texture":"#0"}}},{"from":[14.75,12.25,4.5],"to":[19.75,17.25,11.5],"rotation":{"angle":0,"axis":"y","origin":[20.5,14.75,1.5]},"faces":{"north":{"uv":[5.875,13.125,6.5,13.75],"texture":"#0"},"east":{"uv":[11,7.875,11.875,8.5],"texture":"#0"},"south":{"uv":[13.125,6.25,13.75,6.875],"texture":"#0"},"west":{"uv":[11,7.875,11.875,8.5],"texture":"#0"},"up":{"uv":[11.125,4.5,11.75,3.625],"texture":"#0"},"down":{"uv":[11.125,3.625,11.75,4.5],"texture":"#0"}}},{"from":[-3.75,12.25,4.5],"to":[1.25,17.25,11.5],"rotation":{"angle":0,"axis":"y","origin":[-4.5,14.75,1.5]},"faces":{"north":{"uv":[6.5,13.25,7.125,13.875],"texture":"#0"},"east":{"uv":[11,7.875,11.875,8.5],"texture":"#0"},"south":{"uv":[13.25,6.875,13.875,7.5],"texture":"#0"},"west":{"uv":[11,7.875,11.875,8.5],"texture":"#0"},"up":{"uv":[11.75,3.625,11.125,4.5],"texture":"#0"},"down":{"uv":[11.75,3.625,11.125,4.5],"texture":"#0"}}},{"from":[-4.5,12.75,0.5],"to":[-0.5,16.75,6.5],"rotation":{"angle":22.5,"axis":"y","origin":[-4.5,14.75,1.5]},"faces":{"north":{"uv":[14.75,2.125,15.25,2.625],"texture":"#0"},"east":{"uv":[5.125,13.625,5.875,14.125],"texture":"#0"},"south":{"uv":[14.75,5,15.25,5.5],"texture":"#0"},"west":{"uv":[5.125,13.625,5.875,14.125],"texture":"#0"},"up":{"uv":[9.625,14.375,9.125,13.625],"texture":"#0"},"down":{"uv":[9.625,13.625,9.125,14.375],"texture":"#0"}}},{"from":[-4.5,12.75,9.5],"to":[-0.5,16.75,15.5],"rotation":{"angle":-22.5,"axis":"y","origin":[-4.5,14.75,14.5]},"faces":{"north":{"uv":[14.75,5.5,15.25,6],"texture":"#0"},"east":{"uv":[5.875,13.625,5.125,14.125],"texture":"#0"},"south":{"uv":[15.25,2.125,14.75,2.625],"texture":"#0"},"west":{"uv":[5.875,13.625,5.125,14.125],"texture":"#0"},"up":{"uv":[9.625,13.625,9.125,14.375],"texture":"#0"},"down":{"uv":[1.75,13.75,1.25,14.5],"texture":"#0"}}}]}