{"credit":"Made with Blockbench","texture_size":[128,128],"textures":{"0":"custom_crates:tree_crate_body_texture","3":"custom_crates:tree_crate_animation_01","4":"custom_crates:tree_crate_animation_02","6":"custom_crates:tree_crate_animation_03","particle":"custom_crates:tree_crate_body_texture"},"elements":[{"from":[7.3,5.2,-2.1],"to":[10.8,8.7,-2.1],"rotation":{"angle":-45,"axis":"z","origin":[12.5,9.4,-0.5]},"faces":{"north":{"uv":[2.75,1.375,3.25,1.875],"rotation":270,"texture":"#0"},"east":{"uv":[0,0,0,8],"rotation":180,"texture":"#missing"},"south":{"uv":[2.75,1.875,3.25,1.375],"rotation":270,"texture":"#0"},"west":{"uv":[0,0,0,8],"texture":"#missing"},"up":{"uv":[0,0,0,8],"rotation":90,"texture":"#missing"},"down":{"uv":[0,0,0,8],"rotation":90,"texture":"#missing"}}},{"from":[11.3,-0.5,-0.5],"to":[14.8,3,-0.5],"rotation":{"angle":-45,"axis":"z","origin":[12.5,6.6,-0.5]},"faces":{"north":{"uv":[3.25,1.375,2.75,1.875],"rotation":270,"texture":"#0"},"east":{"uv":[0,8,0,0],"rotation":180,"texture":"#missing"},"south":{"uv":[3.25,1.875,2.75,1.375],"rotation":270,"texture":"#0"},"west":{"uv":[0,8,0,0],"texture":"#missing"},"up":{"uv":[0,0,0,8],"rotation":90,"texture":"#missing"},"down":{"uv":[0,0,0,8],"rotation":90,"texture":"#missing"}}},{"from":[-9.5,8.4,-1.5],"to":[-4.5,13.4,1.5],"rotation":{"angle":-45,"axis":"z","origin":[-0.5,-7.6,-8]},"faces":{"north":{"uv":[0.875,0,1.5,0.625],"texture":"#0"},"east":{"uv":[1.5,0,1.875,0.625],"texture":"#0"},"south":{"uv":[0.875,0,1.5,0.625],"texture":"#0"},"west":{"uv":[2.5,0,2.875,0.625],"texture":"#0"},"up":{"uv":[2.875,0,3.5,0.375],"rotation":180,"texture":"#0"},"down":{"uv":[1.875,0,2.5,0.375],"texture":"#0"}}},{"from":[-8.5,9.4,-2],"to":[-5.5,12.4,2],"rotation":{"angle":-45,"axis":"z","origin":[-0.5,-7.6,-8]},"faces":{"north":{"uv":[0,0,0.375,0.375],"texture":"#0"},"east":{"uv":[0.375,0,0.875,0.375],"texture":"#0"},"south":{"uv":[0.375,0,0,0.375],"texture":"#0"},"west":{"uv":[0.375,0,0.875,0.375],"texture":"#0"},"up":{"uv":[0,0.375,0.375,0.875],"rotation":180,"texture":"#0"},"down":{"uv":[0,0.375,0.375,0.875],"texture":"#0"}}},{"from":[11,1.9,-1],"to":[12,6.4,1],"rotation":{"angle":22.5,"axis":"z","origin":[-0.5,-7.6,-8]},"faces":{"north":{"uv":[0.875,0.625,1.4375,0.75],"rotation":270,"texture":"#0"},"east":{"uv":[1.875,0.375,2.4375,0.625],"rotation":90,"texture":"#0"},"south":{"uv":[0.875,0.625,1.4375,0.75],"rotation":270,"texture":"#0"},"west":{"uv":[1.875,0.375,2.4375,0.625],"rotation":90,"texture":"#0"},"up":{"uv":[0.875,0.625,1.125,0.75],"rotation":90,"texture":"#0"},"down":{"uv":[0.875,0.625,1.125,0.75],"rotation":270,"texture":"#0"}}},{"from":[6.7,3.4,-0.75],"to":[9.2,8.4,0.75],"rotation":{"angle":0,"axis":"y","origin":[-0.5,-7.6,-8]},"faces":{"north":{"uv":[0.625,0.8125,0.9375,1.4375],"texture":"#0"},"east":{"uv":[0.9375,0.8125,1.125,1.4375],"texture":"#0"},"south":{"uv":[0.625,0.8125,0.9375,1.4375],"texture":"#0"},"west":{"uv":[0.9375,0.8125,1.125,1.4375],"texture":"#0"},"up":{"uv":[1.125,0.75,1.4375,0.9375],"rotation":180,"texture":"#0"},"down":{"uv":[1.125,0.75,1.4375,0.9375],"texture":"#0"}}},{"from":[4,1.9,-1],"to":[5,6.4,1],"rotation":{"angle":-22.5,"axis":"z","origin":[16.5,-7.6,-8]},"faces":{"north":{"uv":[0.875,0.75,1.4375,0.625],"rotation":270,"texture":"#0"},"east":{"uv":[1.875,0.625,2.4375,0.375],"rotation":90,"texture":"#0"},"south":{"uv":[0.875,0.75,1.4375,0.625],"rotation":270,"texture":"#0"},"west":{"uv":[1.875,0.625,2.4375,0.375],"rotation":90,"texture":"#0"},"up":{"uv":[0.875,0.75,1.125,0.625],"rotation":90,"texture":"#0"},"down":{"uv":[0.875,0.75,1.125,0.625],"rotation":270,"texture":"#0"}}},{"from":[6.5,3.6,-1.5],"to":[9.5,4.6,1.5],"rotation":{"angle":0,"axis":"y","origin":[-0.5,-7.6,-8]},"faces":{"north":{"uv":[0,1.25,0.375,1.375],"texture":"#0"},"east":{"uv":[0,1.375,0.375,1.5],"texture":"#0"},"south":{"uv":[0,1.25,0.375,1.375],"texture":"#0"},"west":{"uv":[0,1.375,0.375,1.5],"texture":"#0"},"up":{"uv":[0,0.875,0.375,1.25],"texture":"#0"},"down":{"uv":[0,0.875,0.375,1.25],"rotation":180,"texture":"#0"}}},{"from":[6,4.9,-1.1],"to":[10,6.4,1.1],"rotation":{"angle":0,"axis":"y","origin":[-0.5,-7.6,-8]},"faces":{"north":{"uv":[0.375,0.625,0.875,0.8125],"texture":"#0"},"east":{"uv":[0.375,0.8125,0.625,1],"texture":"#0"},"south":{"uv":[0.375,0.625,0.875,0.8125],"texture":"#0"},"west":{"uv":[0.375,0.8125,0.625,1],"texture":"#0"},"up":{"uv":[0.375,0.375,0.875,0.625],"texture":"#0"},"down":{"uv":[0.375,0.375,0.875,0.625],"rotation":180,"texture":"#0"}}},{"from":[0,5,0],"to":[16,11,3],"rotation":{"angle":0,"axis":"y","origin":[0,0,-8]},"faces":{"north":{"uv":[12.125,1.125,14.125,1.875],"texture":"#0"},"east":{"uv":[12.625,0.375,12.25,1.125],"texture":"#0"},"south":{"uv":[12.125,1.125,14.125,1.875],"texture":"#0"},"west":{"uv":[12.25,0.375,12.625,1.125],"texture":"#0"},"up":{"uv":[12.125,1.875,14.125,2.25],"texture":"#0"},"down":{"uv":[12.125,1.875,14.125,2.25],"texture":"#0"}}},{"from":[-1,11,0],"to":[17,15,3],"rotation":{"angle":45,"axis":"x","origin":[14,11,0]},"faces":{"north":{"uv":[11.875,2.25,14.125,2.75],"texture":"#0"},"east":{"uv":[11.75,1.75,12.125,2.25],"texture":"#0"},"south":{"uv":[11.875,2.25,14.125,2.75],"texture":"#0"},"west":{"uv":[11.75,1.75,12.125,2.25],"texture":"#0"},"up":{"uv":[11.875,2.75,14.125,3.125],"texture":"#0"},"down":{"uv":[11.875,2.75,14.125,3.125],"texture":"#0"}}},{"from":[-3.2,21.2,6],"to":[-0.2,24.2,6],"rotation":{"angle":-45,"axis":"z","origin":[0,-4,0]},"faces":{"north":{"uv":[2.75,1.9375,3.125,2.3125],"texture":"#0"},"east":{"uv":[0,0,0,6],"texture":"#missing"},"south":{"uv":[3.125,1.9375,2.75,2.3125],"texture":"#0"},"west":{"uv":[0,0,0,6],"texture":"#missing"},"up":{"uv":[0,0,0,6],"rotation":90,"texture":"#missing"},"down":{"uv":[0,0,0,6],"rotation":270,"texture":"#missing"}}},{"from":[-1,11,13],"to":[17,15,16],"rotation":{"angle":-45,"axis":"x","origin":[14,11,16]},"faces":{"north":{"uv":[14.125,2.25,11.875,2.75],"texture":"#0"},"east":{"uv":[12.125,1.75,11.75,2.25],"texture":"#0"},"south":{"uv":[14.125,2.25,11.875,2.75],"texture":"#0"},"west":{"uv":[12.125,1.75,11.75,2.25],"texture":"#0"},"up":{"uv":[11.875,3.125,14.125,2.75],"texture":"#0"},"down":{"uv":[11.875,3.125,14.125,2.75],"texture":"#0"}}},{"from":[0.1,2,13],"to":[15.9,5,16],"rotation":{"angle":45,"axis":"x","origin":[14,5,16]},"faces":{"north":{"uv":[13.875,2.625,11.875,2.25],"texture":"#0"},"east":{"uv":[12.125,2.125,11.75,1.75],"texture":"#0"},"south":{"uv":[14.125,1.5,12.125,1.875],"texture":"#0"},"west":{"uv":[11.75,2.125,12.125,1.75],"texture":"#0"},"up":{"uv":[11.875,2.75,13.875,3.125],"texture":"#0"},"down":{"uv":[11.875,2.75,13.875,3.125],"texture":"#0"}}},{"from":[0,5,13],"to":[16,11,16],"rotation":{"angle":0,"axis":"y","origin":[0,0,24]},"faces":{"north":{"uv":[14.125,1.125,12.125,1.875],"texture":"#0"},"east":{"uv":[12.25,0.375,12.625,1.125],"texture":"#0"},"south":{"uv":[14.125,1.125,12.125,1.875],"texture":"#0"},"west":{"uv":[12.625,0.375,12.25,1.125],"texture":"#0"},"up":{"uv":[12.125,2.25,14.125,1.875],"texture":"#0"},"down":{"uv":[12.125,2.25,14.125,1.875],"texture":"#0"}}},{"from":[-2,11,3],"to":[18,14,13],"rotation":{"angle":0,"axis":"y","origin":[0,1,-7]},"faces":{"north":{"uv":[13.5,4.4375,16,4.8125],"texture":"#0"},"east":{"uv":[14.125,2.625,15.375,3],"texture":"#0"},"south":{"uv":[13.5,4.4375,16,4.8125],"texture":"#0"},"west":{"uv":[14.125,2.625,15.375,3],"texture":"#0"},"up":{"uv":[13.5,3.1875,16,4.4375],"texture":"#0"},"down":{"uv":[13.5,3.1875,16,4.4375],"texture":"#0"}}},{"from":[-2,14,5],"to":[18,15,11],"rotation":{"angle":0,"axis":"y","origin":[0,1,-7]},"faces":{"north":{"uv":[13.5,5.5625,16,5.6875],"texture":"#0"},"east":{"uv":[14.125,3,14.875,3.125],"texture":"#0"},"south":{"uv":[13.5,5.5625,16,5.6875],"texture":"#0"},"west":{"uv":[14.125,3,14.875,3.125],"texture":"#0"},"up":{"uv":[13.5,4.8125,16,5.5625],"texture":"#0"},"down":{"uv":[13.5,4.8125,16,5.5625],"texture":"#0"}}},{"from":[0.5,0,2],"to":[3.5,2,5],"faces":{"north":{"uv":[7.125,1.5,7.5,1.75],"texture":"#0"},"east":{"uv":[7.125,1.5,7.5,1.75],"texture":"#0"},"south":{"uv":[7.125,1.5,7.5,1.75],"texture":"#0"},"west":{"uv":[7.125,1.5,7.5,1.75],"texture":"#0"},"up":{"uv":[6.75,1.375,7.125,1.75],"texture":"#0"},"down":{"uv":[6.75,1.375,7.125,1.75],"texture":"#0"}}},{"from":[0.5,0,11],"to":[3.5,2,14],"rotation":{"angle":0,"axis":"y","origin":[0,0,16]},"faces":{"north":{"uv":[7.5,1.5,7.125,1.75],"texture":"#0"},"east":{"uv":[7.5,1.5,7.125,1.75],"texture":"#0"},"south":{"uv":[7.5,1.5,7.125,1.75],"texture":"#0"},"west":{"uv":[7.5,1.5,7.125,1.75],"texture":"#0"},"up":{"uv":[6.75,1.75,7.125,1.375],"texture":"#0"},"down":{"uv":[6.75,1.75,7.125,1.375],"texture":"#0"}}},{"from":[12.5,0,11],"to":[15.5,2,14],"rotation":{"angle":0,"axis":"y","origin":[16,0,16]},"faces":{"north":{"uv":[7.125,1.5,7.5,1.75],"texture":"#0"},"east":{"uv":[7.125,1.5,7.5,1.75],"texture":"#0"},"south":{"uv":[7.125,1.5,7.5,1.75],"texture":"#0"},"west":{"uv":[7.125,1.5,7.5,1.75],"texture":"#0"},"up":{"uv":[7.125,1.75,6.75,1.375],"texture":"#0"},"down":{"uv":[7.125,1.75,6.75,1.375],"texture":"#0"}}},{"from":[12.5,0,2],"to":[15.5,2,5],"rotation":{"angle":0,"axis":"y","origin":[16,0,0]},"faces":{"north":{"uv":[7.5,1.5,7.125,1.75],"texture":"#0"},"east":{"uv":[7.5,1.5,7.125,1.75],"texture":"#0"},"south":{"uv":[7.5,1.5,7.125,1.75],"texture":"#0"},"west":{"uv":[7.5,1.5,7.125,1.75],"texture":"#0"},"up":{"uv":[7.125,1.375,6.75,1.75],"texture":"#0"},"down":{"uv":[7.125,1.375,6.75,1.75],"texture":"#0"}}},{"from":[0.5,2,2],"to":[15.5,11,14],"rotation":{"angle":0,"axis":"y","origin":[0,0,-1]},"faces":{"north":{"uv":[14.125,0,16,1.125],"texture":"#0"},"east":{"uv":[12.625,0,14.125,1.125],"texture":"#0"},"south":{"uv":[14.125,0,16,1.125],"texture":"#0"},"west":{"uv":[12.625,0,14.125,1.125],"texture":"#0"},"up":{"uv":[14.125,1.125,16,2.625],"texture":"#0"},"down":{"uv":[14.125,1.125,16,2.625],"texture":"#0"}}},{"from":[1.9,15,4.5],"to":[4.1,16,11.5],"rotation":{"angle":0,"axis":"y","origin":[-2,0,0]},"faces":{"north":{"uv":[11,1.375,11.25,1.5],"rotation":180,"texture":"#0"},"east":{"uv":[11.75,0.875,11.875,1.75],"rotation":90,"texture":"#0"},"south":{"uv":[11,1.375,11.25,1.5],"rotation":180,"texture":"#0"},"west":{"uv":[11.75,0.875,11.875,1.75],"rotation":90,"texture":"#0"},"up":{"uv":[11,0.5,11.25,1.375],"texture":"#0"},"down":{"uv":[11,0.5,11.25,1.375],"texture":"#0"}}},{"from":[1.9,13,3],"to":[4.1,15,13],"rotation":{"angle":0,"axis":"y","origin":[16,0,0]},"faces":{"north":{"uv":[11,0.25,11.25,0.5],"rotation":180,"texture":"#0"},"east":{"uv":[11.5,0.6875,11.75,1.9375],"rotation":270,"texture":"#0"},"south":{"uv":[11,0.25,11.25,0.5],"rotation":180,"texture":"#0"},"west":{"uv":[11.5,0.6875,11.75,1.9375],"rotation":270,"texture":"#0"},"up":{"uv":[11.25,0.6875,11.5,1.9375],"rotation":180,"texture":"#0"},"down":{"uv":[11.25,0.6875,11.5,1.9375],"rotation":180,"texture":"#0"}}},{"from":[2,11,-1],"to":[4,16.6,1],"rotation":{"angle":45,"axis":"x","origin":[3,11,-1]},"faces":{"north":{"uv":[11.5,0,11.75,0.6875],"texture":"#0"},"east":{"uv":[11.5,0,11.25,0.6875],"texture":"#0"},"south":{"uv":[11.5,0,11.75,0.6875],"texture":"#0"},"west":{"uv":[11.25,0,11.5,0.6875],"texture":"#0"},"up":{"uv":[11,0,11.25,0.25],"texture":"#0"},"down":{"uv":[11,0,11.25,0.25],"texture":"#0"}}},{"from":[2.1,4,-1],"to":[3.9,11,1],"rotation":{"angle":0,"axis":"y","origin":[16,0,0]},"faces":{"north":{"uv":[12,0,12.25,0.875],"texture":"#0"},"east":{"uv":[12,0,11.75,0.875],"texture":"#0"},"south":{"uv":[12,0,12.25,0.875],"texture":"#0"},"west":{"uv":[11.75,0,12,0.875],"texture":"#0"},"up":{"uv":[12.25,0.125,12.5,0.375],"texture":"#0"},"down":{"uv":[12.25,0.125,12.5,0.375],"texture":"#0"}}},{"from":[-2.6,18.1,7.8],"to":[0.4,23.1,7.8],"rotation":{"angle":22.5,"axis":"z","origin":[7.9,17.5,10.5]},"faces":{"north":{"uv":[2.3125,1.375,2.6875,2],"texture":"#0"},"east":{"uv":[0,0,0,8],"texture":"#missing"},"south":{"uv":[2.6875,1.375,2.3125,2],"texture":"#0"},"west":{"uv":[0,0,0,8],"texture":"#missing"},"up":{"uv":[0,0,0,6],"rotation":90,"texture":"#missing"},"down":{"uv":[0,0,0,6],"rotation":270,"texture":"#missing"}}},{"from":[2,11,15],"to":[4,16.6,17],"rotation":{"angle":-45,"axis":"x","origin":[3,11,17]},"faces":{"north":{"uv":[11.75,0,11.5,0.6875],"texture":"#0"},"east":{"uv":[11.25,0,11.5,0.6875],"texture":"#0"},"south":{"uv":[11.75,0,11.5,0.6875],"texture":"#0"},"west":{"uv":[11.5,0,11.25,0.6875],"texture":"#0"},"up":{"uv":[11,0.25,11.25,0],"texture":"#0"},"down":{"uv":[11,0.25,11.25,0],"texture":"#0"}}},{"from":[2,1.5,15],"to":[4,5,17],"rotation":{"angle":45,"axis":"x","origin":[3,5,17]},"faces":{"north":{"uv":[11.75,0.4375,11.5,0],"texture":"#0"},"east":{"uv":[11.25,0.4375,11.5,0],"texture":"#0"},"south":{"uv":[11.75,0.4375,11.5,0],"texture":"#0"},"west":{"uv":[11.5,0.4375,11.25,0],"texture":"#0"},"up":{"uv":[11,0,11.25,0.25],"texture":"#0"},"down":{"uv":[11,0,11.25,0.25],"texture":"#0"}}},{"from":[2.1,5,15],"to":[3.9,11,17],"rotation":{"angle":0,"axis":"y","origin":[16,0,16]},"faces":{"north":{"uv":[12.25,0,12,0.75],"texture":"#0"},"east":{"uv":[11.75,0,12,0.75],"texture":"#0"},"south":{"uv":[12.25,0,12,0.75],"texture":"#0"},"west":{"uv":[12,0,11.75,0.75],"texture":"#0"},"up":{"uv":[12.25,0.375,12.5,0.125],"texture":"#0"},"down":{"uv":[12.25,0.375,12.5,0.125],"texture":"#0"}}},{"from":[12.1,5,15],"to":[13.9,11,17],"rotation":{"angle":0,"axis":"y","origin":[0,0,16]},"faces":{"north":{"uv":[12,0,12.25,0.75],"texture":"#0"},"east":{"uv":[11.75,0,12,0.75],"texture":"#0"},"south":{"uv":[12,0,12.25,0.75],"texture":"#0"},"west":{"uv":[12,0,11.75,0.75],"texture":"#0"},"up":{"uv":[12.5,0.375,12.25,0.125],"texture":"#0"},"down":{"uv":[12.5,0.375,12.25,0.125],"texture":"#0"}}},{"from":[12,11,15],"to":[14,16.6,17],"rotation":{"angle":-45,"axis":"x","origin":[13,11,17]},"faces":{"north":{"uv":[11.5,0,11.75,0.6875],"texture":"#0"},"east":{"uv":[11.25,0,11.5,0.6875],"texture":"#0"},"south":{"uv":[11.5,0,11.75,0.6875],"texture":"#0"},"west":{"uv":[11.5,0,11.25,0.6875],"texture":"#0"},"up":{"uv":[11.25,0.25,11,0],"texture":"#0"},"down":{"uv":[11.25,0.25,11,0],"texture":"#0"}}},{"from":[11.9,13,3],"to":[14.1,15,13],"faces":{"north":{"uv":[11.25,0.25,11,0.5],"rotation":180,"texture":"#0"},"east":{"uv":[11.5,1.9375,11.75,0.6875],"rotation":270,"texture":"#0"},"south":{"uv":[11.25,0.25,11,0.5],"rotation":180,"texture":"#0"},"west":{"uv":[11.5,1.9375,11.75,0.6875],"rotation":270,"texture":"#0"},"up":{"uv":[11.5,0.6875,11.25,1.9375],"rotation":180,"texture":"#0"},"down":{"uv":[11.5,0.6875,11.25,1.9375],"rotation":180,"texture":"#0"}}},{"from":[5,19.5,7.1],"to":[10,24.5,7.1],"rotation":{"angle":0,"axis":"y","origin":[0,20,0]},"faces":{"north":{"uv":[0,10,10,0],"texture":"#6"},"east":{"uv":[0,10,0,0],"texture":"#6"},"south":{"uv":[10,10,0,0],"texture":"#6"},"west":{"uv":[0,10,0,0],"texture":"#6"},"up":{"uv":[0,0,0,10],"rotation":270,"texture":"#6"},"down":{"uv":[0,10,0,0],"rotation":90,"texture":"#6"}}},{"from":[5.5,10.5,-2.5],"to":[10.5,15.5,-2.5],"rotation":{"angle":0,"axis":"y","origin":[0,20,0]},"faces":{"north":{"uv":[0,10,10,0],"texture":"#6"},"east":{"uv":[0,10,0,0],"texture":"#6"},"south":{"uv":[10,10,0,0],"texture":"#6"},"west":{"uv":[0,10,0,0],"texture":"#6"},"up":{"uv":[0,0,0,10],"rotation":270,"texture":"#6"},"down":{"uv":[0,10,0,0],"rotation":90,"texture":"#6"}}},{"from":[5,19.5,8.9],"to":[10,24.5,8.9],"rotation":{"angle":0,"axis":"y","origin":[0,20,16]},"faces":{"north":{"uv":[0,10,10,0],"texture":"#6"},"east":{"uv":[0,10,0,0],"texture":"#6"},"south":{"uv":[10,10,0,0],"texture":"#6"},"west":{"uv":[0,10,0,0],"texture":"#6"},"up":{"uv":[0,0,0,10],"rotation":270,"texture":"#6"},"down":{"uv":[0,10,0,0],"rotation":90,"texture":"#6"}}},{"from":[12,1.5,15],"to":[14,5,17],"rotation":{"angle":45,"axis":"x","origin":[13,5,17]},"faces":{"north":{"uv":[11.5,0.4375,11.75,0],"texture":"#0"},"east":{"uv":[11.25,0.4375,11.5,0],"texture":"#0"},"south":{"uv":[11.5,0.4375,11.75,0],"texture":"#0"},"west":{"uv":[11.5,0.4375,11.25,0],"texture":"#0"},"up":{"uv":[11.25,0,11,0.25],"texture":"#0"},"down":{"uv":[11.25,0,11,0.25],"texture":"#0"}}},{"from":[11.9,15,4.5],"to":[14.1,16,11.5],"rotation":{"angle":0,"axis":"y","origin":[18,0,0]},"faces":{"north":{"uv":[11.25,1.375,11,1.5],"rotation":180,"texture":"#0"},"east":{"uv":[11.75,1.75,11.875,0.875],"rotation":90,"texture":"#0"},"south":{"uv":[11.25,1.375,11,1.5],"rotation":180,"texture":"#0"},"west":{"uv":[11.75,1.75,11.875,0.875],"rotation":90,"texture":"#0"},"up":{"uv":[11.25,0.5,11,1.375],"texture":"#0"},"down":{"uv":[11.25,0.5,11,1.375],"texture":"#0"}}},{"from":[12,11,-1],"to":[14,16.6,1],"rotation":{"angle":45,"axis":"x","origin":[13,11,-1]},"faces":{"north":{"uv":[11.75,0,11.5,0.6875],"texture":"#0"},"east":{"uv":[11.5,0,11.25,0.6875],"texture":"#0"},"south":{"uv":[11.75,0,11.5,0.6875],"texture":"#0"},"west":{"uv":[11.25,0,11.5,0.6875],"texture":"#0"},"up":{"uv":[11.25,0,11,0.25],"texture":"#0"},"down":{"uv":[11.25,0,11,0.25],"texture":"#0"}}},{"from":[12.1,4,-1],"to":[13.9,11,1],"faces":{"north":{"uv":[12.25,0,12,0.875],"texture":"#0"},"east":{"uv":[12,0,11.75,0.875],"texture":"#0"},"south":{"uv":[12.25,0,12,0.875],"texture":"#0"},"west":{"uv":[11.75,0,12,0.875],"texture":"#0"},"up":{"uv":[12.5,0.125,12.25,0.375],"texture":"#0"},"down":{"uv":[12.5,0.125,12.25,0.375],"texture":"#0"}}},{"from":[3.51915,16.94202,7.74255],"to":[9.51915,21.94202,7.74255],"rotation":{"angle":-45,"axis":"z","origin":[7.8,18.26315,7.94255]},"faces":{"north":{"uv":[2.6875,3.1875,2.1875,3.6875],"rotation":270,"texture":"#0"},"east":{"uv":[0,8,0,0],"rotation":180,"texture":"#missing"},"south":{"uv":[2.1875,3.1875,2.6875,3.6875],"rotation":90,"texture":"#0"},"west":{"uv":[0,8,0,0],"texture":"#missing"},"up":{"uv":[0,8,0,0],"rotation":270,"texture":"#missing"},"down":{"uv":[0,8,0,0],"rotation":270,"texture":"#missing"}}},{"from":[17.47887,15.544,7.74255],"to":[22.47887,21.544,7.74255],"rotation":{"angle":-22.5,"axis":"z","origin":[7.8,18.26315,7.94255]},"faces":{"north":{"uv":[2.6875,3.1875,2.1875,3.6875],"rotation":180,"texture":"#0"},"east":{"uv":[0,8,0,0],"texture":"#missing"},"south":{"uv":[2.1875,3.1875,2.6875,3.6875],"rotation":180,"texture":"#0"},"west":{"uv":[0,8,0,0],"texture":"#missing"},"up":{"uv":[0,8,0,0],"rotation":90,"texture":"#missing"},"down":{"uv":[0,8,0,0],"rotation":270,"texture":"#missing"}}},{"from":[5.7,26.7,7.15],"to":[7.7,28.7,8.65],"rotation":{"angle":45,"axis":"z","origin":[16.7,24.8,-0.1]},"faces":{"north":{"uv":[1.8125,1.625,2.0625,1.875],"texture":"#0"},"east":{"uv":[2.0625,1.625,2.25,1.875],"texture":"#0"},"south":{"uv":[1.8125,1.625,2.0625,1.875],"texture":"#0"},"west":{"uv":[2.0625,1.625,2.25,1.875],"texture":"#0"},"up":{"uv":[2.0625,1.625,2.25,1.875],"rotation":90,"texture":"#0"},"down":{"uv":[2.0625,1.625,2.25,1.875],"rotation":270,"texture":"#0"}}},{"from":[5.83216,15.88345,7.39255],"to":[7.33216,19.88345,8.89255],"rotation":{"angle":45,"axis":"z","origin":[7.8,18.26315,7.94255]},"faces":{"north":{"uv":[0.5625,1.9375,0.75,1.4375],"texture":"#0"},"east":{"uv":[0.375,1.9375,0.5625,1.4375],"texture":"#0"},"south":{"uv":[0.5625,1.4375,0.75,1.9375],"texture":"#0"},"west":{"uv":[0.375,1.9375,0.5625,1.4375],"texture":"#0"},"up":{"uv":[0.5625,1.1875,0.375,1.375],"texture":"#0"},"down":{"uv":[0.5625,1.1875,0.375,1.375],"rotation":180,"texture":"#0"}}},{"from":[8.37781,13.20374,7.29255],"to":[9.87781,17.20374,8.99255],"rotation":{"angle":-22.5,"axis":"z","origin":[7.8,18.26315,7.94255]},"faces":{"north":{"uv":[0,2,0.1875,1.5],"texture":"#0"},"east":{"uv":[0.1875,2,0.375,1.5],"texture":"#0"},"south":{"uv":[0,1.5,0.1875,2],"texture":"#0"},"west":{"uv":[0.1875,2,0.375,1.5],"texture":"#0"},"up":{"uv":[0.5625,1,0.375,1.1875],"texture":"#0"},"down":{"uv":[0.5625,1,0.375,1.1875],"rotation":180,"texture":"#0"}}},{"from":[-4.8,9,6.6],"to":[-1.3,12.5,6.6],"rotation":{"angle":-22.5,"axis":"z","origin":[8.5,13,4]},"faces":{"north":{"uv":[2.75,1.875,3.25,1.375],"rotation":270,"texture":"#0"},"east":{"uv":[0,0,0,8],"rotation":180,"texture":"#missing"},"south":{"uv":[2.75,1.375,3.25,1.875],"rotation":270,"texture":"#0"},"west":{"uv":[0,0,0,8],"texture":"#missing"},"up":{"uv":[0,0,0,8],"rotation":90,"texture":"#missing"},"down":{"uv":[0,0,0,8],"rotation":90,"texture":"#missing"}}},{"from":[7,18,2.5],"to":[11,22,2.5],"rotation":{"angle":22.5,"axis":"z","origin":[16,-4,0]},"faces":{"north":{"uv":[0,0,8,8],"texture":"#3"},"east":{"uv":[0,0,0,8],"texture":"#3"},"south":{"uv":[8,0,0,8],"texture":"#3"},"west":{"uv":[0,0,0,8],"texture":"#3"},"up":{"uv":[0,8,0,0],"rotation":90,"texture":"#3"},"down":{"uv":[0,0,0,8],"rotation":270,"texture":"#3"}}},{"from":[4,8,-1.8],"to":[11,15,-1.8],"rotation":{"angle":-22.5,"axis":"z","origin":[16,-4,-16]},"faces":{"north":{"uv":[0,0,14,14],"texture":"#4"},"east":{"uv":[0,0,0,14],"texture":"#4"},"south":{"uv":[14,0,0,14],"texture":"#4"},"west":{"uv":[0,0,0,14],"texture":"#4"},"up":{"uv":[0,14,0,0],"rotation":90,"texture":"#4"},"down":{"uv":[0,0,0,14],"rotation":270,"texture":"#4"}}}],"gui_light":"front","display":{"thirdperson_righthand":{"rotation":[67.5,0,0],"translation":[0,2.25,0.75],"scale":[0.31406,0.31406,0.31406]},"thirdperson_lefthand":{"rotation":[67.5,0,0],"translation":[0,2.25,0.75],"scale":[0.31406,0.31406,0.31406]},"firstperson_righthand":{"translation":[0.5,3.5,0.5],"scale":[0.33359,0.33359,0.33359]},"firstperson_lefthand":{"translation":[0.5,3.5,0.5],"scale":[0.33359,0.33359,0.33359]},"ground":{"translation":[0,6,0],"scale":[0.5,0.5,0.5]},"gui":{"rotation":[30,135,0],"translation":[0.5,-0.5,0],"scale":[0.59219,0.59219,0.59219]},"head":{"translation":[0,-33.65,0],"scale":[2,2,2]},"fixed":{"rotation":[-90,0,0],"translation":[0,0,-16],"scale":[2,2,2]}}}