{"credit":"Made with Blockbench","texture_size":[64,64],"textures":{"0":"custom_swords:adventure_sword/adventure_sword","particle":"custom_swords:adventure_sword/adventure_sword"},"elements":[{"from":[6,0,6],"to":[10,2,10],"rotation":{"angle":0,"axis":"y","origin":[0,-1,0]},"faces":{"north":{"uv":[1.5,7.25,2.5,7.75],"texture":"#0"},"east":{"uv":[7.25,6.25,8.25,6.75],"texture":"#0"},"south":{"uv":[6.5,7.25,7.5,7.75],"texture":"#0"},"west":{"uv":[7.25,6.75,8.25,7.25],"texture":"#0"},"up":{"uv":[5,6.5,4,5.5],"texture":"#0"},"down":{"uv":[6.5,4,5.5,5],"texture":"#0"}}},{"from":[4,9,6],"to":[12,12,10],"rotation":{"angle":0,"axis":"y","origin":[0,-1,0]},"faces":{"north":{"uv":[5.5,2.5,7.5,3.25],"texture":"#0"},"east":{"uv":[2.75,6,3.75,6.75],"texture":"#0"},"south":{"uv":[5.5,3.25,7.5,4],"texture":"#0"},"west":{"uv":[5,6.25,6,7],"texture":"#0"},"up":{"uv":[2,6,0,5],"texture":"#0"},"down":{"uv":[4,5,2,6],"texture":"#0"}}},{"from":[1,7,7.999],"to":[15,12,7.999],"rotation":{"angle":0,"axis":"y","origin":[-3.25,-1,0.999]},"faces":{"north":{"uv":[4,0,7.5,1.25],"texture":"#0"},"east":{"uv":[0,0,0,1.25],"texture":"#0"},"south":{"uv":[4,1.25,7.5,2.5],"texture":"#0"},"west":{"uv":[0,0,0,1.25],"texture":"#0"},"up":{"uv":[3.5,0,0,0],"texture":"#0"},"down":{"uv":[3.5,0,0,0],"texture":"#0"}}},{"from":[4,12,8],"to":[12,32,8],"rotation":{"angle":0,"axis":"y","origin":[0,-1,0]},"faces":{"north":{"uv":[0,0,2,5],"texture":"#0"},"east":{"uv":[0,0,0,5],"texture":"#0"},"south":{"uv":[2,0,4,5],"texture":"#0"},"west":{"uv":[0,0,0,5],"texture":"#0"},"up":{"uv":[2,0,0,0],"texture":"#0"},"down":{"uv":[2,0,0,0],"texture":"#0"}}},{"from":[6.5,6,6.5],"to":[9.5,9,9.5],"rotation":{"angle":0,"axis":"y","origin":[0,-1,0]},"faces":{"north":{"uv":[6.5,6.5,7.25,7.25],"texture":"#0"},"east":{"uv":[0,6.75,0.75,7.5],"texture":"#0"},"south":{"uv":[2.75,6.75,3.5,7.5],"texture":"#0"},"west":{"uv":[7,4,7.75,4.75],"texture":"#0"},"up":{"uv":[7.75,5.5,7,4.75],"texture":"#0"},"down":{"uv":[5.75,7,5,7.75],"texture":"#0"}}},{"from":[8.5,10,5.5],"to":[11.5,13,10.5],"rotation":{"angle":-45,"axis":"z","origin":[8,13.5,8]},"faces":{"north":{"uv":[7,5.5,7.75,6.25],"texture":"#0"},"east":{"uv":[5,5.5,6.25,6.25],"texture":"#0"},"south":{"uv":[0.75,7.25,1.5,8],"texture":"#0"},"west":{"uv":[0,6,1.25,6.75],"texture":"#0"},"up":{"uv":[2,7.25,1.25,6],"texture":"#0"},"down":{"uv":[2.75,6,2,7.25],"texture":"#0"}}},{"from":[6.5,12,7.5],"to":[9.5,24,8.5],"rotation":{"angle":0,"axis":"y","origin":[0,-1,0]},"faces":{"north":{"uv":[4,2.5,4.75,5.5],"texture":"#0"},"east":{"uv":[3.75,6,4,9],"texture":"#0"},"south":{"uv":[4.75,2.5,5.5,5.5],"texture":"#0"},"west":{"uv":[6.25,5,6.5,8],"texture":"#0"},"up":{"uv":[8.25,0.25,7.5,0],"texture":"#0"},"down":{"uv":[8.25,0.25,7.5,0.5],"texture":"#0"}}},{"from":[7,24,7.5],"to":[9,26,8.5],"rotation":{"angle":0,"axis":"y","origin":[0,-1,0]},"faces":{"north":{"uv":[5.75,7,6.25,7.5],"texture":"#0"},"east":{"uv":[6,5,6.25,5.5],"texture":"#0"},"south":{"uv":[0,7.5,0.5,8],"texture":"#0"},"west":{"uv":[6,6.25,6.25,6.75],"texture":"#0"},"up":{"uv":[8,0.75,7.5,0.5],"texture":"#0"},"down":{"uv":[8,0.75,7.5,1],"texture":"#0"}}},{"from":[7,2,7],"to":[9,7,9],"rotation":{"angle":0,"axis":"y","origin":[0,-1,0]},"faces":{"north":{"uv":[4,6.5,4.5,7.75],"texture":"#0"},"east":{"uv":[6.5,4,7,5.25],"texture":"#0"},"south":{"uv":[4.5,6.5,5,7.75],"texture":"#0"},"west":{"uv":[6.5,5.25,7,6.5],"texture":"#0"},"up":{"uv":[6,5.5,5.5,5],"texture":"#0"},"down":{"uv":[1.25,6.75,0.75,7.25],"texture":"#0"}}}],"display":{"thirdperson_righthand":{"rotation":[0,90,0],"translation":[0,1,2.25],"scale":[0.8,0.8,0.8]},"thirdperson_lefthand":{"rotation":[0,90,0],"translation":[0,1,2.25],"scale":[0.8,0.8,0.8]},"firstperson_righthand":{"rotation":[0,105,20],"translation":[7,-3,-8],"scale":[0.6,0.6,0.6]},"firstperson_lefthand":{"rotation":[0,105,20],"translation":[7,-3,-8],"scale":[0.6,0.6,0.6]},"ground":{"translation":[0,1,0],"scale":[0.5,0.5,0.5]},"gui":{"rotation":[0,0,-45],"translation":[-2.75,-3,0.75],"scale":[0.6,0.6,0.6]},"head":{"rotation":[0,0,-180],"translation":[0,18.75,0]},"fixed":{"translation":[0,-4.75,-0.5],"scale":[0.6,0.6,0.6]}}}