{"credit":"Made by PolygonMC","texture_size":[8,8],"textures":{"1":"custom_swords:fairy_sword/sword","2":"custom_swords:fairy_sword/animations_01","3":"custom_swords:fairy_sword/animations_02","4":"custom_swords:fairy_sword/animations_03","particle":"custom_swords:fairy_sword/animations_01"},"elements":[{"from":[7.5,0.8,7.5],"to":[8.5,6.8,8.5],"rotation":{"angle":0,"axis":"y","origin":[7.5,0,7.5]},"faces":{"north":{"uv":[8.57143,3.42857,9.14286,6.85714],"texture":"#1"},"east":{"uv":[8.57143,6.85714,9.14286,10.28571],"texture":"#1"},"south":{"uv":[9.14286,3.42857,9.71429,6.85714],"texture":"#1"},"west":{"uv":[6.85714,9.14286,7.42857,12.57143],"texture":"#1"}}},{"from":[7.4,1.8,7.4],"to":[8.6,2.3,8.6],"rotation":{"angle":0,"axis":"y","origin":[7.5,0,7.5]},"faces":{"north":{"uv":[13.71429,0.57143,14.42857,0.85714],"texture":"#1"},"east":{"uv":[13.71429,4,14.42857,4.28571],"texture":"#1"},"south":{"uv":[13.71429,4.57143,14.42857,4.85714],"texture":"#1"},"west":{"uv":[13.71429,5.14286,14.42857,5.42857],"texture":"#1"},"up":{"uv":[12.71429,7.57143,12,6.85714],"texture":"#1"},"down":{"uv":[12.71429,8,12,8.71429],"texture":"#1"}}},{"from":[7.4,5.55,7.4],"to":[8.6,6.05,8.6],"rotation":{"angle":0,"axis":"y","origin":[7.5,0,7.5]},"faces":{"north":{"uv":[13.71429,5.71429,14.42857,6],"texture":"#1"},"east":{"uv":[13.71429,6.28571,14.42857,6.57143],"texture":"#1"},"south":{"uv":[7.42857,13.71429,8.14286,14],"texture":"#1"},"west":{"uv":[13.71429,8.57143,14.42857,8.85714],"texture":"#1"},"up":{"uv":[12.71429,9.85714,12,9.14286],"texture":"#1"},"down":{"uv":[11,12,10.28571,12.71429],"texture":"#1"}}},{"from":[7.4,3.3,7.4],"to":[8.6,4.55,8.6],"rotation":{"angle":0,"axis":"y","origin":[7.5,0,7.5]},"faces":{"north":{"uv":[12,10.28571,12.71429,11],"texture":"#1"},"east":{"uv":[11.42857,12,12.14286,12.71429],"texture":"#1"},"south":{"uv":[12.57143,0,13.28571,0.71429],"texture":"#1"},"west":{"uv":[12.57143,4,13.28571,4.71429],"texture":"#1"},"up":{"uv":[13.28571,5.85714,12.57143,5.14286],"texture":"#1"},"down":{"uv":[13.28571,11.42857,12.57143,12.14286],"texture":"#1"}}},{"from":[7.4,-0.1,7.4],"to":[8.6,1.1,8.6],"rotation":{"angle":-45,"axis":"x","origin":[8,0.5,8]},"faces":{"north":{"uv":[12.57143,12.57143,13.28571,13.28571],"texture":"#1"},"east":{"uv":[0,13.14286,0.71429,13.85714],"texture":"#1"},"south":{"uv":[1.14286,13.14286,1.85714,13.85714],"texture":"#1"},"west":{"uv":[13.14286,1.14286,13.85714,1.85714],"texture":"#1"},"up":{"uv":[3,13.85714,2.28571,13.14286],"texture":"#1"},"down":{"uv":[13.85714,2.28571,13.14286,3],"texture":"#1"}}},{"from":[7.2,0.1,7.6],"to":[8.8,0.9,8.4],"rotation":{"angle":-45,"axis":"x","origin":[8,0.5,8]},"faces":{"north":{"uv":[12.57143,6.28571,13.42857,6.71429],"texture":"#1"},"east":{"uv":[8.57143,13.71429,9,14.14286],"texture":"#1"},"south":{"uv":[13.14286,3.42857,14,3.85714],"texture":"#1"},"west":{"uv":[13.71429,9.14286,14.14286,9.57143],"texture":"#1"},"up":{"uv":[14,7.28571,13.14286,6.85714],"texture":"#1"},"down":{"uv":[8.28571,13.14286,7.42857,13.57143],"texture":"#1"}}},{"from":[7.4,6.4,7.4],"to":[8.6,8.6,9.6],"rotation":{"angle":-45,"axis":"x","origin":[8,7,8]},"faces":{"north":{"uv":[10.85714,6.85714,11.57143,8.14286],"texture":"#1"},"east":{"uv":[9.14286,6.85714,10.42857,8.14286],"texture":"#1"},"south":{"uv":[10.85714,8.57143,11.57143,9.85714],"texture":"#1"},"west":{"uv":[9.14286,8.57143,10.42857,9.85714],"texture":"#1"},"up":{"uv":[11.57143,11.57143,10.85714,10.28571],"texture":"#1"},"down":{"uv":[12.14286,0,11.42857,1.28571],"texture":"#1"}}},{"from":[7.15,6.65,7.65],"to":[8.85,8.35,9.35],"rotation":{"angle":-45,"axis":"x","origin":[8,7,8]},"faces":{"north":{"uv":[9.71429,0,10.71429,1],"texture":"#1"},"east":{"uv":[9.71429,1.14286,10.71429,2.14286],"texture":"#1"},"south":{"uv":[9.71429,2.28571,10.71429,3.28571],"texture":"#1"},"west":{"uv":[9.71429,3.42857,10.71429,4.42857],"texture":"#1"},"up":{"uv":[10.71429,5.57143,9.71429,4.57143],"texture":"#1"},"down":{"uv":[10.71429,5.71429,9.71429,6.71429],"texture":"#1"}}},{"from":[7.5,7.17075,5.34675],"to":[8.5,8.17075,7.34675],"rotation":{"angle":0,"axis":"x","origin":[8,7.76676,6.41522]},"faces":{"north":{"uv":[10.28571,11.42857,10.85714,12],"texture":"#1"},"east":{"uv":[11.42857,5.71429,12.57143,6.28571],"texture":"#1"},"west":{"uv":[11.42857,6.28571,12.57143,6.85714],"texture":"#1"},"down":{"uv":[5.71429,11.42857,5.14286,12.57143],"texture":"#1"}}},{"from":[7.595,6.72426,5.50522],"to":[8.405,7.53426,7.12522],"rotation":{"angle":-22.5,"axis":"x","origin":[8,7.76676,6.41522]},"faces":{"north":{"uv":[13.71429,9.71429,14.14286,10.14286],"texture":"#1"},"east":{"uv":[13.14286,7.42857,14,7.85714],"texture":"#1"},"west":{"uv":[13.14286,8,14,8.42857],"texture":"#1"},"down":{"uv":[6.71429,13.14286,6.28571,14],"texture":"#1"}}},{"from":[7.43,7.71825,4.89515],"to":[8.57,8.85825,7.17515],"rotation":{"angle":22.5,"axis":"x","origin":[8,7.76676,6.41522]},"faces":{"north":{"uv":[3.42857,13.14286,4.14286,13.85714],"texture":"#1"},"east":{"uv":[11.42857,1.71429,12.71429,2.42857],"texture":"#1"},"south":{"uv":[4.57143,13.14286,5.28571,13.85714],"texture":"#1"},"west":{"uv":[11.42857,2.85714,12.71429,3.57143],"texture":"#1"},"up":{"uv":[4.71429,12.71429,4,11.42857],"texture":"#1"},"down":{"uv":[12.14286,4,11.42857,5.28571],"texture":"#1"}}},{"from":[7.985,-2.25,5.75],"to":[8.015,1.75,10.25],"rotation":{"angle":0,"axis":"y","origin":[7.985,-1.25,6.5]},"faces":{"east":{"uv":[6.57143,5.14286,4,7.42857],"texture":"#1"},"west":{"uv":[4,5.14286,6.57143,7.42857],"texture":"#1"}}},{"from":[7.75,8.5,6.75],"to":[8.25,15.5,9.25],"rotation":{"angle":0,"axis":"y","origin":[7.75,8.5,6.75]},"faces":{"north":{"uv":[7.42857,9.14286,7.71429,13.14286],"texture":"#1"},"east":{"uv":[6.85714,5.14286,8.28571,9.14286],"texture":"#1"},"south":{"uv":[8,9.14286,8.28571,13.14286],"texture":"#1"},"west":{"uv":[4,7.42857,5.42857,11.42857],"texture":"#1"}}},{"from":[7.75,20.5,7.25],"to":[8.25,26.5,8.75],"rotation":{"angle":0,"axis":"y","origin":[7.75,15.5,6.75]},"faces":{"north":{"uv":[10.85714,0,11.14286,3.42857],"texture":"#1"},"east":{"uv":[5.71429,7.42857,6.57143,10.85714],"texture":"#1"},"south":{"uv":[10.85714,3.42857,11.14286,6.85714],"texture":"#1"},"west":{"uv":[8.57143,0,9.42857,3.42857],"texture":"#1"}}},{"from":[7.75,8.5,6],"to":[8.25,12.5,6.75],"rotation":{"angle":0,"axis":"y","origin":[7.75,8.5,4.25]},"faces":{"north":{"uv":[8.57143,11.42857,8.85714,13.71429],"texture":"#1"},"east":{"uv":[5.71429,10.85714,6.14286,13.14286],"texture":"#1"},"west":{"uv":[6.28571,10.85714,6.71429,13.14286],"texture":"#1"},"up":{"uv":[14.57143,0.42857,14.28571,0],"texture":"#1"},"down":{"uv":[0.85714,14.28571,0.57143,14.71429],"texture":"#1"}}},{"from":[7.751,15.17938,5.22084],"to":[8.249,16.17938,5.97084],"rotation":{"angle":-45,"axis":"x","origin":[8.001,17.17938,5.59584]},"faces":{"north":{"uv":[13.71429,10.28571,14,10.85714],"texture":"#1"},"east":{"uv":[13.14286,10.28571,13.57143,10.85714],"texture":"#1"},"south":{"uv":[10.85714,13.71429,11.14286,14.28571],"texture":"#1"},"west":{"uv":[10.85714,13.14286,11.28571,13.71429],"texture":"#1"},"up":{"uv":[1.42857,14.71429,1.14286,14.28571],"texture":"#1"}}},{"from":[7.751,18.4205,6.1565],"to":[8.249,19.1705,7.1565],"rotation":{"angle":-45,"axis":"x","origin":[8.001,18.7955,6.6565]},"faces":{"east":{"uv":[13.14286,10.85714,13.71429,11.28571],"texture":"#1"},"south":{"uv":[14.28571,1.14286,14.57143,1.57143],"texture":"#1"},"west":{"uv":[11.42857,13.14286,12,13.57143],"texture":"#1"},"up":{"uv":[14,11.42857,13.71429,10.85714],"texture":"#1"},"down":{"uv":[11.71429,13.71429,11.42857,14.28571],"texture":"#1"}}},{"from":[7.75,16.20711,6.03778],"to":[8.25,18.70711,6.78778],"rotation":{"angle":0,"axis":"x","origin":[8,16.95711,6.41278]},"faces":{"north":{"uv":[6.85714,12.57143,7.14286,14],"texture":"#1"},"east":{"uv":[9.14286,11.42857,9.57143,12.85714],"texture":"#1"},"south":{"uv":[5.71429,13.14286,6,14.57143],"texture":"#1"},"west":{"uv":[9.71429,11.42857,10.14286,12.85714],"texture":"#1"},"up":{"uv":[2,14.71429,1.71429,14.28571],"texture":"#1"},"down":{"uv":[14.57143,1.71429,14.28571,2.14286],"texture":"#1"}}},{"from":[7.751,12.08839,6.24372],"to":[8.249,13.16339,6.99372],"rotation":{"angle":45,"axis":"x","origin":[8.001,12.58839,6.61872]},"faces":{"north":{"uv":[13.71429,11.42857,14,12],"texture":"#1"},"east":{"uv":[12,13.14286,12.42857,13.71429],"texture":"#1"},"west":{"uv":[13.71429,0,14.14286,0.57143],"texture":"#1"}}},{"from":[7.751,18.4205,8.8435],"to":[8.249,19.1705,9.8435],"rotation":{"angle":45,"axis":"x","origin":[8.001,18.7955,9.3435]},"faces":{"north":{"uv":[14.57143,1.14286,14.28571,1.57143],"texture":"#1"},"east":{"uv":[13.71429,10.85714,13.14286,11.28571],"texture":"#1"},"west":{"uv":[12,13.14286,11.42857,13.57143],"texture":"#1"},"up":{"uv":[14,10.85714,13.71429,11.42857],"texture":"#1"},"down":{"uv":[11.71429,14.28571,11.42857,13.71429],"texture":"#1"}}},{"from":[7.75,16.20711,9.21222],"to":[8.25,18.70711,9.96222],"rotation":{"angle":0,"axis":"x","origin":[8,16.95711,9.58722]},"faces":{"north":{"uv":[6,13.14286,5.71429,14.57143],"texture":"#1"},"east":{"uv":[9.57143,11.42857,9.14286,12.85714],"texture":"#1"},"south":{"uv":[7.14286,12.57143,6.85714,14],"texture":"#1"},"west":{"uv":[10.14286,11.42857,9.71429,12.85714],"texture":"#1"},"up":{"uv":[2,14.28571,1.71429,14.71429],"texture":"#1"},"down":{"uv":[14.57143,2.14286,14.28571,1.71429],"texture":"#1"}}},{"from":[7.751,15.17938,10.02916],"to":[8.249,16.17938,10.77916],"rotation":{"angle":45,"axis":"x","origin":[8.001,17.17938,10.40416]},"faces":{"north":{"uv":[11.14286,13.71429,10.85714,14.28571],"texture":"#1"},"east":{"uv":[13.57143,10.28571,13.14286,10.85714],"texture":"#1"},"south":{"uv":[14,10.28571,13.71429,10.85714],"texture":"#1"},"west":{"uv":[11.28571,13.14286,10.85714,13.71429],"texture":"#1"},"up":{"uv":[1.42857,14.28571,1.14286,14.71429],"texture":"#1"}}},{"from":[7.751,12.08839,9.00628],"to":[8.249,13.16339,9.75628],"rotation":{"angle":-45,"axis":"x","origin":[8.001,12.58839,9.38128]},"faces":{"east":{"uv":[12.42857,13.14286,12,13.71429],"texture":"#1"},"south":{"uv":[14,11.42857,13.71429,12],"texture":"#1"},"west":{"uv":[14.14286,0,13.71429,0.57143],"texture":"#1"}}},{"from":[7.75,8.5,9.25],"to":[8.25,12.5,10],"rotation":{"angle":0,"axis":"y","origin":[7.75,8.5,11.75]},"faces":{"east":{"uv":[6.14286,10.85714,5.71429,13.14286],"texture":"#1"},"south":{"uv":[8.85714,11.42857,8.57143,13.71429],"texture":"#1"},"west":{"uv":[6.71429,10.85714,6.28571,13.14286],"texture":"#1"},"up":{"uv":[14.57143,0,14.28571,0.42857],"texture":"#1"},"down":{"uv":[0.85714,14.71429,0.57143,14.28571],"texture":"#1"}}},{"from":[7.7475,14.24489,8],"to":[8.2525,16.01989,9.775],"rotation":{"angle":-45,"axis":"x","origin":[7.7475,14.24489,8]},"faces":{"north":{"uv":[9.14286,13.14286,9.42857,14.14286],"texture":"#1"},"east":{"uv":[8.57143,10.28571,9.57143,11.28571],"texture":"#1"},"south":{"uv":[13.14286,9.14286,13.42857,10.14286],"texture":"#1"},"west":{"uv":[9.71429,10.28571,10.71429,11.28571],"texture":"#1"},"up":{"uv":[10,14.14286,9.71429,13.14286],"texture":"#1"},"down":{"uv":[10.57143,13.14286,10.28571,14.14286],"texture":"#1"}}},{"from":[7.7475,25.74835,8],"to":[8.2525,26.81135,9.063],"rotation":{"angle":-45,"axis":"x","origin":[7.7475,25.74835,8]},"faces":{"north":{"uv":[12,13.71429,12.28571,14.28571],"texture":"#1"},"east":{"uv":[12,11.42857,12.57143,12],"texture":"#1"},"south":{"uv":[13.71429,12,14,12.57143],"texture":"#1"},"west":{"uv":[12.57143,1.14286,13.14286,1.71429],"texture":"#1"},"up":{"uv":[12.85714,14.28571,12.57143,13.71429],"texture":"#1"},"down":{"uv":[14,12.57143,13.71429,13.14286],"texture":"#1"}}},{"from":[7.7475,19.74835,8],"to":[8.2525,20.81135,9.063],"rotation":{"angle":-45,"axis":"x","origin":[8.2525,19.74835,8]},"faces":{"north":{"uv":[13.14286,13.71429,13.42857,14.28571],"texture":"#1"},"east":{"uv":[5.14286,12.57143,5.71429,13.14286],"texture":"#1"},"south":{"uv":[13.71429,13.14286,14,13.71429],"texture":"#1"},"west":{"uv":[13.14286,8.57143,13.71429,9.14286],"texture":"#1"},"up":{"uv":[14,14.28571,13.71429,13.71429],"texture":"#1"},"down":{"uv":[0.28571,14.28571,0,14.85714],"texture":"#1"}}},{"from":[7.985,9,4.875],"to":[8.015,32,11.125],"rotation":{"angle":0,"axis":"y","origin":[7.985,9,5.875]},"faces":{"east":{"uv":[3.57143,0,0,13.14286],"texture":"#1"},"west":{"uv":[0,0,3.57143,13.14286],"texture":"#1"}}},{"from":[7.97,5.25,-0.75],"to":[8.03,13.75,6.75],"rotation":{"angle":0,"axis":"y","origin":[7.97,6.75,-0.25]},"faces":{"east":{"uv":[8.28571,0,4,4.85714],"texture":"#1"},"west":{"uv":[4,0,8.28571,4.85714],"texture":"#1"}}},{"from":[7.43,7.71825,8.82485],"to":[8.57,8.85825,11.10485],"rotation":{"angle":-22.5,"axis":"x","origin":[8,7.76676,9.58478]},"faces":{"north":{"uv":[5.28571,13.14286,4.57143,13.85714],"texture":"#1"},"east":{"uv":[12.71429,1.71429,11.42857,2.42857],"texture":"#1"},"south":{"uv":[4.14286,13.14286,3.42857,13.85714],"texture":"#1"},"west":{"uv":[12.71429,2.85714,11.42857,3.57143],"texture":"#1"},"up":{"uv":[4.71429,11.42857,4,12.71429],"texture":"#1"},"down":{"uv":[12.14286,5.28571,11.42857,4],"texture":"#1"}}},{"from":[7.5,7.17075,8.65325],"to":[8.5,8.17075,10.65325],"rotation":{"angle":0,"axis":"x","origin":[8,7.76676,9.58478]},"faces":{"east":{"uv":[12.57143,5.71429,11.42857,6.28571],"texture":"#1"},"south":{"uv":[10.85714,11.42857,10.28571,12],"texture":"#1"},"west":{"uv":[12.57143,6.28571,11.42857,6.85714],"texture":"#1"},"down":{"uv":[5.71429,12.57143,5.14286,11.42857],"texture":"#1"}}},{"from":[7.595,6.72426,8.87478],"to":[8.405,7.53426,10.49478],"rotation":{"angle":22.5,"axis":"x","origin":[8,7.76676,9.58478]},"faces":{"east":{"uv":[14,7.42857,13.14286,7.85714],"texture":"#1"},"south":{"uv":[14.14286,9.71429,13.71429,10.14286],"texture":"#1"},"west":{"uv":[14,8,13.14286,8.42857],"texture":"#1"},"down":{"uv":[6.71429,14,6.28571,13.14286],"texture":"#1"}}},{"from":[7.97,5.25,9.25],"to":[8.03,13.75,16.75],"rotation":{"angle":0,"axis":"y","origin":[7.97,6.75,16.25]},"faces":{"east":{"uv":[4,0,8.28571,4.85714],"texture":"#1"},"west":{"uv":[8.28571,0,4,4.85714],"texture":"#1"}}},{"from":[7.6,9.5,5],"to":[7.6,32,11],"rotation":{"angle":0,"axis":"y","origin":[7.6,8.5,6]},"faces":{"west":{"uv":[0,0,4,15],"texture":"#2"}}},{"from":[8.4,9.5,5],"to":[8.4,32,11],"rotation":{"angle":0,"axis":"y","origin":[8.4,8.5,6]},"faces":{"east":{"uv":[4,0,0,15],"texture":"#2"}}},{"from":[7.6,5.25,-1.25],"to":[7.6,13.75,5.75],"rotation":{"angle":0,"axis":"y","origin":[7.6,4.25,0.75]},"faces":{"west":{"uv":[0,0,9.33333,11.33333],"texture":"#3"}}},{"from":[7.6,5.25,10.25],"to":[7.6,13.75,17.25],"rotation":{"angle":0,"axis":"y","origin":[7.6,4.25,15.25]},"faces":{"west":{"uv":[9.33333,0,0,11.33333],"texture":"#3"}}},{"from":[8.4,5.25,-1.25],"to":[8.4,13.75,5.75],"rotation":{"angle":0,"axis":"y","origin":[8.4,4.25,0.75]},"faces":{"east":{"uv":[9.33333,0,0,11.33333],"texture":"#3"}}},{"from":[8.4,5.25,10.25],"to":[8.4,13.75,17.25],"rotation":{"angle":0,"axis":"y","origin":[8.4,4.25,15.25]},"faces":{"east":{"uv":[0,0,9.33333,11.33333],"texture":"#3"}}},{"from":[7.6,-2.5,5.5],"to":[7.6,2.5,10.5],"rotation":{"angle":0,"axis":"y","origin":[7.6,-7,6.5]},"faces":{"west":{"uv":[0,0,10,10],"texture":"#4"}}},{"from":[8.4,-2.5,5.5],"to":[8.4,2.5,10.5],"rotation":{"angle":0,"axis":"y","origin":[8.4,-7,6.5]},"faces":{"east":{"uv":[10,0,0,10],"texture":"#4"}}}],"gui_light":"front","display":{"thirdperson_righthand":{"translation":[0,1.75,1]},"thirdperson_lefthand":{"translation":[0,1.75,1]},"firstperson_righthand":{"rotation":[-10,0,0],"translation":[0,1.5,0]},"firstperson_lefthand":{"rotation":[-10,0,0],"translation":[0,1.5,0]},"ground":{"rotation":[45,0,0],"translation":[0,9.5,0]},"gui":{"rotation":[90,-45,90],"translation":[3,-3,0],"scale":[0.69531,0.69531,0.69531]},"head":{"rotation":[-90,90,90]},"fixed":{"rotation":[0,90,0],"translation":[0,-11.75,-1.75],"scale":[2,2,2]}}}