{"credit":"Made with Blockbench","texture_size":[64,64],"textures":{"0":"custom_swords:ifrit_sword/tex1","1":"custom_swords:ifrit_sword/hornfire","particle":"custom_swords:ifrit_sword/tex1"},"elements":[{"from":[9,1.42678,5.32322],"to":[10,6.42678,10.32322],"rotation":{"angle":45,"axis":"x","origin":[8,3.75,8]},"faces":{"north":{"uv":[5,0.75,5.25,2],"rotation":180,"texture":"#0"},"east":{"uv":[5.25,0.75,6.5,2],"rotation":90,"texture":"#0"},"south":{"uv":[5,0.5,6.25,0.75],"rotation":270,"texture":"#0"},"west":{"uv":[5.25,0.75,6.5,2],"rotation":270,"texture":"#0"},"up":{"uv":[5,0.75,5.25,2],"texture":"#0"},"down":{"uv":[5,0.5,6.25,0.75],"rotation":90,"texture":"#0"}}},{"from":[7.05,-11,7],"to":[9.05,2,9],"rotation":{"angle":0,"axis":"y","origin":[8,3.75,8]},"faces":{"north":{"uv":[10.125,3.5,9.625,6.75],"texture":"#0"},"east":{"uv":[10.125,6.75,9.625,10],"texture":"#0"},"south":{"uv":[10.625,5.25,10.125,8.5],"texture":"#0"},"west":{"uv":[10.625,2,10.125,5.25],"texture":"#0"},"up":{"uv":[9.125,8.5,9.625,8],"rotation":270,"texture":"#0"},"down":{"uv":[9.125,8.5,9.625,8],"rotation":90,"texture":"#0"}}},{"from":[6.55,-9.38693,17.13693],"to":[9.55,-5.38693,21.13693],"rotation":{"angle":45,"axis":"x","origin":[8,3.75,8]},"faces":{"north":{"uv":[8.625,7,7.875,8],"texture":"#0"},"east":{"uv":[8.625,8,9.625,7],"rotation":270,"texture":"#0"},"south":{"uv":[7.875,8,6.875,7.25],"rotation":90,"texture":"#0"},"west":{"uv":[9.625,7,8.625,8],"texture":"#0"},"up":{"uv":[8.625,7,7.875,8],"texture":"#0"},"down":{"uv":[6.875,8,7.875,7.25],"rotation":90,"texture":"#0"}}},{"from":[8,1.75,-5.5],"to":[8,5.25,-1.5],"rotation":{"angle":0,"axis":"y","origin":[8,3.75,8]},"faces":{"north":{"uv":[0,1.375,0,0.5],"rotation":180,"texture":"#0"},"east":{"uv":[1,1.375,0,0.5],"rotation":180,"texture":"#0"},"south":{"uv":[0,1.375,0,0.5],"rotation":180,"texture":"#0"},"west":{"uv":[0,1.375,1,0.5],"rotation":180,"texture":"#0"},"up":{"uv":[0,0.5,0,1.5],"texture":"#0"},"down":{"uv":[0,1.5,0,0.5],"texture":"#0"}}},{"from":[7.25,1.75,-2],"to":[8.75,3.75,1.5],"rotation":{"angle":0,"axis":"y","origin":[8,3.75,8]},"faces":{"north":{"uv":[5.625,12.25,6,11.75],"rotation":180,"texture":"#0"},"east":{"uv":[6.375,11.375,6.875,12.25],"rotation":90,"texture":"#0"},"south":{"uv":[6,12.25,6.375,11.75],"texture":"#0"},"west":{"uv":[6.875,11.375,6.375,12.25],"rotation":270,"texture":"#0"},"up":{"uv":[5.625,11.75,6,10.875],"rotation":180,"texture":"#0"},"down":{"uv":[6,11.75,6.375,10.875],"texture":"#0"}}},{"from":[7.25,1.25,1.5],"to":[8.75,4.25,5],"rotation":{"angle":0,"axis":"y","origin":[8,3.75,8]},"faces":{"north":{"uv":[7.125,8.375,7.625,9.125],"rotation":180,"texture":"#0"},"east":{"uv":[7.375,10,8.125,9.125],"rotation":90,"texture":"#0"},"south":{"uv":[0,4,0.5,4.75],"texture":"#0"},"west":{"uv":[8.125,10,7.375,9.125],"rotation":270,"texture":"#0"},"up":{"uv":[7.375,10,6.875,9.125],"texture":"#0"},"down":{"uv":[8.125,9.125,7.625,8.25],"rotation":180,"texture":"#0"}}},{"from":[6.95,-3.4,6.5],"to":[8.95,15.6,9.5],"rotation":{"angle":0,"axis":"y","origin":[8,3.75,8]},"faces":{"north":{"uv":[0,4,0.5,8.75],"texture":"#0"},"east":{"uv":[1.75,2.75,6.5,2],"rotation":90,"texture":"#0"},"south":{"uv":[0,4,0.5,8.75],"texture":"#0"},"west":{"uv":[6.5,2.75,1.75,2],"rotation":270,"texture":"#0"},"up":{"uv":[1.75,2.75,1.25,2],"texture":"#0"},"down":{"uv":[1.75,2.75,1.25,2],"rotation":180,"texture":"#0"}}},{"from":[6.45,-2.05047,10.33966],"to":[9.45,4.94953,12.83966],"rotation":{"angle":22.5,"axis":"x","origin":[8,3.75,8]},"faces":{"north":{"uv":[2,3.375,2.75,5.125],"rotation":180,"texture":"#0"},"east":{"uv":[4.25,3.375,2.5,2.75],"rotation":90,"texture":"#0"},"south":{"uv":[1.25,3.375,2,5.125],"texture":"#0"},"west":{"uv":[2.5,3.375,4.25,2.75],"rotation":270,"texture":"#0"},"up":{"uv":[2.5,3.375,1.75,2.75],"texture":"#0"},"down":{"uv":[3.5,4,2.75,3.375],"rotation":180,"texture":"#0"}}},{"from":[6.75,1.3003,9.8514],"to":[9.25,9.3003,11.8514],"rotation":{"angle":-22.5,"axis":"x","origin":[8,3.75,8]},"faces":{"north":{"uv":[0,2,0.625,4],"rotation":180,"texture":"#0"},"east":{"uv":[0.625,2,2.625,1.5],"rotation":90,"texture":"#0"},"south":{"uv":[0.625,2,1.25,4],"texture":"#0"},"west":{"uv":[2.625,2,0.625,1.5],"rotation":270,"texture":"#0"},"up":{"uv":[0.625,2,0,1.5],"texture":"#0"},"down":{"uv":[0.625,2,0,1.5],"rotation":180,"texture":"#0"}}},{"from":[8,4,3.5],"to":[8,32,12.5],"rotation":{"angle":0,"axis":"y","origin":[8,3.75,8]},"faces":{"north":{"uv":[0,0,0,7],"texture":"#0"},"east":{"uv":[8.875,0,6.625,7],"texture":"#0"},"south":{"uv":[0,0,0,7],"texture":"#0"},"west":{"uv":[6.625,0,8.875,7],"texture":"#0"},"up":{"uv":[0,0,2,0],"rotation":90,"texture":"#0"},"down":{"uv":[0,0,2,0],"rotation":270,"texture":"#0"}}},{"from":[6.45,-2.03133,3.11414],"to":[9.45,4.96867,5.61414],"rotation":{"angle":-22.5,"axis":"x","origin":[8,3.75,8]},"faces":{"north":{"uv":[2,3.375,1.25,5.125],"texture":"#0"},"east":{"uv":[4.25,2.75,2.5,3.375],"rotation":90,"texture":"#0"},"south":{"uv":[2.75,3.375,2,5.125],"rotation":180,"texture":"#0"},"west":{"uv":[2.5,2.75,4.25,3.375],"rotation":270,"texture":"#0"},"up":{"uv":[2.5,2.75,1.75,3.375],"texture":"#0"},"down":{"uv":[3.5,3.375,2.75,4],"rotation":180,"texture":"#0"}}},{"from":[6.95,-3.20109,6.7754],"to":[8.95,-0.20109,9.2754],"rotation":{"angle":-22.5,"axis":"x","origin":[8,3.75,8]},"faces":{"north":{"uv":[3.25,4.625,2.75,5.375],"texture":"#0"},"east":{"uv":[3.25,4,4,4.625],"rotation":90,"texture":"#0"},"south":{"uv":[3.75,4.625,3.25,5.375],"rotation":180,"texture":"#0"},"west":{"uv":[4,4,3.25,4.625],"rotation":270,"texture":"#0"},"up":{"uv":[3.25,4,2.75,4.625],"texture":"#0"},"down":{"uv":[4,3.375,3.5,4],"rotation":180,"texture":"#0"}}},{"from":[7.2,-5.21285,9.82318],"to":[8.7,-2.21285,11.82318],"rotation":{"angle":0,"axis":"y","origin":[8,3.75,8]},"faces":{"north":{"uv":[2.75,5.125,2.375,5.875],"texture":"#0"},"east":{"uv":[1.625,5.125,2.375,5.625],"rotation":90,"texture":"#0"},"south":{"uv":[3.125,5.375,2.75,6.125],"rotation":180,"texture":"#0"},"west":{"uv":[2.375,5.125,1.625,5.625],"rotation":270,"texture":"#0"},"up":{"uv":[1.625,5.125,1.25,5.625],"texture":"#0"},"down":{"uv":[1.625,5.125,1.25,5.625],"rotation":180,"texture":"#0"}}},{"from":[7.45,-7.06633,13.45702],"to":[8.45,-3.06633,14.95702],"rotation":{"angle":22.5,"axis":"x","origin":[8,3.75,8]},"faces":{"north":{"uv":[4.25,3.375,4,4.375],"texture":"#0"},"east":{"uv":[5.5,3.125,4.5,2.75],"rotation":270,"texture":"#0"},"south":{"uv":[4.5,3.5,4.25,4.5],"rotation":180,"texture":"#0"},"west":{"uv":[4.5,3.125,5.5,2.75],"rotation":90,"texture":"#0"},"up":{"uv":[4.5,3.125,4.25,3.5],"texture":"#0"},"down":{"uv":[4.5,2.75,4.25,3.125],"rotation":180,"texture":"#0"}}},{"from":[7.7,-12.33484,8.93892],"to":[8.2,-8.33484,10.43892],"rotation":{"angle":0,"axis":"y","origin":[8,3.75,8]},"faces":{"north":{"uv":[4.625,3.625,4.5,4.625],"texture":"#0"},"east":{"uv":[5.625,3.625,4.625,3.25],"rotation":270,"texture":"#0"},"south":{"uv":[4.75,3.625,4.625,4.625],"rotation":180,"texture":"#0"},"west":{"uv":[4.625,3.625,5.625,3.25],"rotation":90,"texture":"#0"},"up":{"uv":[4.625,3.25,4.5,3.625],"texture":"#0"},"down":{"uv":[4.625,3.25,4.5,3.625],"rotation":180,"texture":"#0"}}},{"from":[7.7,15.5,6.5],"to":[8.2,25.5,9.5],"rotation":{"angle":0,"axis":"y","origin":[8,3.75,8]},"faces":{"north":{"uv":[7.375,1.625,7.5,4.125],"texture":"#0"},"east":{"uv":[7.375,4.125,8.125,1.625],"rotation":180,"texture":"#0"},"south":{"uv":[8,1.625,8.125,4.125],"texture":"#0"},"west":{"uv":[8.125,4.125,7.375,1.625],"rotation":180,"texture":"#0"},"up":{"uv":[8.125,1.75,7.375,1.625],"rotation":270,"texture":"#0"},"down":{"uv":[8.125,1.75,7.375,1.625],"rotation":90,"texture":"#0"}}},{"from":[7.25,1.25,11],"to":[8.75,4.25,14.5],"rotation":{"angle":0,"axis":"y","origin":[8,3.75,8]},"faces":{"north":{"uv":[0.5,4,0,4.75],"texture":"#0"},"east":{"uv":[7.375,9.125,8.125,10],"rotation":90,"texture":"#0"},"south":{"uv":[7.625,8.375,7.125,9.125],"rotation":180,"texture":"#0"},"west":{"uv":[8.125,9.125,7.375,10],"rotation":270,"texture":"#0"},"up":{"uv":[7.375,9.125,6.875,10],"texture":"#0"},"down":{"uv":[8.125,8.25,7.625,9.125],"rotation":180,"texture":"#0"}}},{"from":[7.25,1.75,14.5],"to":[8.75,3.75,18],"rotation":{"angle":0,"axis":"y","origin":[8,3.75,8]},"faces":{"north":{"uv":[6.375,12.25,6,11.75],"texture":"#0"},"east":{"uv":[6.375,12.25,6.875,11.375],"rotation":90,"texture":"#0"},"south":{"uv":[6,12.25,5.625,11.75],"rotation":180,"texture":"#0"},"west":{"uv":[6.875,12.25,6.375,11.375],"rotation":270,"texture":"#0"},"up":{"uv":[5.625,10.875,6,11.75],"rotation":180,"texture":"#0"},"down":{"uv":[6,10.875,6.375,11.75],"texture":"#0"}}},{"from":[8,1.75,17.5],"to":[8,5.25,21.5],"rotation":{"angle":0,"axis":"y","origin":[8,3.75,8]},"faces":{"north":{"uv":[0,1.375,0,0.5],"rotation":180,"texture":"#0"},"east":{"uv":[0,1.375,1,0.5],"rotation":180,"texture":"#0"},"south":{"uv":[0,1.375,0,0.5],"rotation":180,"texture":"#0"},"west":{"uv":[1,1.375,0,0.5],"rotation":180,"texture":"#0"},"up":{"uv":[0,1.5,0,0.5],"texture":"#0"},"down":{"uv":[0,0.5,0,1.5],"texture":"#0"}}},{"from":[6.775,1.3003,4.1486],"to":[9.225,9.3003,6.1486],"rotation":{"angle":22.5,"axis":"x","origin":[8,3.75,8]},"faces":{"north":{"uv":[1.25,2,0.625,4],"texture":"#0"},"east":{"uv":[0.625,1.5,2.625,2],"rotation":90,"texture":"#0"},"south":{"uv":[0.625,2,0,4],"rotation":180,"texture":"#0"},"west":{"uv":[2.625,1.5,0.625,2],"rotation":270,"texture":"#0"},"up":{"uv":[0.625,1.5,0,2],"texture":"#0"},"down":{"uv":[0.625,1.5,0,2],"rotation":180,"texture":"#0"}}},{"from":[6,1.42678,5.32322],"to":[7,6.42678,10.32322],"rotation":{"angle":45,"axis":"x","origin":[8,3.75,8]},"faces":{"north":{"uv":[5.25,0.75,5,2],"rotation":180,"texture":"#0"},"east":{"uv":[5.25,2,6.5,0.75],"rotation":270,"texture":"#0"},"south":{"uv":[5,0.75,6.25,0.5],"rotation":270,"texture":"#0"},"west":{"uv":[5.25,2,6.5,0.75],"rotation":90,"texture":"#0"},"up":{"uv":[5.25,0.75,5,2],"texture":"#0"},"down":{"uv":[5,0.75,6.25,0.5],"rotation":90,"texture":"#0"}}},{"from":[7.7,-12.33484,5.56108],"to":[8.2,-8.33484,7.06108],"rotation":{"angle":0,"axis":"y","origin":[8,3.75,8]},"faces":{"north":{"uv":[4.625,3.625,4.75,4.625],"rotation":180,"texture":"#0"},"east":{"uv":[5.625,3.25,4.625,3.625],"rotation":270,"texture":"#0"},"south":{"uv":[4.5,3.625,4.625,4.625],"texture":"#0"},"west":{"uv":[4.625,3.25,5.625,3.625],"rotation":90,"texture":"#0"},"up":{"uv":[4.625,3.625,4.5,3.25],"texture":"#0"},"down":{"uv":[4.625,3.625,4.5,3.25],"rotation":180,"texture":"#0"}}},{"from":[7.45,-7.06633,1.04298],"to":[8.45,-3.06633,2.54298],"rotation":{"angle":-22.5,"axis":"x","origin":[8,3.75,8]},"faces":{"north":{"uv":[4.25,3.5,4.5,4.5],"rotation":180,"texture":"#0"},"east":{"uv":[5.5,2.75,4.5,3.125],"rotation":270,"texture":"#0"},"south":{"uv":[4,3.375,4.25,4.375],"texture":"#0"},"west":{"uv":[4.5,2.75,5.5,3.125],"rotation":90,"texture":"#0"},"up":{"uv":[4.5,3.5,4.25,3.125],"texture":"#0"},"down":{"uv":[4.5,3.125,4.25,2.75],"rotation":180,"texture":"#0"}}},{"from":[7.2,-5.21285,4.17682],"to":[8.7,-2.21285,6.17682],"rotation":{"angle":0,"axis":"y","origin":[8,3.75,8]},"faces":{"north":{"uv":[2.75,5.375,3.125,6.125],"rotation":180,"texture":"#0"},"east":{"uv":[1.625,5.625,2.375,5.125],"rotation":90,"texture":"#0"},"south":{"uv":[2.375,5.125,2.75,5.875],"texture":"#0"},"west":{"uv":[2.375,5.625,1.625,5.125],"rotation":270,"texture":"#0"},"up":{"uv":[1.625,5.625,1.25,5.125],"texture":"#0"},"down":{"uv":[1.625,5.625,1.25,5.125],"rotation":180,"texture":"#0"}}},{"from":[6.95,-3.20109,6.7246],"to":[8.95,-0.20109,9.2246],"rotation":{"angle":22.5,"axis":"x","origin":[8,3.75,8]},"faces":{"north":{"uv":[3.25,4.625,3.75,5.375],"rotation":180,"texture":"#0"},"east":{"uv":[3.25,4.625,4,4],"rotation":90,"texture":"#0"},"south":{"uv":[2.75,4.625,3.25,5.375],"texture":"#0"},"west":{"uv":[4,4.625,3.25,4],"rotation":270,"texture":"#0"},"up":{"uv":[3.25,4.625,2.75,4],"texture":"#0"},"down":{"uv":[4,4,3.5,3.375],"rotation":180,"texture":"#0"}}},{"from":[6.5,-7,6.5],"to":[9.5,-6,9.5],"rotation":{"angle":0,"axis":"y","origin":[8,3.75,8]},"faces":{"north":{"uv":[5.625,3.75,6.375,4],"texture":"#0"},"east":{"uv":[5.625,2.75,6.375,3],"texture":"#0"},"south":{"uv":[5.625,3.75,6.375,4],"texture":"#0"},"west":{"uv":[5.625,2.75,6.375,3],"texture":"#0"},"up":{"uv":[5.625,3,6.375,3.75],"rotation":90,"texture":"#0"},"down":{"uv":[5.625,4,6.375,4.75],"rotation":270,"texture":"#0"}}},{"from":[8,-16,8],"to":[8,-10,12],"rotation":{"angle":0,"axis":"y","origin":[8,3.75,8]},"faces":{"north":{"uv":[0,0,1.25,0],"rotation":270,"texture":"#0"},"east":{"uv":[14.125,1,15.625,0],"rotation":90,"texture":"#0"},"south":{"uv":[0,0,1.25,0],"rotation":270,"texture":"#0"},"west":{"uv":[15.625,1,14.125,0],"rotation":270,"texture":"#0"},"up":{"uv":[0,1,0,0],"texture":"#0"},"down":{"uv":[0,1,0,0],"rotation":180,"texture":"#0"}}},{"from":[8,-16,4],"to":[8,-10,8],"rotation":{"angle":0,"axis":"y","origin":[8,3.75,8]},"faces":{"north":{"uv":[0,0,1.25,0],"rotation":270,"texture":"#0"},"east":{"uv":[14.125,0,15.625,1],"rotation":90,"texture":"#0"},"south":{"uv":[0,0,1.25,0],"rotation":270,"texture":"#0"},"west":{"uv":[15.625,0,14.125,1],"rotation":270,"texture":"#0"},"up":{"uv":[0,0,0,1],"texture":"#0"},"down":{"uv":[0,0,0,1],"rotation":180,"texture":"#0"}}},{"from":[8,-11.5,7.5],"to":[8,5.5,21.5],"rotation":{"angle":0,"axis":"y","origin":[8,3.75,8]},"faces":{"north":{"uv":[7.5,0,7.5,16],"texture":"#1"},"east":{"uv":[0,0,16,14],"rotation":270,"texture":"#1"},"south":{"uv":[6.875,0,6.875,16],"rotation":180,"texture":"#1"},"west":{"uv":[16,0,0,14],"rotation":90,"texture":"#1"},"up":{"uv":[8.125,2,8.125,16],"rotation":180,"texture":"#1"},"down":{"uv":[8.125,2,8.125,16],"texture":"#1"}}},{"from":[8,-11.5,-5.5],"to":[8,5.5,8.5],"rotation":{"angle":0,"axis":"y","origin":[8,3.75,8]},"faces":{"north":{"uv":[6.875,0,6.875,16],"rotation":180,"texture":"#1"},"east":{"uv":[0,14,16,0],"rotation":270,"texture":"#1"},"south":{"uv":[7.5,0,7.5,16],"texture":"#1"},"west":{"uv":[16,14,0,0],"rotation":90,"texture":"#1"},"up":{"uv":[8.125,16,8.125,2],"rotation":180,"texture":"#1"},"down":{"uv":[8.125,16,8.125,2],"texture":"#1"}}},{"from":[7.25,1.10166,10.80663],"to":[8.75,3.10166,12.80663],"rotation":{"angle":-45,"axis":"x","origin":[8,3.75,8]},"faces":{"north":{"uv":[5.125,4.25,5.5,4.75],"rotation":180,"texture":"#0"},"east":{"uv":[5.625,3.75,5.125,4.25],"rotation":180,"texture":"#0"},"south":{"uv":[5.125,4.25,5.5,4.75],"rotation":180,"texture":"#0"},"west":{"uv":[5.125,3.75,5.625,4.25],"rotation":180,"texture":"#0"},"up":{"uv":[4.75,4.25,5.125,4.75],"texture":"#0"},"down":{"uv":[4.75,3.75,5.125,4.25],"texture":"#0"}}},{"from":[7.5,7.16773,10.50681],"to":[8.5,9.16773,12.00681],"rotation":{"angle":22.5,"axis":"x","origin":[8,3.75,8]},"faces":{"north":{"uv":[2,5.75,2.25,6.25],"texture":"#0"},"east":{"uv":[2,5.75,1.5,6.125],"rotation":270,"texture":"#0"},"south":{"uv":[2.5,5.875,2.75,6.375],"texture":"#0"},"west":{"uv":[1.5,5.75,2,6.125],"rotation":90,"texture":"#0"},"up":{"uv":[1.25,5.75,1.5,6.125],"rotation":180,"texture":"#0"},"down":{"uv":[1.25,5.75,1.5,6.125],"texture":"#0"}}},{"from":[7.75,7.22992,12.76476],"to":[8.25,9.22992,13.76476],"rotation":{"angle":0,"axis":"y","origin":[8,3.75,8]},"faces":{"north":{"uv":[2.375,6.125,2.5,6.625],"rotation":180,"texture":"#0"},"east":{"uv":[2,6.125,1.5,6.375],"rotation":270,"texture":"#0"},"south":{"uv":[2.25,5.75,2.375,6.25],"texture":"#0"},"west":{"uv":[1.5,6.125,2,6.375],"rotation":90,"texture":"#0"},"up":{"uv":[2.375,5.875,2.5,6.125],"rotation":180,"texture":"#0"},"down":{"uv":[2.375,5.875,2.5,6.125],"texture":"#0"}}},{"from":[7.75,7.22992,2.23524],"to":[8.25,9.22992,3.23524],"rotation":{"angle":0,"axis":"y","origin":[8,3.75,8]},"faces":{"north":{"uv":[2.375,5.75,2.25,6.25],"texture":"#0"},"east":{"uv":[2,6.375,1.5,6.125],"rotation":270,"texture":"#0"},"south":{"uv":[2.5,6.125,2.375,6.625],"rotation":180,"texture":"#0"},"west":{"uv":[1.5,6.375,2,6.125],"rotation":90,"texture":"#0"},"up":{"uv":[2.375,6.125,2.5,5.875],"rotation":180,"texture":"#0"},"down":{"uv":[2.375,6.125,2.5,5.875],"texture":"#0"}}},{"from":[7.5,7.16773,3.99319],"to":[8.5,9.16773,5.49319],"rotation":{"angle":-22.5,"axis":"x","origin":[8,3.75,8]},"faces":{"north":{"uv":[2.75,5.875,2.5,6.375],"texture":"#0"},"east":{"uv":[2,6.125,1.5,5.75],"rotation":270,"texture":"#0"},"south":{"uv":[2.25,5.75,2,6.25],"texture":"#0"},"west":{"uv":[1.5,6.125,2,5.75],"rotation":90,"texture":"#0"},"up":{"uv":[1.25,6.125,1.5,5.75],"rotation":180,"texture":"#0"},"down":{"uv":[1.25,6.125,1.5,5.75],"texture":"#0"}}},{"from":[7.25,1.10166,3.19337],"to":[8.75,3.10166,5.19337],"rotation":{"angle":45,"axis":"x","origin":[8,3.75,8]},"faces":{"north":{"uv":[5.5,4.25,5.125,4.75],"rotation":180,"texture":"#0"},"east":{"uv":[5.125,3.75,5.625,4.25],"rotation":180,"texture":"#0"},"south":{"uv":[5.5,4.25,5.125,4.75],"rotation":180,"texture":"#0"},"west":{"uv":[5.625,3.75,5.125,4.25],"rotation":180,"texture":"#0"},"up":{"uv":[4.75,4.75,5.125,4.25],"texture":"#0"},"down":{"uv":[4.75,4.25,5.125,3.75],"texture":"#0"}}}],"gui_light":"front","display":{"thirdperson_righthand":{"translation":[0,6.75,1.5],"scale":[0.5,0.5,0.5]},"thirdperson_lefthand":{"translation":[0,6.75,1.5],"scale":[0.65,0.65,0.65]},"firstperson_righthand":{"rotation":[20,15,3],"translation":[1,3,1],"scale":[0.3,0.3,0.3]},"firstperson_lefthand":{"rotation":[20,15,3],"translation":[1,3,1],"scale":[0.3,0.3,0.3]},"ground":{"rotation":[0,0,90],"translation":[-0.25,0.25,0],"scale":[0.5,0.5,0.5]},"gui":{"rotation":[-90,-45,-90],"translation":[0,-1,0],"scale":[0.4,0.4,0.4]},"head":{"rotation":[90,-168,90],"translation":[-0.5,11.75,0],"scale":[0.56,0.56,0.56]},"fixed":{"rotation":[0,90,0],"translation":[0.25,-1.25,-2.25],"scale":[1.07898,1.07898,1.07898]}}}