{"credit":"Made by PolygonMC","texture_size":[24,24],"textures":{"0":"custom_swords:violet_sword/sword","1":"custom_swords:violet_sword/animations_1","particle":"custom_swords:violet_sword/sword"},"elements":[{"from":[7.35,0.35,7.6],"to":[8.65,1.65,8.9],"rotation":{"angle":-45,"axis":"x","origin":[8.25,0.75,8]},"faces":{"north":{"uv":[6.85714,10.85714,7.57143,11.57143],"texture":"#0"},"east":{"uv":[10.85714,6.85714,11.57143,7.57143],"texture":"#0"},"south":{"uv":[10.85714,8,11.57143,8.71429],"texture":"#0"},"west":{"uv":[10.85714,9.14286,11.57143,9.85714],"texture":"#0"},"up":{"uv":[10.42857,11.57143,9.71429,10.85714],"texture":"#0"},"down":{"uv":[11.57143,10.28571,10.85714,11],"texture":"#0"}}},{"from":[7.4,1.40355,7.4],"to":[8.6,2.60355,8.6],"rotation":{"angle":0,"axis":"y","origin":[7.5,1.50355,7.5]},"faces":{"north":{"uv":[0,11.42857,0.71429,12.14286],"texture":"#0"},"east":{"uv":[11.42857,0.57143,12.14286,1.28571],"texture":"#0"},"south":{"uv":[2.85714,11.42857,3.57143,12.14286],"texture":"#0"},"west":{"uv":[11.42857,2.85714,12.14286,3.57143],"texture":"#0"}}},{"from":[7.25,2.60355,7.25],"to":[8.75,3.10355,8.75],"rotation":{"angle":0,"axis":"y","origin":[7.5,2.60355,7.5]},"faces":{"north":{"uv":[13.14286,0,14,0.28571],"texture":"#0"},"east":{"uv":[13.14286,2.85714,14,3.14286],"texture":"#0"},"south":{"uv":[13.14286,3.42857,14,3.71429],"texture":"#0"},"west":{"uv":[13.14286,4,14,4.28571],"texture":"#0"},"up":{"uv":[10.57143,2,9.71429,1.14286],"texture":"#0"},"down":{"uv":[7.71429,9.71429,6.85714,10.57143],"texture":"#0"}}},{"from":[7.4,7.60355,7.4],"to":[8.6,8.80355,8.6],"rotation":{"angle":0,"axis":"y","origin":[7.5,8.70355,7.5]},"faces":{"north":{"uv":[10.85714,11.42857,11.57143,12.14286],"texture":"#0"},"east":{"uv":[1.14286,12,1.85714,12.71429],"texture":"#0"},"south":{"uv":[12,1.71429,12.71429,2.42857],"texture":"#0"},"west":{"uv":[6.85714,12,7.57143,12.71429],"texture":"#0"}}},{"from":[7.25,7.10355,7.25],"to":[8.75,7.60355,8.75],"rotation":{"angle":0,"axis":"y","origin":[7.5,7.60355,7.5]},"faces":{"north":{"uv":[13.14286,4.57143,14,4.85714],"texture":"#0"},"east":{"uv":[5.14286,13.14286,6,13.42857],"texture":"#0"},"south":{"uv":[13.14286,5.14286,14,5.42857],"texture":"#0"},"west":{"uv":[13.14286,5.71429,14,6],"texture":"#0"},"up":{"uv":[10.57143,10,9.71429,9.14286],"texture":"#0"},"down":{"uv":[0.85714,10.28571,0,11.14286],"texture":"#0"}}},{"from":[7.5,3.10355,7.5],"to":[8.5,7.10355,8.5],"rotation":{"angle":0,"axis":"y","origin":[7.5,3.10355,7.5]},"faces":{"north":{"uv":[6.28571,3.42857,6.85714,5.71429],"texture":"#0"},"east":{"uv":[0,8,0.57143,10.28571],"texture":"#0"},"south":{"uv":[8,0,8.57143,2.28571],"texture":"#0"},"west":{"uv":[0.57143,8,1.14286,10.28571],"texture":"#0"}}},{"from":[7.4,4.10355,7.4],"to":[8.6,4.60355,8.6],"rotation":{"angle":0,"axis":"y","origin":[7.5,4.10355,7.5]},"faces":{"north":{"uv":[13.14286,8,13.85714,8.28571],"texture":"#0"},"east":{"uv":[13.14286,8.57143,13.85714,8.85714],"texture":"#0"},"south":{"uv":[13.14286,9.14286,13.85714,9.42857],"texture":"#0"},"west":{"uv":[9.71429,13.14286,10.42857,13.42857],"texture":"#0"},"up":{"uv":[4.71429,12.14286,4,11.42857],"texture":"#0"},"down":{"uv":[12.14286,4,11.42857,4.71429],"texture":"#0"}}},{"from":[7.4,5.60355,7.4],"to":[8.6,6.10355,8.6],"rotation":{"angle":0,"axis":"y","origin":[7.5,5.60355,7.5]},"faces":{"north":{"uv":[13.14286,9.71429,13.85714,10],"texture":"#0"},"east":{"uv":[13.14286,10.28571,13.85714,10.57143],"texture":"#0"},"south":{"uv":[10.85714,13.14286,11.57143,13.42857],"texture":"#0"},"west":{"uv":[13.14286,10.85714,13.85714,11.14286],"texture":"#0"},"up":{"uv":[12.14286,6.42857,11.42857,5.71429],"texture":"#0"},"down":{"uv":[8.71429,11.42857,8,12.14286],"texture":"#0"}}},{"from":[7.25,8,6],"to":[8.75,10,8],"rotation":{"angle":45,"axis":"x","origin":[7.5,8,8]},"faces":{"north":{"uv":[8.57143,3.42857,9.42857,4.57143],"texture":"#0"},"east":{"uv":[1.14286,8,2.28571,9.14286],"texture":"#0"},"south":{"uv":[8.57143,4.57143,9.42857,5.71429],"texture":"#0"},"west":{"uv":[8,2.28571,9.14286,3.42857],"texture":"#0"},"up":{"uv":[9.42857,6.85714,8.57143,5.71429],"texture":"#0"},"down":{"uv":[7.71429,8.57143,6.85714,9.71429],"texture":"#0"}}},{"from":[7,8.25,6.25],"to":[9,9.75,7.75],"rotation":{"angle":45,"axis":"x","origin":[7.5,8,8]},"faces":{"north":{"uv":[8.57143,6.85714,9.71429,7.71429],"texture":"#0"},"east":{"uv":[2.85714,10.28571,3.71429,11.14286],"texture":"#0"},"south":{"uv":[8.57143,8,9.71429,8.85714],"texture":"#0"},"west":{"uv":[10.28571,2.85714,11.14286,3.71429],"texture":"#0"},"up":{"uv":[2.28571,10,1.14286,9.14286],"texture":"#0"},"down":{"uv":[3.42857,9.14286,2.28571,10],"texture":"#0"}}},{"from":[7.5,8.8,6],"to":[8.5,9.8,7.5],"rotation":{"angle":-22.5,"axis":"x","origin":[7.5,8.8,5.5]},"faces":{"north":{"uv":[5.71429,12.57143,6.28571,13.14286],"texture":"#0"},"east":{"uv":[10.85714,1.71429,11.71429,2.28571],"texture":"#0"},"south":{"uv":[12.57143,5.71429,13.14286,6.28571],"texture":"#0"},"west":{"uv":[12,0,12.85714,0.57143],"texture":"#0"},"up":{"uv":[2.85714,12.85714,2.28571,12],"texture":"#0"},"down":{"uv":[5.71429,12,5.14286,12.85714],"texture":"#0"}}},{"from":[7.5035,9.75671,4.11418],"to":[8.4965,10.70671,6.11418],"rotation":{"angle":22.5,"axis":"x","origin":[7.5035,9.75671,4.11418]},"faces":{"north":{"uv":[6.28571,12.57143,6.85714,13.14286],"texture":"#0"},"east":{"uv":[10.28571,5.71429,11.42857,6.28571],"texture":"#0"},"west":{"uv":[10.28571,6.28571,11.42857,6.85714],"texture":"#0"},"up":{"uv":[10.85714,8,10.28571,6.85714],"texture":"#0"},"down":{"uv":[10.85714,8,10.28571,9.14286],"texture":"#0"}}},{"from":[7.5085,9.42348,3.4],"to":[8.4915,10.47348,4.75],"rotation":{"angle":-45,"axis":"x","origin":[7.5085,9.97348,3.78976]},"faces":{"north":{"uv":[11.42857,12.57143,12,13.14286],"texture":"#0"},"east":{"uv":[12,5.14286,12.85714,5.71429],"texture":"#0"},"south":{"uv":[12.57143,11.42857,13.14286,12],"texture":"#0"},"west":{"uv":[9.71429,12,10.57143,12.57143],"texture":"#0"},"up":{"uv":[12.57143,12.28571,12,11.42857],"texture":"#0"},"down":{"uv":[0.57143,12.57143,0,13.42857],"texture":"#0"}}},{"from":[7.625,9.93198,5.58579],"to":[8.375,10.93198,7.83579],"rotation":{"angle":22.5,"axis":"x","origin":[8,11.18198,6.33579]},"faces":{"north":{"uv":[2.28571,13.14286,2.71429,13.71429],"texture":"#0"},"east":{"uv":[1.14286,10.28571,2.42857,10.85714],"texture":"#0"},"west":{"uv":[10.28571,2.28571,11.57143,2.85714],"texture":"#0"},"up":{"uv":[6.14286,12.14286,5.71429,10.85714],"texture":"#0"},"down":{"uv":[6.71429,10.85714,6.28571,12.14286],"texture":"#0"}}},{"from":[7.625,10.93198,5.58579],"to":[8.375,11.93198,6.58579],"rotation":{"angle":22.5,"axis":"x","origin":[8,11.18198,6.33579]},"faces":{"north":{"uv":[6.28571,13.14286,6.71429,13.71429],"texture":"#0"},"east":{"uv":[12.57143,6.28571,13.14286,6.85714],"texture":"#0"},"south":{"uv":[13.14286,6.28571,13.57143,6.85714],"texture":"#0"},"west":{"uv":[12.57143,6.85714,13.14286,7.42857],"texture":"#0"},"up":{"uv":[7.28571,13.71429,6.85714,13.14286],"texture":"#0"}}},{"from":[7.6275,11.55601,6.15981],"to":[8.3725,12.50601,7.65981],"rotation":{"angle":-22.5,"axis":"x","origin":[8.0025,11.75601,6.90981]},"faces":{"east":{"uv":[12.57143,0.57143,13.42857,1.14286],"texture":"#0"},"west":{"uv":[12.57143,1.14286,13.42857,1.71429],"texture":"#0"},"up":{"uv":[13,4.85714,12.57143,4],"texture":"#0"},"down":{"uv":[5,12.57143,4.57143,13.42857],"texture":"#0"}}},{"from":[7.5,10.25,7.5],"to":[8.5,11.25,8.5],"rotation":{"angle":0,"axis":"y","origin":[7.5,0,10.5]},"faces":{"north":{"uv":[12.57143,7.42857,13.14286,8],"texture":"#0"},"east":{"uv":[8,12.57143,8.57143,13.14286],"texture":"#0"},"south":{"uv":[12.57143,8,13.14286,8.57143],"texture":"#0"},"west":{"uv":[8.57143,12.57143,9.14286,13.14286],"texture":"#0"}}},{"from":[7.5,11.25,7.25],"to":[8.5,13.25,8.75],"rotation":{"angle":0,"axis":"y","origin":[7.5,0,10.5]},"faces":{"north":{"uv":[8.57143,10.28571,9.14286,11.42857],"texture":"#0"},"east":{"uv":[9.14286,2.28571,10,3.42857],"texture":"#0"},"south":{"uv":[9.14286,10.28571,9.71429,11.42857],"texture":"#0"},"west":{"uv":[3.42857,9.14286,4.28571,10.28571],"texture":"#0"},"down":{"uv":[12.57143,6.85714,12,7.71429],"texture":"#0"}}},{"from":[7.495,12.49835,8],"to":[8.505,13.56135,9.063],"rotation":{"angle":-45,"axis":"x","origin":[7.495,12.49835,8]},"faces":{"north":{"uv":[12.57143,8.57143,13.14286,9.14286],"texture":"#0"},"east":{"uv":[12.57143,9.14286,13.14286,9.71429],"texture":"#0"},"south":{"uv":[9.71429,12.57143,10.28571,13.14286],"texture":"#0"},"west":{"uv":[12.57143,9.71429,13.14286,10.28571],"texture":"#0"},"up":{"uv":[10.85714,13.14286,10.28571,12.57143],"texture":"#0"},"down":{"uv":[13.14286,10.28571,12.57143,10.85714],"texture":"#0"}}},{"from":[7.75,12.28553,6.75],"to":[8.25,17.28553,9.25],"rotation":{"angle":0,"axis":"y","origin":[7.75,12.28553,7.25]},"faces":{"north":{"uv":[9.71429,3.42857,10,6.28571],"texture":"#0"},"east":{"uv":[4.57143,0,6,2.85714],"texture":"#0"},"south":{"uv":[9.71429,6.28571,10,9.14286],"texture":"#0"},"west":{"uv":[4.57143,2.85714,6,5.71429],"texture":"#0"},"up":{"uv":[0.85714,14,0.57143,12.57143],"texture":"#0"}}},{"from":[7.75,17.28553,7.25],"to":[8.25,26.28553,8.75],"rotation":{"angle":0,"axis":"y","origin":[7.75,17.28553,7.25]},"faces":{"north":{"uv":[6.85714,3.42857,7.14286,8.57143],"texture":"#0"},"east":{"uv":[2.28571,0,3.14286,5.14286],"texture":"#0"},"south":{"uv":[7.42857,3.42857,7.71429,8.57143],"texture":"#0"},"west":{"uv":[3.42857,0,4.28571,5.14286],"texture":"#0"}}},{"from":[7.7475,15.95465,8.2],"to":[8.2525,17.71965,9.965],"rotation":{"angle":-45,"axis":"x","origin":[7.4975,15.75465,8]},"faces":{"north":{"uv":[12.57143,12.57143,12.85714,13.57143],"texture":"#0"},"east":{"uv":[8.57143,0,9.57143,1],"texture":"#0"},"south":{"uv":[1.14286,13.14286,1.42857,14.14286],"texture":"#0"},"west":{"uv":[8.57143,1.14286,9.57143,2.14286],"texture":"#0"},"up":{"uv":[2,14.14286,1.71429,13.14286],"texture":"#0"},"down":{"uv":[13.42857,1.71429,13.14286,2.71429],"texture":"#0"}}},{"from":[7.7475,25.45104,8.2],"to":[8.2525,26.51404,9.263],"rotation":{"angle":-45,"axis":"x","origin":[7.4975,25.25104,8]},"faces":{"north":{"uv":[13.71429,1.71429,14,2.28571],"texture":"#0"},"east":{"uv":[10.85714,12.57143,11.42857,13.14286],"texture":"#0"},"south":{"uv":[2.28571,13.71429,2.57143,14.28571],"texture":"#0"},"west":{"uv":[12.57143,10.85714,13.14286,11.42857],"texture":"#0"},"up":{"uv":[14,2.85714,13.71429,2.28571],"texture":"#0"},"down":{"uv":[3.14286,13.71429,2.85714,14.28571],"texture":"#0"}}},{"from":[7.85,25.92258,7.2],"to":[8.15,28.32758,9.605],"rotation":{"angle":-45,"axis":"x","origin":[7.6,26.72258,8]},"faces":{"north":{"uv":[8.57143,13.14286,8.71429,14.57143],"texture":"#0"},"east":{"uv":[6.28571,0,7.71429,1.42857],"texture":"#0"},"south":{"uv":[13.14286,11.42857,13.28571,12.85714],"texture":"#0"},"west":{"uv":[6.28571,1.71429,7.71429,3.14286],"texture":"#0"},"up":{"uv":[12.14286,14.57143,12,13.14286],"texture":"#0"},"down":{"uv":[13.28571,13.14286,13.14286,14.57143],"texture":"#0"}}},{"from":[7.8635,16.54891,6.2574],"to":[8.1365,18.04891,7.7574],"rotation":{"angle":45,"axis":"x","origin":[7.7635,17.54891,6.2574]},"faces":{"north":{"uv":[8,13.71429,8.14286,14.57143],"texture":"#0"},"east":{"uv":[4,10.28571,4.85714,11.14286],"texture":"#0"},"west":{"uv":[10.28571,4,11.14286,4.85714],"texture":"#0"},"up":{"uv":[9.85714,14.57143,9.71429,13.71429],"texture":"#0"},"down":{"uv":[10.42857,13.71429,10.28571,14.57143],"texture":"#0"}}},{"from":[7.85,12.23115,8.38905],"to":[8.15,13.73115,10.13905],"rotation":{"angle":-45,"axis":"x","origin":[7.75,12.23115,8.63905]},"faces":{"east":{"uv":[8.57143,9.14286,9.57143,10],"texture":"#0"},"south":{"uv":[11.42857,13.71429,11.57143,14.57143],"texture":"#0"},"west":{"uv":[9.71429,0,10.71429,0.85714],"texture":"#0"},"down":{"uv":[7.57143,13.71429,7.42857,14.71429],"texture":"#0"}}},{"from":[7.85,12.23115,5.86095],"to":[8.15,13.73115,7.61095],"rotation":{"angle":45,"axis":"x","origin":[7.75,12.23115,7.36095]},"faces":{"north":{"uv":[11.57143,13.71429,11.42857,14.57143],"texture":"#0"},"east":{"uv":[9.57143,9.14286,8.57143,10],"texture":"#0"},"west":{"uv":[10.71429,0,9.71429,0.85714],"texture":"#0"},"down":{"uv":[7.57143,14.71429,7.42857,13.71429],"texture":"#0"}}},{"from":[7.8685,10.59181,5.55029],"to":[8.1315,16.84181,7.55029],"rotation":{"angle":0,"axis":"x","origin":[7.7685,15.34181,5.55029]},"faces":{"north":{"uv":[9.14286,11.42857,9.28571,15],"texture":"#0"},"east":{"uv":[2.28571,5.14286,3.42857,8.71429],"texture":"#0"},"west":{"uv":[3.42857,5.14286,4.57143,8.71429],"texture":"#0"}}},{"from":[7.8635,16.54891,8.2426],"to":[8.1365,18.04891,9.7426],"rotation":{"angle":-45,"axis":"x","origin":[7.7635,17.54891,9.7426]},"faces":{"east":{"uv":[4.85714,10.28571,4,11.14286],"texture":"#0"},"south":{"uv":[8.14286,13.71429,8,14.57143],"texture":"#0"},"west":{"uv":[11.14286,4,10.28571,4.85714],"texture":"#0"},"up":{"uv":[9.85714,13.71429,9.71429,14.57143],"texture":"#0"},"down":{"uv":[10.42857,14.57143,10.28571,13.71429],"texture":"#0"}}},{"from":[7.8685,10.59181,8.44971],"to":[8.1315,16.84181,10.44971],"rotation":{"angle":0,"axis":"x","origin":[7.7685,15.34181,10.44971]},"faces":{"east":{"uv":[3.42857,5.14286,2.28571,8.71429],"texture":"#0"},"south":{"uv":[9.28571,11.42857,9.14286,15],"texture":"#0"},"west":{"uv":[4.57143,5.14286,3.42857,8.71429],"texture":"#0"}}},{"from":[7.8585,13.29181,8.19971],"to":[8.1415,27.29181,9.69971],"rotation":{"angle":0,"axis":"x","origin":[7.7585,22.29181,9.69971]},"faces":{"east":{"uv":[0,0,0.85714,8],"texture":"#0"},"south":{"uv":[8,3.42857,8.14286,11.42857],"texture":"#0"},"west":{"uv":[1.14286,0,2,8],"texture":"#0"}}},{"from":[7.8585,13.29181,6.30029],"to":[8.1415,27.29181,7.80029],"rotation":{"angle":0,"axis":"x","origin":[7.7585,22.29181,6.30029]},"faces":{"north":{"uv":[8.14286,3.42857,8,11.42857],"texture":"#0"},"east":{"uv":[0.85714,0,0,8],"texture":"#0"},"west":{"uv":[2,0,1.14286,8],"texture":"#0"}}},{"from":[7.75,9.43283,3.2315],"to":[8.25,10.43283,5.4815],"rotation":{"angle":45,"axis":"x","origin":[7.75,8.83283,3.7315]},"faces":{"east":{"uv":[5.14286,10.28571,6.42857,10.85714],"texture":"#0"},"south":{"uv":[4.57143,13.71429,4.85714,14.28571],"texture":"#0"},"west":{"uv":[10.28571,5.14286,11.57143,5.71429],"texture":"#0"},"up":{"uv":[3.71429,13.85714,3.42857,12.57143],"texture":"#0"},"down":{"uv":[4.28571,12.57143,4,13.85714],"texture":"#0"}}},{"from":[7.7535,8.01966,5.3932],"to":[8.2465,8.81966,6.4682],"rotation":{"angle":0,"axis":"x","origin":[8.0035,7.51966,7.6432]},"faces":{"east":{"uv":[13.14286,6.85714,13.71429,7.28571],"texture":"#0"},"south":{"uv":[13.71429,11.42857,14,11.85714],"texture":"#0"},"west":{"uv":[7.42857,13.14286,8,13.57143],"texture":"#0"},"up":{"uv":[5.42857,14.28571,5.14286,13.71429],"texture":"#0"},"down":{"uv":[6,13.71429,5.71429,14.28571],"texture":"#0"}}},{"from":[7.5,8.8,8.5],"to":[8.5,9.8,10],"rotation":{"angle":22.5,"axis":"x","origin":[7.5,8.8,10.5]},"faces":{"north":{"uv":[13.14286,5.71429,12.57143,6.28571],"texture":"#0"},"east":{"uv":[11.71429,1.71429,10.85714,2.28571],"texture":"#0"},"south":{"uv":[6.28571,12.57143,5.71429,13.14286],"texture":"#0"},"west":{"uv":[12.85714,0,12,0.57143],"texture":"#0"},"up":{"uv":[2.85714,12,2.28571,12.85714],"texture":"#0"},"down":{"uv":[5.71429,12.85714,5.14286,12],"texture":"#0"}}},{"from":[7.5035,9.75671,9.88582],"to":[8.4965,10.70671,11.88582],"rotation":{"angle":-22.5,"axis":"x","origin":[7.5035,9.75671,11.88582]},"faces":{"east":{"uv":[11.42857,5.71429,10.28571,6.28571],"texture":"#0"},"south":{"uv":[6.85714,12.57143,6.28571,13.14286],"texture":"#0"},"west":{"uv":[11.42857,6.28571,10.28571,6.85714],"texture":"#0"},"up":{"uv":[10.85714,6.85714,10.28571,8],"texture":"#0"},"down":{"uv":[10.85714,9.14286,10.28571,8],"texture":"#0"}}},{"from":[7.625,9.93198,8.16421],"to":[8.375,10.93198,10.41421],"rotation":{"angle":-22.5,"axis":"x","origin":[8,11.18198,9.66421]},"faces":{"east":{"uv":[2.42857,10.28571,1.14286,10.85714],"texture":"#0"},"south":{"uv":[2.71429,13.14286,2.28571,13.71429],"texture":"#0"},"west":{"uv":[11.57143,2.28571,10.28571,2.85714],"texture":"#0"},"up":{"uv":[6.14286,10.85714,5.71429,12.14286],"texture":"#0"},"down":{"uv":[6.71429,12.14286,6.28571,10.85714],"texture":"#0"}}},{"from":[7.625,10.93198,9.41421],"to":[8.375,11.93198,10.41421],"rotation":{"angle":-22.5,"axis":"x","origin":[8,11.18198,9.66421]},"faces":{"north":{"uv":[13.57143,6.28571,13.14286,6.85714],"texture":"#0"},"east":{"uv":[13.14286,6.28571,12.57143,6.85714],"texture":"#0"},"south":{"uv":[6.71429,13.14286,6.28571,13.71429],"texture":"#0"},"west":{"uv":[13.14286,6.85714,12.57143,7.42857],"texture":"#0"},"up":{"uv":[7.28571,13.14286,6.85714,13.71429],"texture":"#0"}}},{"from":[7.75,9.43283,10.5185],"to":[8.25,10.43283,12.7685],"rotation":{"angle":-45,"axis":"x","origin":[7.75,8.83283,12.2685]},"faces":{"north":{"uv":[4.85714,13.71429,4.57143,14.28571],"texture":"#0"},"east":{"uv":[6.42857,10.28571,5.14286,10.85714],"texture":"#0"},"west":{"uv":[11.57143,5.14286,10.28571,5.71429],"texture":"#0"},"up":{"uv":[3.71429,12.57143,3.42857,13.85714],"texture":"#0"},"down":{"uv":[4.28571,13.85714,4,12.57143],"texture":"#0"}}},{"from":[7.7535,8.01966,9.5318],"to":[8.2465,8.81966,10.6068],"rotation":{"angle":0,"axis":"x","origin":[8.0035,7.51966,8.3568]},"faces":{"north":{"uv":[14,11.42857,13.71429,11.85714],"texture":"#0"},"east":{"uv":[13.71429,6.85714,13.14286,7.28571],"texture":"#0"},"west":{"uv":[8,13.14286,7.42857,13.57143],"texture":"#0"},"up":{"uv":[5.42857,13.71429,5.14286,14.28571],"texture":"#0"},"down":{"uv":[6,14.28571,5.71429,13.71429],"texture":"#0"}}},{"from":[7.5085,9.42348,11.25],"to":[8.4915,10.47348,12.6],"rotation":{"angle":45,"axis":"x","origin":[7.5085,9.97348,12.21024]},"faces":{"north":{"uv":[13.14286,11.42857,12.57143,12],"texture":"#0"},"east":{"uv":[12.85714,5.14286,12,5.71429],"texture":"#0"},"south":{"uv":[12,12.57143,11.42857,13.14286],"texture":"#0"},"west":{"uv":[10.57143,12,9.71429,12.57143],"texture":"#0"},"up":{"uv":[12.57143,11.42857,12,12.28571],"texture":"#0"},"down":{"uv":[0.57143,13.42857,0,12.57143],"texture":"#0"}}},{"from":[7.6275,11.55601,8.34019],"to":[8.3725,12.50601,9.84019],"rotation":{"angle":22.5,"axis":"x","origin":[8.0025,11.75601,9.09019]},"faces":{"east":{"uv":[13.42857,0.57143,12.57143,1.14286],"texture":"#0"},"west":{"uv":[13.42857,1.14286,12.57143,1.71429],"texture":"#0"},"up":{"uv":[13,4,12.57143,4.85714],"texture":"#0"},"down":{"uv":[5,13.42857,4.57143,12.57143],"texture":"#0"}}},{"from":[7.7535,-0.51246,7.01803],"to":[8.2465,0.28754,8.06803],"rotation":{"angle":22.5,"axis":"x","origin":[8,0.42214,6.9436]},"faces":{"east":{"uv":[13.14286,7.42857,13.71429,7.85714],"texture":"#0"},"south":{"uv":[13.71429,12,14,12.42857],"texture":"#0"},"west":{"uv":[8,13.14286,8.57143,13.57143],"texture":"#0"},"up":{"uv":[14,6.85714,13.71429,6.28571],"texture":"#0"},"down":{"uv":[7.14286,13.71429,6.85714,14.28571],"texture":"#0"}}},{"from":[7.75,-0.28945,6.34493],"to":[8.25,0.96055,7.34493],"rotation":{"angle":-22.5,"axis":"x","origin":[8,0.39904,6.95317]},"faces":{"north":{"uv":[0,13.71429,0.28571,14.42857],"texture":"#0"},"east":{"uv":[2.85714,12.57143,3.42857,13.28571],"texture":"#0"},"south":{"uv":[13.71429,0.57143,14,1.28571],"texture":"#0"},"west":{"uv":[12.57143,2.85714,13.14286,3.57143],"texture":"#0"},"down":{"uv":[6.57143,13.71429,6.28571,14.28571],"texture":"#0"}}},{"from":[7.5085,0.70092,6.19269],"to":[8.4915,1.70092,8.19269],"rotation":{"angle":-22.5,"axis":"x","origin":[8,0.39904,6.95317]},"faces":{"north":{"uv":[12,12.57143,12.57143,13.14286],"texture":"#0"},"east":{"uv":[9.71429,10.28571,10.85714,10.85714],"texture":"#0"},"west":{"uv":[10.85714,0,12,0.57143],"texture":"#0"},"up":{"uv":[11.42857,1.71429,10.85714,0.57143],"texture":"#0"},"down":{"uv":[1.71429,10.85714,1.14286,12],"texture":"#0"}}},{"from":[7.5135,1.12774,6.40142],"to":[8.4865,2.87774,7.40142],"rotation":{"angle":22.5,"axis":"x","origin":[8,1.75274,6.90142]},"faces":{"north":{"uv":[1.71429,10.85714,2.28571,11.85714],"texture":"#0"},"east":{"uv":[2.28571,10.85714,2.85714,11.85714],"texture":"#0"},"west":{"uv":[5.14286,10.85714,5.71429,11.85714],"texture":"#0"},"up":{"uv":[13.14286,12.57143,12.57143,12],"texture":"#0"}}},{"from":[7.5085,0.70092,7.80731],"to":[8.4915,1.70092,9.80731],"rotation":{"angle":22.5,"axis":"x","origin":[8,0.39904,9.04683]},"faces":{"east":{"uv":[10.85714,10.28571,9.71429,10.85714],"texture":"#0"},"south":{"uv":[12.57143,12.57143,12,13.14286],"texture":"#0"},"west":{"uv":[12,0,10.85714,0.57143],"texture":"#0"},"up":{"uv":[11.42857,0.57143,10.85714,1.71429],"texture":"#0"},"down":{"uv":[1.71429,12,1.14286,10.85714],"texture":"#0"}}},{"from":[7.75,-0.28945,8.65507],"to":[8.25,0.96055,9.65507],"rotation":{"angle":22.5,"axis":"x","origin":[8,0.39904,9.04683]},"faces":{"north":{"uv":[14,0.57143,13.71429,1.28571],"texture":"#0"},"east":{"uv":[3.42857,12.57143,2.85714,13.28571],"texture":"#0"},"south":{"uv":[0.28571,13.71429,0,14.42857],"texture":"#0"},"west":{"uv":[13.14286,2.85714,12.57143,3.57143],"texture":"#0"},"down":{"uv":[6.57143,14.28571,6.28571,13.71429],"texture":"#0"}}},{"from":[7.7535,-0.51246,7.93197],"to":[8.2465,0.28754,8.98197],"rotation":{"angle":-22.5,"axis":"x","origin":[8,0.42214,9.0564]},"faces":{"north":{"uv":[14,12,13.71429,12.42857],"texture":"#0"},"east":{"uv":[13.71429,7.42857,13.14286,7.85714],"texture":"#0"},"west":{"uv":[8.57143,13.14286,8,13.57143],"texture":"#0"},"up":{"uv":[14,6.28571,13.71429,6.85714],"texture":"#0"},"down":{"uv":[7.14286,14.28571,6.85714,13.71429],"texture":"#0"}}},{"from":[7.5135,1.12774,8.59858],"to":[8.4865,2.87774,9.59858],"rotation":{"angle":-22.5,"axis":"x","origin":[8,1.75274,9.09858]},"faces":{"east":{"uv":[2.85714,10.85714,2.28571,11.85714],"texture":"#0"},"south":{"uv":[2.28571,10.85714,1.71429,11.85714],"texture":"#0"},"west":{"uv":[5.71429,10.85714,5.14286,11.85714],"texture":"#0"},"up":{"uv":[13.14286,12,12.57143,12.57143],"texture":"#0"}}},{"from":[7.2,6.3,4.875],"to":[7.2,12.55,11.125],"rotation":{"angle":45,"axis":"x","origin":[7.2,9.425,8]},"faces":{"west":{"uv":[1.5,1.5,14,14],"texture":"#1"}}},{"from":[8.8,6.3,4.875],"to":[8.8,12.55,11.125],"rotation":{"angle":45,"axis":"x","origin":[8.8,9.425,8]},"faces":{"east":{"uv":[14,1.5,1.5,14],"texture":"#1"}}}],"gui_light":"front","display":{"thirdperson_righthand":{"translation":[0,0.75,0.75]},"thirdperson_lefthand":{"translation":[0,0.75,0.75]},"firstperson_righthand":{"rotation":[-10,0,0]},"firstperson_lefthand":{"rotation":[-10,0,0]},"ground":{"rotation":[-45,0,0],"translation":[0,3,0],"scale":[0.7,0.7,0.7]},"gui":{"rotation":[-90,45,90],"translation":[3.25,-3.25,0],"scale":[0.8,0.8,0.8]},"head":{"rotation":[0,-90,0]},"fixed":{"rotation":[0,-90,0],"translation":[0,-10.25,-1.25],"scale":[2,2,2]}}}