{"credit":"Made with Blockbench","textures":{"1":"custom_pickaxes:bloody"},"elements":[{"from":[7.3284,0.25,7.25],"to":[8.8284,18,8.75],"rotation":{"angle":0,"axis":"y","origin":[8,9.775,8]},"faces":{"north":{"uv":[0,0,0.75,11],"texture":"#1"},"east":{"uv":[1,0,1.75,11],"texture":"#1"},"south":{"uv":[2,0,2.75,11],"texture":"#1"},"west":{"uv":[3,0,3.75,11],"texture":"#1"},"up":{"uv":[6.25,12.25,5.5,11.5],"texture":"#1"},"down":{"uv":[12.25,5.5,11.5,6.25],"texture":"#1"}}},{"from":[7.1784,-0.7,7],"to":[8.9784,0.8,9],"rotation":{"angle":0,"axis":"y","origin":[8,9.775,8]},"faces":{"north":{"uv":[10.5,9.5,11.5,10.25],"texture":"#1"},"east":{"uv":[10.5,10.5,11.5,11.25],"texture":"#1"},"south":{"uv":[0,11,1,11.75],"texture":"#1"},"west":{"uv":[1,11,2,11.75],"texture":"#1"},"up":{"uv":[8.5,5,7.5,4],"texture":"#1"},"down":{"uv":[8.5,10,7.5,11],"texture":"#1"}}},{"from":[6.9284,16.95,7],"to":[9.2284,18.3,9],"rotation":{"angle":0,"axis":"y","origin":[8,9.775,8]},"faces":{"north":{"uv":[4,10.5,5.25,11.25],"texture":"#1"},"east":{"uv":[2,11,3,11.75],"texture":"#1"},"south":{"uv":[10.5,7,11.75,7.75],"texture":"#1"},"west":{"uv":[3,11,4,11.75],"texture":"#1"},"up":{"uv":[11.25,1,10,0],"texture":"#1"},"down":{"uv":[11.25,1,10,2],"texture":"#1"}}},{"from":[6.7284,17.75,6.75],"to":[9.4284,21.25,9.25],"rotation":{"angle":0,"axis":"y","origin":[8,9.775,8]},"faces":{"north":{"uv":[5.5,7.5,6.75,9.25],"texture":"#1"},"east":{"uv":[8.5,0,9.75,1.75],"texture":"#1"},"south":{"uv":[8.5,2,9.75,3.75],"texture":"#1"},"west":{"uv":[8.5,4,9.75,5.75],"texture":"#1"},"up":{"uv":[9.75,7.25,8.5,6],"texture":"#1"},"down":{"uv":[8.25,8.5,7,9.75],"texture":"#1"}}},{"from":[6.5284,17.6,6.525],"to":[9.6284,20.7,9.475],"rotation":{"angle":0,"axis":"y","origin":[8,9.775,8]},"faces":{"north":{"uv":[4,6,5.5,7.5],"texture":"#1"},"east":{"uv":[6,4,7.5,5.5],"texture":"#1"},"south":{"uv":[5.5,6,7,7.5],"texture":"#1"},"west":{"uv":[7,5.5,8.5,7],"texture":"#1"},"up":{"uv":[8.5,8.5,7,7],"texture":"#1"},"down":{"uv":[5.5,7.5,4,9],"texture":"#1"}}},{"from":[3.2466,18.45,7.375],"to":[8.0966,20.55,8.625],"rotation":{"angle":0,"axis":"y","origin":[8,9.775,8]},"faces":{"north":{"uv":[6,0,8.5,1],"texture":"#1"},"east":{"uv":[10,11,10.5,12],"texture":"#1"},"south":{"uv":[6,1,8.5,2],"texture":"#1"},"west":{"uv":[6.5,11.5,7,12.5],"texture":"#1"},"up":{"uv":[12.5,2.5,10,2],"texture":"#1"},"down":{"uv":[12.5,2.5,10,3],"texture":"#1"}}},{"from":[0.1716,13,7.95],"to":[4.2216,18.75,8.05],"rotation":{"angle":0,"axis":"y","origin":[8,9.775,8]},"faces":{"north":{"uv":[4,0,6,2.75],"texture":"#1"},"east":{"uv":[14.5,0.25,14.5,0.25],"texture":"#1"},"south":{"uv":[4,3,6,5.75],"texture":"#1"},"west":{"uv":[14.5,0.25,14.5,0.25],"texture":"#1"},"up":{"uv":[14.5,0.25,14.5,0.25],"texture":"#1"},"down":{"uv":[14.5,0.25,14.5,0.25],"texture":"#1"}}},{"from":[3.936,19.72767,7.4],"to":[7.736,21.50267,8.6],"rotation":{"angle":22.5,"axis":"z","origin":[8,9.775,8]},"faces":{"north":{"uv":[8.5,7.5,10.25,8.25],"texture":"#1"},"east":{"uv":[8,11.5,8.5,12.25],"texture":"#1"},"south":{"uv":[8.5,8.5,10.25,9.25],"texture":"#1"},"west":{"uv":[8.5,11.5,9,12.25],"texture":"#1"},"up":{"uv":[12.25,8.5,10.5,8],"texture":"#1"},"down":{"uv":[10.25,10.5,8.5,11],"texture":"#1"}}},{"from":[4.38235,21.04019,7.475],"to":[7.38235,21.79019,8.525],"rotation":{"angle":45,"axis":"z","origin":[8,9.775,8]},"faces":{"north":{"uv":[4,9,5.5,9.5],"texture":"#1"},"east":{"uv":[6,5.5,6.5,6],"texture":"#1"},"south":{"uv":[5.5,11,7,11.5],"texture":"#1"},"west":{"uv":[6.5,5.5,7,6],"texture":"#1"},"up":{"uv":[8.5,11.5,7,11],"texture":"#1"},"down":{"uv":[10,11,8.5,11.5],"texture":"#1"}}},{"from":[5.79656,20.79019,7.425],"to":[8.79656,22.04019,8.575],"rotation":{"angle":45,"axis":"z","origin":[8,9.775,8]},"faces":{"north":{"uv":[10,4,11.5,4.75],"texture":"#1"},"east":{"uv":[9,11.5,9.5,12.25],"texture":"#1"},"south":{"uv":[10,5,11.5,5.75],"texture":"#1"},"west":{"uv":[9.5,11.5,10,12.25],"texture":"#1"},"up":{"uv":[13,0.5,11.5,0],"texture":"#1"},"down":{"uv":[13,0.5,11.5,1],"texture":"#1"}}},{"from":[7.9034,18.45,7.375],"to":[12.7534,20.55,8.625],"rotation":{"angle":0,"axis":"y","origin":[8,9.775,8]},"faces":{"north":{"uv":[6,2,8.5,3],"texture":"#1"},"east":{"uv":[7,11.5,7.5,12.5],"texture":"#1"},"south":{"uv":[6,3,8.5,4],"texture":"#1"},"west":{"uv":[7.5,11.5,8,12.5],"texture":"#1"},"up":{"uv":[12.5,3.5,10,3],"texture":"#1"},"down":{"uv":[12.5,3.5,10,4],"texture":"#1"}}},{"from":[8.264,19.72767,7.4],"to":[12.064,21.50267,8.6],"rotation":{"angle":-22.5,"axis":"z","origin":[8,9.775,8]},"faces":{"north":{"uv":[4,9.5,5.75,10.25],"texture":"#1"},"east":{"uv":[11.5,9.5,12,10.25],"texture":"#1"},"south":{"uv":[8.5,9.5,10.25,10.25],"texture":"#1"},"west":{"uv":[10.5,11.5,11,12.25],"texture":"#1"},"up":{"uv":[12.25,9,10.5,8.5],"texture":"#1"},"down":{"uv":[12.25,9,10.5,9.5],"texture":"#1"}}},{"from":[7.20344,20.79019,7.425],"to":[10.20344,22.04019,8.575],"rotation":{"angle":-45,"axis":"z","origin":[8,9.775,8]},"faces":{"north":{"uv":[6,10,7.5,10.75],"texture":"#1"},"east":{"uv":[11.5,10.5,12,11.25],"texture":"#1"},"south":{"uv":[10,6,11.5,6.75],"texture":"#1"},"west":{"uv":[11,11.5,11.5,12.25],"texture":"#1"},"up":{"uv":[13,1.5,11.5,1],"texture":"#1"},"down":{"uv":[13,1.5,11.5,2],"texture":"#1"}}},{"from":[8.61765,21.04019,7.475],"to":[11.61765,21.79019,8.525],"rotation":{"angle":-45,"axis":"z","origin":[8,9.775,8]},"faces":{"north":{"uv":[4,11.5,5.5,12],"texture":"#1"},"east":{"uv":[7.5,5,8,5.5],"texture":"#1"},"south":{"uv":[11.5,4,13,4.5],"texture":"#1"},"west":{"uv":[8,5,8.5,5.5],"texture":"#1"},"up":{"uv":[13,5,11.5,4.5],"texture":"#1"},"down":{"uv":[13,5,11.5,5.5],"texture":"#1"}}}],"gui_light":"front","display":{"thirdperson_righthand":{"rotation":[0,90,0],"translation":[0,-0.25,2],"scale":[0.65,0.65,0.65]},"thirdperson_lefthand":{"rotation":[0,90,0],"translation":[0,-0.25,1.25],"scale":[0.65,0.65,0.65]},"firstperson_righthand":{"rotation":[20,-90,0],"translation":[0,0,1],"scale":[0.6,0.6,0.6]},"firstperson_lefthand":{"rotation":[20,90,0],"translation":[0,0,1],"scale":[0.6,0.6,0.6]},"ground":{"translation":[0,5,0],"scale":[0.96484,0.96484,0.96484]},"gui":{"rotation":[0,0,-24],"translation":[-2.25,-2.75,0],"scale":[0.60547,0.60547,0.60547]},"head":{"rotation":[90,-168,90],"translation":[-0.5,11.75,0],"scale":[0.56,0.56,0.56]},"fixed":{"translation":[0,-3.5,0],"scale":[0.625,0.625,0.625]}}}