{"credit":"Made with Blockbench","textures":{"0":"custom_pickaxes:candy_pickaxe/1","particle":"custom_pickaxes:candy_pickaxe/1"},"elements":[{"from":[7.5,0,7.5],"to":[8.5,12,8.5],"faces":{"north":{"uv":[0,0,0.75,8.25],"texture":"#0"},"east":{"uv":[0.75,0,1.5,8.25],"texture":"#0"},"south":{"uv":[0,0,0.75,8.25],"texture":"#0"},"west":{"uv":[0.75,0,1.5,8.25],"texture":"#0"},"up":{"uv":[1.5,0,2.25,0.75],"texture":"#0"},"down":{"uv":[0,0,0.25,0.25],"texture":"#0"}}},{"from":[8.5,6.7,7.95],"to":[13.5,12.7,7.95],"rotation":{"angle":0,"axis":"y","origin":[8.5,9.7,8]},"faces":{"north":{"uv":[0,8.5,4,13],"texture":"#0"},"east":{"uv":[0.75,0,1.5,8.25],"texture":"#0"},"south":{"uv":[4.75,8.5,8.75,13],"texture":"#0"},"west":{"uv":[0.75,0,1.5,8.25],"texture":"#0"},"up":{"uv":[0,0,0.25,0.25],"texture":"#0"},"down":{"uv":[0,0,0.25,0.25],"texture":"#0"}}},{"from":[8.5,10.7,7.8],"to":[11.325,11.7,8.2],"rotation":{"angle":0,"axis":"y","origin":[8.5,9.7,8]},"faces":{"north":{"uv":[1.5,9.25,4,10],"texture":"#0"},"east":{"uv":[1.5,9.25,1.75,10],"texture":"#0"},"south":{"uv":[4.75,9.25,7,10],"texture":"#0"},"west":{"uv":[0.75,0,1.5,8.25],"texture":"#0"},"up":{"uv":[4,9.25,1.5,9.5],"texture":"#0"},"down":{"uv":[4.75,9.75,7,10],"texture":"#0"}}},{"from":[11.325,10.35,7.9],"to":[12.275,11.025,8.1],"rotation":{"angle":0,"axis":"y","origin":[11.325,9.025,8]},"faces":{"north":{"uv":[0.75,9.75,1.5,10.25],"texture":"#0"},"east":{"uv":[2.5,9.5,2.75,10],"texture":"#0"},"south":{"uv":[7.25,9.75,8,10.25],"texture":"#0"},"west":{"uv":[0.75,0,1.5,8.25],"texture":"#0"},"up":{"uv":[0,0,0.25,0.25],"texture":"#0"},"down":{"uv":[1.5,10,0.75,10.25],"texture":"#0"}}},{"from":[11.325,11.025,7.95],"to":[11.95,11.375,8.05],"rotation":{"angle":0,"axis":"y","origin":[11.325,9.725,7.95]},"faces":{"north":{"uv":[1.25,9.5,1.75,9.75],"texture":"#0"},"east":{"uv":[2.5,9.5,2.75,10],"texture":"#0"},"south":{"uv":[7.25,9.5,7.75,9.75],"texture":"#0"},"west":{"uv":[0.75,0,1.5,8.25],"texture":"#0"},"up":{"uv":[0,0,0.25,0.25],"texture":"#0"},"down":{"uv":[1.5,10,0.75,10.25],"texture":"#0"}}},{"from":[10.375,10.35,7.9],"to":[11.325,10.7,8.1],"rotation":{"angle":0,"axis":"y","origin":[10.075,9.025,8]},"faces":{"north":{"uv":[1.5,9.75,2.25,10],"texture":"#0"},"east":{"uv":[0.75,0,1.5,8.25],"texture":"#0"},"south":{"uv":[2,9.75,1.25,10],"texture":"#0"},"west":{"uv":[0.75,0,1.5,8.25],"texture":"#0"},"up":{"uv":[0,0,0.25,0.25],"texture":"#0"},"down":{"uv":[2.5,10,1.75,10.25],"texture":"#0"}}},{"from":[4.675,10.7,7.8],"to":[7.5,11.7,8.2],"rotation":{"angle":0,"axis":"y","origin":[7.5,9.7,8]},"faces":{"north":{"uv":[4,9.25,1.5,10],"texture":"#0"},"east":{"uv":[1.5,0,0.75,8.25],"texture":"#0"},"south":{"uv":[7,9.25,4.75,10],"texture":"#0"},"west":{"uv":[1.75,9.25,1.5,10],"texture":"#0"},"up":{"uv":[1.5,9.25,4,9.5],"texture":"#0"},"down":{"uv":[7,9.75,4.75,10],"texture":"#0"}}},{"from":[3.725,10.35,7.9],"to":[4.675,11.025,8.1],"rotation":{"angle":0,"axis":"y","origin":[4.675,9.025,8]},"faces":{"north":{"uv":[1.5,9.75,0.75,10.25],"texture":"#0"},"east":{"uv":[1.5,0,0.75,8.25],"texture":"#0"},"south":{"uv":[8,9.75,7.25,10.25],"texture":"#0"},"west":{"uv":[2.75,9.5,2.5,10],"texture":"#0"},"up":{"uv":[0.25,0,0,0.25],"texture":"#0"},"down":{"uv":[0.75,10,1.5,10.25],"texture":"#0"}}},{"from":[4.675,10.35,7.9],"to":[5.625,10.7,8.1],"rotation":{"angle":0,"axis":"y","origin":[5.925,9.025,8]},"faces":{"north":{"uv":[2.25,9.75,1.5,10],"texture":"#0"},"east":{"uv":[1.5,0,0.75,8.25],"texture":"#0"},"south":{"uv":[1.25,9.75,2,10],"texture":"#0"},"west":{"uv":[1.5,0,0.75,8.25],"texture":"#0"},"up":{"uv":[0.25,0,0,0.25],"texture":"#0"},"down":{"uv":[1.75,10,2.5,10.25],"texture":"#0"}}},{"from":[2.5,6.7,7.95],"to":[7.5,12.7,7.95],"rotation":{"angle":0,"axis":"y","origin":[7.5,9.7,8]},"faces":{"north":{"uv":[4.75,8.5,8.75,13],"texture":"#0"},"east":{"uv":[1.5,0,0.75,8.25],"texture":"#0"},"south":{"uv":[0,8.5,4,13],"texture":"#0"},"west":{"uv":[1.5,0,0.75,8.25],"texture":"#0"},"up":{"uv":[0.25,0,0,0.25],"texture":"#0"},"down":{"uv":[0.25,0,0,0.25],"texture":"#0"}}},{"from":[8.5,6.7,8.025],"to":[13.5,12.7,8.025],"rotation":{"angle":0,"axis":"y","origin":[8.5,9.7,8]},"faces":{"north":{"uv":[0,8.5,4,13],"texture":"#0"},"east":{"uv":[0.75,0,1.5,8.25],"texture":"#0"},"south":{"uv":[4.75,8.5,8.75,13],"texture":"#0"},"west":{"uv":[0.75,0,1.5,8.25],"texture":"#0"},"up":{"uv":[0,0,0.25,0.25],"texture":"#0"},"down":{"uv":[0,0,0.25,0.25],"texture":"#0"}}},{"from":[2.5,6.7,8.025],"to":[7.5,12.7,8.025],"rotation":{"angle":0,"axis":"y","origin":[7.5,9.7,8]},"faces":{"north":{"uv":[4.75,8.5,8.75,13],"texture":"#0"},"east":{"uv":[1.5,0,0.75,8.25],"texture":"#0"},"south":{"uv":[0,8.5,4,13],"texture":"#0"},"west":{"uv":[1.5,0,0.75,8.25],"texture":"#0"},"up":{"uv":[0.25,0,0,0.25],"texture":"#0"},"down":{"uv":[0.25,0,0,0.25],"texture":"#0"}}},{"from":[8.5,6.7,8],"to":[13.5,12.7,8],"rotation":{"angle":0,"axis":"y","origin":[8.5,9.7,8]},"faces":{"north":{"uv":[0,8.5,4,13],"texture":"#0"},"east":{"uv":[0.75,0,1.5,8.25],"texture":"#0"},"south":{"uv":[4.75,8.5,8.75,13],"texture":"#0"},"west":{"uv":[0.75,0,1.5,8.25],"texture":"#0"},"up":{"uv":[0,0,0.25,0.25],"texture":"#0"},"down":{"uv":[0,0,0.25,0.25],"texture":"#0"}}},{"from":[2.5,6.7,8],"to":[7.5,12.7,8],"rotation":{"angle":0,"axis":"y","origin":[7.5,9.7,8]},"faces":{"north":{"uv":[4.75,8.5,8.75,13],"texture":"#0"},"east":{"uv":[1.5,0,0.75,8.25],"texture":"#0"},"south":{"uv":[0,8.5,4,13],"texture":"#0"},"west":{"uv":[1.5,0,0.75,8.25],"texture":"#0"},"up":{"uv":[0.25,0,0,0.25],"texture":"#0"},"down":{"uv":[0.25,0,0,0.25],"texture":"#0"}}},{"from":[7.2,-0.9,7.2],"to":[8.8,0,8.8],"faces":{"north":{"uv":[1.75,4,3,4.75],"texture":"#0"},"east":{"uv":[1.75,4,3,4.75],"texture":"#0"},"south":{"uv":[1.75,4,3,4.75],"texture":"#0"},"west":{"uv":[1.75,4,3,4.75],"texture":"#0"},"up":{"uv":[3.25,4,4.5,5.25],"texture":"#0"},"down":{"uv":[1.75,5,3,6.25],"texture":"#0"}}},{"from":[7.5,9.45,8.5],"to":[8.5,10.925,9.275],"faces":{"north":{"uv":[2.5,0,3.25,0.5],"texture":"#0"},"east":{"uv":[3.5,0,4,1],"texture":"#0"},"south":{"uv":[2.5,0,3.25,1],"texture":"#0"},"west":{"uv":[4,0,3.5,1],"texture":"#0"},"up":{"uv":[2.5,0,3.25,0.5],"texture":"#0"},"down":{"uv":[2.5,0.5,3.25,1],"texture":"#0"}}},{"from":[6.4,7.975,8.9],"to":[7.5,12.025,8.9],"rotation":{"angle":22.5,"axis":"y","origin":[7.45,10,8.9]},"faces":{"north":{"uv":[3.5,1,2.75,3.75],"texture":"#0"},"east":{"uv":[3.5,0,4,1],"texture":"#0"},"south":{"uv":[4.5,1,3.75,3.75],"texture":"#0"},"west":{"uv":[4,0,3.5,1],"texture":"#0"},"up":{"uv":[3.25,0,2.5,0.5],"texture":"#0"},"down":{"uv":[3.25,0.5,2.5,1],"texture":"#0"}}},{"from":[5.25,7.975,9.25],"to":[6.65,12.025,9.25],"rotation":{"angle":-22.5,"axis":"y","origin":[6.4,10,8.9]},"faces":{"north":{"uv":[2.75,1,1.75,3.75],"texture":"#0"},"east":{"uv":[3.5,0,4,1],"texture":"#0"},"south":{"uv":[5.5,1,4.5,3.75],"texture":"#0"},"west":{"uv":[4,0,3.5,1],"texture":"#0"},"up":{"uv":[3.25,0,2.5,0.5],"texture":"#0"},"down":{"uv":[3.25,0.5,2.5,1],"texture":"#0"}}},{"from":[8.5,7.975,8.9],"to":[9.6,12.025,8.9],"rotation":{"angle":-22.5,"axis":"y","origin":[8.55,10,8.9]},"faces":{"north":{"uv":[2.75,1,3.5,3.75],"texture":"#0"},"east":{"uv":[3.5,0,4,1],"texture":"#0"},"south":{"uv":[3.75,1,4.5,3.75],"texture":"#0"},"west":{"uv":[4,0,3.5,1],"texture":"#0"},"up":{"uv":[2.5,0,3.25,0.5],"texture":"#0"},"down":{"uv":[2.5,0.5,3.25,1],"texture":"#0"}}},{"from":[9.35,7.975,9.25],"to":[10.75,12.025,9.25],"rotation":{"angle":22.5,"axis":"y","origin":[9.6,10,8.9]},"faces":{"north":{"uv":[1.75,1,2.75,3.75],"texture":"#0"},"east":{"uv":[3.5,0,4,1],"texture":"#0"},"south":{"uv":[4.5,1,5.5,3.75],"texture":"#0"},"west":{"uv":[4,0,3.5,1],"texture":"#0"},"up":{"uv":[2.5,0,3.25,0.5],"texture":"#0"},"down":{"uv":[2.5,0.5,3.25,1],"texture":"#0"}}},{"from":[7.5,9.45,6.725],"to":[8.5,10.925,7.5],"rotation":{"angle":0,"axis":"y","origin":[0,0,16]},"faces":{"north":{"uv":[3.25,0,2.5,1],"texture":"#0"},"east":{"uv":[4,0,3.5,1],"texture":"#0"},"south":{"uv":[3.25,0,2.5,0.5],"texture":"#0"},"west":{"uv":[3.5,0,4,1],"texture":"#0"},"up":{"uv":[2.5,0.5,3.25,0],"texture":"#0"},"down":{"uv":[2.5,1,3.25,0.5],"texture":"#0"}}},{"from":[5.25,7.975,6.75],"to":[6.65,12.025,6.75],"rotation":{"angle":22.5,"axis":"y","origin":[6.4,10,7.1]},"faces":{"north":{"uv":[4.5,1,5.5,3.75],"texture":"#0"},"east":{"uv":[4,0,3.5,1],"texture":"#0"},"south":{"uv":[1.75,1,2.75,3.75],"texture":"#0"},"west":{"uv":[3.5,0,4,1],"texture":"#0"},"up":{"uv":[3.25,0.5,2.5,0],"texture":"#0"},"down":{"uv":[3.25,1,2.5,0.5],"texture":"#0"}}},{"from":[6.4,7.975,7.1],"to":[7.5,12.025,7.1],"rotation":{"angle":-22.5,"axis":"y","origin":[7.45,10,7.1]},"faces":{"north":{"uv":[3.75,1,4.5,3.75],"texture":"#0"},"east":{"uv":[4,0,3.5,1],"texture":"#0"},"south":{"uv":[2.75,1,3.5,3.75],"texture":"#0"},"west":{"uv":[3.5,0,4,1],"texture":"#0"},"up":{"uv":[3.25,0.5,2.5,0],"texture":"#0"},"down":{"uv":[3.25,1,2.5,0.5],"texture":"#0"}}},{"from":[9.35,7.975,6.75],"to":[10.75,12.025,6.75],"rotation":{"angle":-22.5,"axis":"y","origin":[9.6,10,7.1]},"faces":{"north":{"uv":[5.5,1,4.5,3.75],"texture":"#0"},"east":{"uv":[4,0,3.5,1],"texture":"#0"},"south":{"uv":[2.75,1,1.75,3.75],"texture":"#0"},"west":{"uv":[3.5,0,4,1],"texture":"#0"},"up":{"uv":[2.5,0.5,3.25,0],"texture":"#0"},"down":{"uv":[2.5,1,3.25,0.5],"texture":"#0"}}},{"from":[8.5,7.975,7.1],"to":[9.6,12.025,7.1],"rotation":{"angle":22.5,"axis":"y","origin":[8.55,10,7.1]},"faces":{"north":{"uv":[4.5,1,3.75,3.75],"texture":"#0"},"east":{"uv":[4,0,3.5,1],"texture":"#0"},"south":{"uv":[3.5,1,2.75,3.75],"texture":"#0"},"west":{"uv":[3.5,0,4,1],"texture":"#0"},"up":{"uv":[2.5,0.5,3.25,0],"texture":"#0"},"down":{"uv":[2.5,1,3.25,0.5],"texture":"#0"}}},{"from":[7.5,9.45,6.725],"to":[8.5,10.925,7.5],"rotation":{"angle":0,"axis":"y","origin":[0,0,16]},"faces":{"north":{"uv":[3.25,0,2.5,1],"texture":"#0"},"east":{"uv":[4,0,3.5,1],"texture":"#0"},"south":{"uv":[3.25,0,2.5,0.5],"texture":"#0"},"west":{"uv":[3.5,0,4,1],"texture":"#0"},"up":{"uv":[2.5,0.5,3.25,0],"texture":"#0"},"down":{"uv":[2.5,1,3.25,0.5],"texture":"#0"}}}],"gui_light":"front","display":{"thirdperson_righthand":{"rotation":[0,90,0],"translation":[0,5,1],"scale":[1.3,1.3,1.3]},"thirdperson_lefthand":{"rotation":[0,90,0],"translation":[0,5,1],"scale":[1.3,1.3,1.3]},"firstperson_righthand":{"rotation":[0,-90,-20],"translation":[1,3,1]},"firstperson_lefthand":{"rotation":[0,-90,-20],"translation":[1,3,1]},"ground":{"translation":[0,4,0]},"gui":{"rotation":[0,0,-43.5],"translation":[0.5,0.75,0],"scale":[1.1,1.1,1.1]},"head":{"translation":[0,2.25,-7]},"fixed":{"rotation":[0,0,44],"translation":[-0.75,1,-0.75],"scale":[1.3,1.3,1.3]}}}