{"credit":"Made with Blockbench","textures":{"0":"custom_pickaxes:chaotics","particle":"custom_pickaxes:chaotics"},"elements":[{"from":[6.25,-10,7],"to":[8.25,-2,9],"rotation":{"angle":0,"axis":"y","origin":[8,-17,8]},"faces":{"north":{"uv":[4.75,7,5.25,9],"texture":"#0"},"east":{"uv":[7.75,4,8.25,6],"texture":"#0"},"south":{"uv":[7.75,6,8.25,8],"texture":"#0"},"west":{"uv":[6.5,7.75,7,9.75],"texture":"#0"},"up":{"uv":[9.75,7,9.25,6.5],"texture":"#0"},"down":{"uv":[7.5,9.25,7,9.75],"texture":"#0"}}},{"from":[7,8,7],"to":[9,16,9],"rotation":{"angle":0,"axis":"y","origin":[8,-17,8]},"faces":{"north":{"uv":[4.75,7,5.25,9],"texture":"#0"},"east":{"uv":[7.75,4,8.25,6],"texture":"#0"},"south":{"uv":[7.75,6,8.25,8],"texture":"#0"},"west":{"uv":[6.5,7.75,7,9.75],"texture":"#0"},"up":{"uv":[9.75,7,9.25,6.5],"texture":"#0"},"down":{"uv":[7.5,9.25,7,9.75],"texture":"#0"}}},{"from":[6,-2,7],"to":[10,8,9],"rotation":{"angle":0,"axis":"y","origin":[8,-17,8]},"faces":{"north":{"uv":[5.5,3,6.5,5.5],"texture":"#0"},"east":{"uv":[3.75,7,4.25,9.5],"texture":"#0"},"south":{"uv":[5.5,5.5,6.5,8],"texture":"#0"},"west":{"uv":[4.25,7,4.75,9.5],"texture":"#0"},"up":{"uv":[9.5,3,8.5,2.5],"texture":"#0"},"down":{"uv":[9.75,0,8.75,0.5],"texture":"#0"}}},{"from":[8.75,-10,7.5],"to":[9.75,-2,8.5],"rotation":{"angle":0,"axis":"y","origin":[8,-10,8]},"faces":{"north":{"uv":[5.25,6,5.5,8],"texture":"#0"},"east":{"uv":[6.25,8,6.5,10],"texture":"#0"},"south":{"uv":[2,8.75,2.25,10.75],"texture":"#0"},"west":{"uv":[2.25,8.75,2.5,10.75],"texture":"#0"},"up":{"uv":[10,4.25,9.75,4],"texture":"#0"},"down":{"uv":[4.5,9.75,4.25,10],"texture":"#0"}}},{"from":[6,-15,7],"to":[10,-14,9],"rotation":{"angle":0,"axis":"y","origin":[8,-17,8]},"faces":{"north":{"uv":[9.25,7,10.25,7.25],"texture":"#0"},"east":{"uv":[9.5,7.75,10,8],"texture":"#0"},"south":{"uv":[9.25,7.25,10.25,7.5],"texture":"#0"},"west":{"uv":[9.75,0,10.25,0.25],"texture":"#0"},"up":{"uv":[9.5,2,8.5,1.5],"texture":"#0"},"down":{"uv":[9.5,2,8.5,2.5],"texture":"#0"}}},{"from":[10,-14,5.9],"to":[11.5,-12.5,9],"rotation":{"angle":45,"axis":"z","origin":[10,-14,8]},"faces":{"north":{"uv":[9.5,9.25,9.875,9.625],"texture":"#0"},"east":{"uv":[1.25,9.25,2,9.625],"texture":"#0"},"south":{"uv":[0,9.75,0.375,10.125],"texture":"#0"},"west":{"uv":[2.5,9.25,3.25,9.625],"texture":"#0"},"up":{"uv":[9.625,5.75,9.25,5],"texture":"#0"},"down":{"uv":[9.625,5.75,9.25,6.5],"texture":"#0"}}},{"from":[4.5,-14,5.9],"to":[6,-12.5,9],"rotation":{"angle":-45,"axis":"z","origin":[6,-14,8]},"faces":{"north":{"uv":[9.875,9.25,9.5,9.625],"texture":"#0"},"east":{"uv":[3.25,9.25,2.5,9.625],"texture":"#0"},"south":{"uv":[0.375,9.75,0,10.125],"texture":"#0"},"west":{"uv":[2,9.25,1.25,9.625],"texture":"#0"},"up":{"uv":[9.25,5.75,9.625,5],"texture":"#0"},"down":{"uv":[9.25,5.75,9.625,6.5],"texture":"#0"}}},{"from":[9.5,-16,7.5],"to":[10.5,-14,8.5],"rotation":{"angle":45,"axis":"z","origin":[10,-14,8]},"faces":{"north":{"uv":[1.25,9.75,1.5,10.25],"texture":"#0"},"east":{"uv":[1.5,9.75,1.75,10.25],"texture":"#0"},"south":{"uv":[1.75,9.75,2,10.25],"texture":"#0"},"west":{"uv":[2.5,9.75,2.75,10.25],"texture":"#0"},"up":{"uv":[10,0.5,9.75,0.25],"texture":"#0"},"down":{"uv":[4.25,9.75,4,10],"texture":"#0"}}},{"from":[5.5,-16,7.5],"to":[6.5,-14,8.5],"rotation":{"angle":-45,"axis":"z","origin":[6,-14,8]},"faces":{"north":{"uv":[1.5,9.75,1.25,10.25],"texture":"#0"},"east":{"uv":[2.75,9.75,2.5,10.25],"texture":"#0"},"south":{"uv":[2,9.75,1.75,10.25],"texture":"#0"},"west":{"uv":[1.75,9.75,1.5,10.25],"texture":"#0"},"up":{"uv":[9.75,0.5,10,0.25],"texture":"#0"},"down":{"uv":[4,9.75,4.25,10],"texture":"#0"}}},{"from":[6.5,-16,6],"to":[9.5,-14,7],"rotation":{"angle":0,"axis":"y","origin":[8,-17,8]},"faces":{"north":{"uv":[2.5,8.75,3.25,9.25],"texture":"#0"},"east":{"uv":[0.5,9.75,0.75,10.25],"texture":"#0"},"south":{"uv":[4.75,9,5.5,9.5],"texture":"#0"},"west":{"uv":[9.75,1,10,1.5],"texture":"#0"},"up":{"uv":[7.75,8,7,7.75],"texture":"#0"},"down":{"uv":[5,9.5,4.25,9.75],"texture":"#0"}}},{"from":[6,-14,6],"to":[10,-10,10],"rotation":{"angle":0,"axis":"y","origin":[8,-17,8]},"faces":{"north":{"uv":[7.5,2,8.5,3],"texture":"#0"},"east":{"uv":[5.25,8,6.25,9],"texture":"#0"},"south":{"uv":[7,8,8,9],"texture":"#0"},"west":{"uv":[8,8,9,9],"texture":"#0"},"up":{"uv":[1,9.25,0,8.25],"texture":"#0"},"down":{"uv":[2,8.25,1,9.25],"texture":"#0"}}},{"from":[10,-14,8],"to":[14,-10,8],"rotation":{"angle":0,"axis":"y","origin":[8,-17,8]},"faces":{"north":{"uv":[7.5,1,8.5,2],"texture":"#0"},"east":{"uv":[0,0,0,1],"texture":"#0"},"south":{"uv":[8.5,1,7.5,2],"texture":"#0"},"west":{"uv":[0,0,0,1],"texture":"#0"},"up":{"uv":[1,0,0,0],"texture":"#0"}}},{"from":[2,-14,8],"to":[6,-10,8],"rotation":{"angle":0,"axis":"y","origin":[8,-17,8]},"faces":{"north":{"uv":[8.5,1,7.5,2],"texture":"#0"},"east":{"uv":[0,0,0,1],"texture":"#0"},"south":{"uv":[7.5,1,8.5,2],"texture":"#0"},"west":{"uv":[0,0,0,1],"texture":"#0"},"up":{"uv":[0,0,1,0],"texture":"#0"}}},{"from":[10,6,8.5],"to":[17,8,9.5],"rotation":{"angle":45,"axis":"z","origin":[10,6,9]},"faces":{"north":{"uv":[2,8.25,3.75,8.75],"texture":"#0"},"east":{"uv":[2.75,9.75,3,10.25],"texture":"#0"},"south":{"uv":[8.25,3,10,3.5],"texture":"#0"},"west":{"uv":[3,9.75,3.25,10.25],"texture":"#0"},"up":{"uv":[10.5,0.75,8.75,0.5],"texture":"#0"},"down":{"uv":[10.5,0.75,8.75,1],"texture":"#0"}}},{"from":[10,1.5,8.5],"to":[15,3.5,9.5],"rotation":{"angle":0,"axis":"y","origin":[10,1,9]},"faces":{"north":{"uv":[8.25,7.5,9.5,8],"texture":"#0"},"east":{"uv":[9.75,3.5,10,4],"texture":"#0"},"south":{"uv":[8.5,1,9.75,1.5],"texture":"#0"},"west":{"uv":[3.75,9.75,4,10.25],"texture":"#0"},"up":{"uv":[10.5,4.75,9.25,4.5],"texture":"#0"},"down":{"uv":[10.5,4.75,9.25,5],"texture":"#0"}}},{"from":[10,3.75,8.5],"to":[16,5.75,9.5],"rotation":{"angle":22.5,"axis":"z","origin":[10,3.75,9]},"faces":{"north":{"uv":[8.25,3.5,9.75,4],"texture":"#0"},"east":{"uv":[3.25,9.75,3.5,10.25],"texture":"#0"},"south":{"uv":[8.25,4,9.75,4.5],"texture":"#0"},"west":{"uv":[3.5,9.75,3.75,10.25],"texture":"#0"},"up":{"uv":[10.25,9.25,8.75,9],"texture":"#0"},"down":{"uv":[10.5,8.75,9,9],"texture":"#0"}}},{"from":[6,16,6],"to":[10,17,9],"rotation":{"angle":0,"axis":"y","origin":[8,19,7.5]},"faces":{"north":{"uv":[8.5,9.5,9.5,9.25],"texture":"#0"},"east":{"uv":[5,9.75,5.75,9.5],"texture":"#0"},"south":{"uv":[9.5,1.75,10.5,1.5],"texture":"#0"},"west":{"uv":[9.5,7.75,10.25,7.5],"texture":"#0"},"up":{"uv":[9.25,6,8.25,5.25],"texture":"#0"},"down":{"uv":[9.25,4.5,8.25,5.25],"texture":"#0"}}},{"from":[10.5,14,5.5],"to":[12.5,16,8.5],"rotation":{"angle":-45,"axis":"z","origin":[10.5,16,7.5]},"faces":{"north":{"uv":[9.5,2.25,10,1.75],"texture":"#0"},"east":{"uv":[5.5,9.5,6.25,9],"texture":"#0"},"south":{"uv":[9.5,2.75,10,2.25],"texture":"#0"},"west":{"uv":[0,9.75,0.75,9.25],"texture":"#0"},"up":{"uv":[1.25,10,0.75,9.25],"texture":"#0"},"down":{"uv":[3.75,8.75,3.25,9.5],"texture":"#0"}}},{"from":[9.5,16,6.5],"to":[10.5,19,7.5],"rotation":{"angle":-45,"axis":"z","origin":[10,16,7.5]},"faces":{"north":{"uv":[5.75,10.25,6,9.5],"texture":"#0"},"east":{"uv":[6,10.25,6.25,9.5],"texture":"#0"},"south":{"uv":[8.5,10.25,8.75,9.5],"texture":"#0"},"west":{"uv":[8.75,10.25,9,9.5],"texture":"#0"},"up":{"uv":[4.75,10,4.5,9.75],"texture":"#0"},"down":{"uv":[10,4.25,9.75,4.5],"texture":"#0"}}},{"from":[5.5,16,6.5],"to":[6.5,19,7.5],"rotation":{"angle":45,"axis":"z","origin":[6,16,7.5]},"faces":{"north":{"uv":[6,10.25,5.75,9.5],"texture":"#0"},"east":{"uv":[9,10.25,8.75,9.5],"texture":"#0"},"south":{"uv":[8.75,10.25,8.5,9.5],"texture":"#0"},"west":{"uv":[6.25,10.25,6,9.5],"texture":"#0"},"up":{"uv":[4.5,10,4.75,9.75],"texture":"#0"},"down":{"uv":[9.75,4.25,10,4.5],"texture":"#0"}}},{"from":[3.5,14,5.5],"to":[5.5,16,8.5],"rotation":{"angle":45,"axis":"z","origin":[5.5,16,7.5]},"faces":{"north":{"uv":[10,2.25,9.5,1.75],"texture":"#0"},"east":{"uv":[0.75,9.75,0,9.25],"texture":"#0"},"south":{"uv":[10,2.75,9.5,2.25],"texture":"#0"},"west":{"uv":[6.25,9.5,5.5,9],"texture":"#0"},"up":{"uv":[0.75,10,1.25,9.25],"texture":"#0"},"down":{"uv":[3.25,8.75,3.75,9.5],"texture":"#0"}}},{"from":[6,16,5],"to":[10,19,6],"rotation":{"angle":0,"axis":"y","origin":[8,19,7.5]},"faces":{"north":{"uv":[8.25,6.75,9.25,6],"texture":"#0"},"east":{"uv":[9,10.25,9.25,9.5],"texture":"#0"},"south":{"uv":[8.25,7.5,9.25,6.75],"texture":"#0"},"west":{"uv":[9.25,10.25,9.5,9.5],"texture":"#0"},"up":{"uv":[4.25,9.75,3.25,9.5],"texture":"#0"},"down":{"uv":[10.5,2.75,9.5,3],"texture":"#0"}}},{"from":[5.5,11,5],"to":[10.5,16,10],"rotation":{"angle":0,"axis":"y","origin":[8,19,7.5]},"faces":{"north":{"uv":[6.5,5.25,7.75,4],"texture":"#0"},"east":{"uv":[6.5,6.5,7.75,5.25],"texture":"#0"},"south":{"uv":[6.5,7.75,7.75,6.5],"texture":"#0"},"west":{"uv":[0,8.25,1.25,7],"texture":"#0"},"up":{"uv":[3.75,8.25,2.5,7],"texture":"#0"},"down":{"uv":[2.5,7,1.25,8.25],"texture":"#0"}}},{"from":[13.64217,2.98603,7],"to":[14.64217,5.98603,8],"rotation":{"angle":45,"axis":"z","origin":[10.5,15,7.5]},"faces":{"north":{"uv":[0,15.75,0.75,15.5],"rotation":270,"texture":"#0"},"east":{"uv":[0.75,15.5,0,15.25],"rotation":90,"texture":"#0"},"south":{"uv":[0.75,15.75,0,15.5],"rotation":90,"texture":"#0"},"west":{"uv":[0.75,15.75,0,16],"rotation":90,"texture":"#0"},"up":{"uv":[0.75,15.75,1,15.5],"rotation":90,"texture":"#0"},"down":{"uv":[0.75,16,1,15.75],"rotation":90,"texture":"#0"}}},{"from":[16.42447,14.37798,6.5],"to":[20.42447,16.37798,8.5],"rotation":{"angle":-22.5,"axis":"z","origin":[10.5,15,7.5]},"faces":{"north":{"uv":[0,14.75,1,14.25],"texture":"#0"},"east":{"uv":[1,14.25,1.5,13.75],"texture":"#0"},"south":{"uv":[0,15.25,1,14.75],"texture":"#0"},"west":{"uv":[1,13.75,1.5,13.25],"texture":"#0"},"up":{"uv":[1,14.25,0,13.75],"texture":"#0"},"down":{"uv":[1,13.25,0,13.75],"texture":"#0"}}},{"from":[10.5,12,6],"to":[16.5,15,9],"rotation":{"angle":0,"axis":"y","origin":[10.5,15,7.5]},"faces":{"north":{"uv":[0,12.5,1.5,11.75],"texture":"#0"},"east":{"uv":[1.5,12.25,2.25,11.5],"texture":"#0"},"south":{"uv":[0,13.25,1.5,12.5],"texture":"#0"},"west":{"uv":[1.5,11.5,2.25,10.75],"texture":"#0"},"up":{"uv":[1.5,11.75,0,11],"texture":"#0"},"down":{"uv":[1.5,10.25,0,11],"texture":"#0"}}},{"from":[10,7,5.75],"to":[23,19,5.75],"rotation":{"angle":0,"axis":"y","origin":[9,20,7.75]},"faces":{"north":{"uv":[13,0,16,3.25],"rotation":270,"texture":"#0"},"east":{"uv":[3,0,0,0],"rotation":90,"texture":"#0"},"south":{"uv":[16,0,13,3.25],"rotation":90,"texture":"#0"},"up":{"uv":[0,0,0,6],"rotation":90,"texture":"#0"},"down":{"uv":[0,0,0,6],"rotation":90,"texture":"#0"}}},{"from":[1.35783,2.98603,7],"to":[2.35783,5.98603,8],"rotation":{"angle":-45,"axis":"z","origin":[5.5,15,7.5]},"faces":{"north":{"uv":[0,15.5,0.75,15.75],"rotation":270,"texture":"#0"},"east":{"uv":[0.75,16,0,15.75],"rotation":90,"texture":"#0"},"south":{"uv":[0.75,15.5,0,15.75],"rotation":90,"texture":"#0"},"west":{"uv":[0.75,15.25,0,15.5],"rotation":90,"texture":"#0"},"up":{"uv":[0.75,15.5,1,15.75],"rotation":90,"texture":"#0"},"down":{"uv":[0.75,15.75,1,16],"rotation":90,"texture":"#0"}}},{"from":[-4.42447,14.37798,6.5],"to":[-0.42447,16.37798,8.5],"rotation":{"angle":22.5,"axis":"z","origin":[5.5,15,7.5]},"faces":{"north":{"uv":[1,14.75,0,14.25],"texture":"#0"},"east":{"uv":[1.5,13.75,1,13.25],"texture":"#0"},"south":{"uv":[1,15.25,0,14.75],"texture":"#0"},"west":{"uv":[1.5,14.25,1,13.75],"texture":"#0"},"up":{"uv":[0,14.25,1,13.75],"texture":"#0"},"down":{"uv":[0,13.25,1,13.75],"texture":"#0"}}},{"from":[-0.5,12,6],"to":[5.5,15,9],"rotation":{"angle":0,"axis":"y","origin":[5.5,15,7.5]},"faces":{"north":{"uv":[1.5,12.5,0,11.75],"texture":"#0"},"east":{"uv":[2.25,11.5,1.5,10.75],"texture":"#0"},"south":{"uv":[1.5,13.25,0,12.5],"texture":"#0"},"west":{"uv":[2.25,12.25,1.5,11.5],"texture":"#0"},"up":{"uv":[0,11.75,1.5,11],"texture":"#0"},"down":{"uv":[0,10.25,1.5,11],"texture":"#0"}}},{"from":[-7,7,5.75],"to":[6,19,5.75],"rotation":{"angle":0,"axis":"y","origin":[7,20,7.75]},"faces":{"north":{"uv":[13,3.25,16,0],"rotation":270,"texture":"#0"},"south":{"uv":[16,3.25,13,0],"rotation":90,"texture":"#0"},"west":{"uv":[3,0,0,0],"rotation":90,"texture":"#0"},"up":{"uv":[0,6,0,0],"rotation":90,"texture":"#0"},"down":{"uv":[0,6,0,0],"rotation":90,"texture":"#0"}}},{"from":[10,11,9.5],"to":[15,15,9.5],"rotation":{"angle":-45,"axis":"y","origin":[10.5,13,9.5]},"faces":{"north":{"uv":[7.5,1,8.75,0],"texture":"#0"},"east":{"uv":[0,1,0,0],"texture":"#0"},"south":{"uv":[8.75,1,7.5,0],"texture":"#0"},"west":{"uv":[0,1,0,0],"texture":"#0"},"down":{"uv":[1.25,0,0,0],"texture":"#0"}}},{"from":[1,11,9.5],"to":[6,15,9.5],"rotation":{"angle":45,"axis":"y","origin":[5.5,13,9.5]},"faces":{"north":{"uv":[8.75,1,7.5,0],"texture":"#0"},"east":{"uv":[0,1,0,0],"texture":"#0"},"south":{"uv":[7.5,1,8.75,0],"texture":"#0"},"west":{"uv":[0,1,0,0],"texture":"#0"},"down":{"uv":[0,0,1.25,0],"texture":"#0"}}},{"from":[4,3,8],"to":[12,9,8],"rotation":{"angle":45,"axis":"x","origin":[8,6,8]},"faces":{"north":{"uv":[5.5,0,7.5,1.5],"texture":"#0"},"east":{"uv":[0,0,0,1.5],"texture":"#0"},"south":{"uv":[7.5,0,5.5,1.5],"texture":"#0"},"west":{"uv":[0,0,0,1.5],"texture":"#0"},"up":{"uv":[2,0,0,0],"texture":"#0"}}},{"from":[4,4,6],"to":[12,4,12],"rotation":{"angle":22.5,"axis":"x","origin":[8,4,6]},"faces":{"north":{"uv":[0,0,2,0],"texture":"#0"},"east":{"uv":[0,0,1.5,0],"texture":"#0"},"south":{"uv":[0,0,2,0],"texture":"#0"},"west":{"uv":[0,0,1.5,0],"texture":"#0"},"up":{"uv":[7.5,3,5.5,1.5],"texture":"#0"},"down":{"uv":[7.5,1.5,5.5,3],"texture":"#0"}}},{"from":[3,1,4],"to":[13,1,12],"rotation":{"angle":-22.5,"axis":"x","origin":[8,1,8]},"faces":{"north":{"uv":[0,0,2.5,0],"texture":"#0"},"east":{"uv":[0,0,2,0],"texture":"#0"},"south":{"uv":[0,0,2.5,0],"texture":"#0"},"west":{"uv":[0,0,2,0],"texture":"#0"},"up":{"uv":[5.5,2,3,0],"texture":"#0"},"down":{"uv":[5.5,0,3,2],"texture":"#0"}}},{"from":[3,-1.75,4],"to":[13,-1.75,12],"rotation":{"angle":22.5,"axis":"x","origin":[8,-1.25,8]},"faces":{"north":{"uv":[0,0,2.5,0],"texture":"#0"},"east":{"uv":[0,0,2,0],"texture":"#0"},"south":{"uv":[0,0,2.5,0],"texture":"#0"},"west":{"uv":[0,0,2,0],"texture":"#0"},"up":{"uv":[5.5,6,3,4],"texture":"#0"},"down":{"uv":[5.5,4,3,6],"texture":"#0"}}},{"from":[3,-10.1,7.925],"to":[13,-2.1,7.925],"rotation":{"angle":22.5,"axis":"x","origin":[8,-6,8]},"faces":{"north":{"uv":[3,2,5.5,4],"texture":"#0"},"east":{"uv":[0,0,0,2],"texture":"#0"},"south":{"uv":[5.5,2,3,4],"texture":"#0"},"west":{"uv":[0,0,0,2],"texture":"#0"},"up":{"uv":[2.5,0,0,0],"texture":"#0"}}},{"from":[1,6,4.75],"to":[5,7,6.75],"rotation":{"angle":22.5,"axis":"z","origin":[5,10,6.75]},"faces":{"north":{"uv":[9.25,7.25,10.25,7],"texture":"#0"},"east":{"uv":[9.5,8,10,7.75],"texture":"#0"},"south":{"uv":[9.25,7.5,10.25,7.25],"texture":"#0"},"west":{"uv":[9.75,0.25,10.25,0],"texture":"#0"},"up":{"uv":[9.5,2.5,8.5,2],"texture":"#0"},"down":{"uv":[9.5,1.5,8.5,2],"texture":"#0"}}},{"from":[1.5,6,3.75],"to":[4.5,8,4.75],"rotation":{"angle":22.5,"axis":"z","origin":[5,10,6.75]},"faces":{"north":{"uv":[2.5,9.25,3.25,8.75],"texture":"#0"},"east":{"uv":[0.5,10.25,0.75,9.75],"texture":"#0"},"south":{"uv":[4.75,9.5,5.5,9],"texture":"#0"},"west":{"uv":[9.75,1.5,10,1],"texture":"#0"},"up":{"uv":[5,9.75,4.25,9.5],"texture":"#0"},"down":{"uv":[7.75,7.75,7,8],"texture":"#0"}}},{"from":[1,2,3.75],"to":[5,6,7.75],"rotation":{"angle":22.5,"axis":"z","origin":[5,10,6.75]},"faces":{"north":{"uv":[7.5,3,8.5,2],"texture":"#0"},"east":{"uv":[5.25,9,6.25,8],"texture":"#0"},"south":{"uv":[7,9,8,8],"texture":"#0"},"west":{"uv":[8,9,9,8],"texture":"#0"},"up":{"uv":[2,9.25,1,8.25],"texture":"#0"},"down":{"uv":[1,8.25,0,9.25],"texture":"#0"}}},{"from":[6,3,9],"to":[10,4,11],"rotation":{"angle":0,"axis":"y","origin":[8,1,10]},"faces":{"north":{"uv":[10.25,7.25,9.25,7.5],"texture":"#0"},"east":{"uv":[10,7.75,9.5,8],"texture":"#0"},"south":{"uv":[10.25,7,9.25,7.25],"texture":"#0"},"west":{"uv":[10.25,0,9.75,0.25],"texture":"#0"},"up":{"uv":[9.5,1.5,8.5,2],"texture":"#0"},"down":{"uv":[9.5,2.5,8.5,2],"texture":"#0"}}},{"from":[10,4,9],"to":[11.5,5.5,12.1],"rotation":{"angle":45,"axis":"z","origin":[10,4,10]},"faces":{"north":{"uv":[0.375,9.75,0,10.125],"texture":"#0"},"east":{"uv":[2,9.25,1.25,9.625],"texture":"#0"},"south":{"uv":[9.875,9.25,9.5,9.625],"texture":"#0"},"west":{"uv":[3.25,9.25,2.5,9.625],"texture":"#0"},"up":{"uv":[9.625,5,9.25,5.75],"texture":"#0"},"down":{"uv":[9.625,6.5,9.25,5.75],"texture":"#0"}}},{"from":[4.5,4,9],"to":[6,5.5,12.1],"rotation":{"angle":-45,"axis":"z","origin":[6,4,10]},"faces":{"north":{"uv":[0,9.75,0.375,10.125],"texture":"#0"},"east":{"uv":[2.5,9.25,3.25,9.625],"texture":"#0"},"south":{"uv":[9.5,9.25,9.875,9.625],"texture":"#0"},"west":{"uv":[1.25,9.25,2,9.625],"texture":"#0"},"up":{"uv":[9.25,5,9.625,5.75],"texture":"#0"},"down":{"uv":[9.25,6.5,9.625,5.75],"texture":"#0"}}},{"from":[9.5,2,9.5],"to":[10.5,4,10.5],"rotation":{"angle":45,"axis":"z","origin":[10,4,10]},"faces":{"north":{"uv":[2,9.75,1.75,10.25],"texture":"#0"},"east":{"uv":[1.75,9.75,1.5,10.25],"texture":"#0"},"south":{"uv":[1.5,9.75,1.25,10.25],"texture":"#0"},"west":{"uv":[2.75,9.75,2.5,10.25],"texture":"#0"},"up":{"uv":[10,0.25,9.75,0.5],"texture":"#0"},"down":{"uv":[4.25,10,4,9.75],"texture":"#0"}}},{"from":[5.5,2,9.5],"to":[6.5,4,10.5],"rotation":{"angle":-45,"axis":"z","origin":[6,4,10]},"faces":{"north":{"uv":[1.75,9.75,2,10.25],"texture":"#0"},"east":{"uv":[2.5,9.75,2.75,10.25],"texture":"#0"},"south":{"uv":[1.25,9.75,1.5,10.25],"texture":"#0"},"west":{"uv":[1.5,9.75,1.75,10.25],"texture":"#0"},"up":{"uv":[9.75,0.25,10,0.5],"texture":"#0"},"down":{"uv":[4,10,4.25,9.75],"texture":"#0"}}},{"from":[6.5,2,11],"to":[9.5,4,12],"rotation":{"angle":0,"axis":"y","origin":[8,1,10]},"faces":{"north":{"uv":[5.5,9,4.75,9.5],"texture":"#0"},"east":{"uv":[0.75,9.75,0.5,10.25],"texture":"#0"},"south":{"uv":[3.25,8.75,2.5,9.25],"texture":"#0"},"west":{"uv":[10,1,9.75,1.5],"texture":"#0"},"up":{"uv":[7.75,7.75,7,8],"texture":"#0"},"down":{"uv":[5,9.75,4.25,9.5],"texture":"#0"}}},{"from":[6,4,9],"to":[10,8,12],"rotation":{"angle":0,"axis":"y","origin":[8,1,10]},"faces":{"north":{"uv":[8,8,7,9],"texture":"#0"},"east":{"uv":[6,8,5.25,9],"texture":"#0"},"south":{"uv":[8.5,2,7.5,3],"texture":"#0"},"west":{"uv":[8.75,8,8,9],"texture":"#0"},"up":{"uv":[1,8.25,0,9],"texture":"#0"},"down":{"uv":[2,9,1,8.25],"texture":"#0"}}},{"from":[10,4,10],"to":[14,8,10],"rotation":{"angle":0,"axis":"y","origin":[8,1,10]},"faces":{"north":{"uv":[7.5,1,8.5,2],"texture":"#0"},"east":{"uv":[0,0,0,1],"texture":"#0"},"south":{"uv":[8.5,1,7.5,2],"texture":"#0"},"west":{"uv":[0,0,0,1],"texture":"#0"},"up":{"uv":[1,0,0,0],"texture":"#0"}}},{"from":[2,4,10],"to":[6,8,10],"rotation":{"angle":0,"axis":"y","origin":[8,1,10]},"faces":{"north":{"uv":[8.5,1,7.5,2],"texture":"#0"},"east":{"uv":[0,0,0,1],"texture":"#0"},"south":{"uv":[7.5,1,8.5,2],"texture":"#0"},"west":{"uv":[0,0,0,1],"texture":"#0"},"up":{"uv":[0,0,1,0],"texture":"#0"}}},{"from":[9,10,5.75],"to":[13,11,7.75],"rotation":{"angle":-22.5,"axis":"z","origin":[5,10,6.75]},"faces":{"north":{"uv":[9.25,7.25,10.25,7],"texture":"#0"},"east":{"uv":[9.5,8,10,7.75],"texture":"#0"},"south":{"uv":[9.25,7.5,10.25,7.25],"texture":"#0"},"west":{"uv":[9.75,0.25,10.25,0],"texture":"#0"},"up":{"uv":[9.5,2.5,8.5,2],"texture":"#0"},"down":{"uv":[9.5,1.5,8.5,2],"texture":"#0"}}},{"from":[9.5,10,4.75],"to":[12.5,12,5.75],"rotation":{"angle":-22.5,"axis":"z","origin":[5,10,6.75]},"faces":{"north":{"uv":[2.5,9.25,3.25,8.75],"texture":"#0"},"east":{"uv":[0.5,10.25,0.75,9.75],"texture":"#0"},"south":{"uv":[4.75,9.5,5.5,9],"texture":"#0"},"west":{"uv":[9.75,1.5,10,1],"texture":"#0"},"up":{"uv":[5,9.75,4.25,9.5],"texture":"#0"},"down":{"uv":[7.75,7.75,7,8],"texture":"#0"}}},{"from":[9,6,4.75],"to":[13,10,8.75],"rotation":{"angle":-22.5,"axis":"z","origin":[5,10,6.75]},"faces":{"north":{"uv":[7.5,3,8.5,2],"texture":"#0"},"east":{"uv":[5.25,9,6.25,8],"texture":"#0"},"south":{"uv":[7,9,8,8],"texture":"#0"},"west":{"uv":[8,9,9,8],"texture":"#0"},"up":{"uv":[2,9.25,1,8.25],"texture":"#0"},"down":{"uv":[1,8.25,0,9.25],"texture":"#0"}}},{"from":[-1,6,8.5],"to":[6,8,9.5],"rotation":{"angle":-45,"axis":"z","origin":[6,6,9]},"faces":{"north":{"uv":[3.75,8.25,2,8.75],"texture":"#0"},"east":{"uv":[3.25,9.75,3,10.25],"texture":"#0"},"south":{"uv":[10,3,8.25,3.5],"texture":"#0"},"west":{"uv":[3,9.75,2.75,10.25],"texture":"#0"},"up":{"uv":[8.75,0.75,10.5,0.5],"texture":"#0"},"down":{"uv":[8.75,0.75,10.5,1],"texture":"#0"}}},{"from":[1,1.5,8.5],"to":[6,3.5,9.5],"rotation":{"angle":0,"axis":"y","origin":[6,1,9]},"faces":{"north":{"uv":[9.5,7.5,8.25,8],"texture":"#0"},"east":{"uv":[4,9.75,3.75,10.25],"texture":"#0"},"south":{"uv":[9.75,1,8.5,1.5],"texture":"#0"},"west":{"uv":[10,3.5,9.75,4],"texture":"#0"},"up":{"uv":[9.25,4.75,10.5,4.5],"texture":"#0"},"down":{"uv":[9.25,4.75,10.5,5],"texture":"#0"}}},{"from":[0,3.75,8.5],"to":[6,5.75,9.5],"rotation":{"angle":-22.5,"axis":"z","origin":[6,3.75,9]},"faces":{"north":{"uv":[9.75,3.5,8.25,4],"texture":"#0"},"east":{"uv":[3.75,9.75,3.5,10.25],"texture":"#0"},"south":{"uv":[9.75,4,8.25,4.5],"texture":"#0"},"west":{"uv":[3.5,9.75,3.25,10.25],"texture":"#0"},"up":{"uv":[8.75,9.25,10.25,9],"texture":"#0"},"down":{"uv":[9,8.75,10.5,9],"texture":"#0"}}}],"gui_light":"front","display":{"thirdperson_righthand":{"rotation":[0,90,0],"translation":[0,5.5,1.75],"scale":[0.45,0.45,0.45]},"thirdperson_lefthand":{"rotation":[0,90,0],"translation":[0,5.5,1.75],"scale":[0.45,0.45,0.45]},"firstperson_righthand":{"rotation":[0,90,20],"translation":[0.5,4.25,0.25],"scale":[0.45,0.45,0.45]},"firstperson_lefthand":{"rotation":[0,90,20],"translation":[0.5,4.25,0.25],"scale":[0.45,0.45,0.45]},"ground":{"translation":[0,7,0],"scale":[0.45,0.45,0.45]},"gui":{"rotation":[0,-180,45],"translation":[2,1.5,-1.5],"scale":[0.5,0.5,0.5]},"head":{"rotation":[-180,-90,0],"translation":[0,10.5,1.75],"scale":[0.6,0.6,0.6]},"fixed":{"rotation":[0,0,-45],"translation":[0,0,-1.5],"scale":[0.6,0.6,0.6]}}}