{"credit":"Made with Blockbench","textures":{"0":"custom_pickaxes:chocolate/chocolate","1":"custom_pickaxes:chocolate/chocolate_animation_1texture","2":"custom_pickaxes:chocolate/chocolate_animation_2texture","particle":"custom_pickaxes:chocolate/chocolate"},"elements":[{"from":[7,-4,7],"to":[9,6,9],"rotation":{"angle":0,"axis":"y","origin":[0,6,0]},"faces":{"north":{"uv":[2.5,3.75,3,6.25],"texture":"#0"},"east":{"uv":[3,3.75,3.5,6.25],"texture":"#0"},"south":{"uv":[3.5,3.75,4,6.25],"texture":"#0"},"west":{"uv":[4,3.75,4.5,6.25],"texture":"#0"},"up":{"uv":[6.25,7.75,5.75,7.25],"texture":"#0"},"down":{"uv":[7.75,5.75,7.25,6.25],"texture":"#0"}}},{"from":[7,6,7],"to":[9,14,9],"rotation":{"angle":0,"axis":"y","origin":[0,6,0]},"faces":{"north":{"uv":[2.5,3.75,3,5.75],"texture":"#0"},"east":{"uv":[3,3.75,3.5,5.75],"texture":"#0"},"south":{"uv":[3.5,3.75,4,5.75],"texture":"#0"},"west":{"uv":[4,3.75,4.5,5.75],"texture":"#0"},"up":{"uv":[6.25,7.75,5.75,7.25],"texture":"#0"},"down":{"uv":[7.75,5.75,7.25,6.25],"texture":"#0"}}},{"from":[5.5,14,5.5],"to":[10.5,17,10.5],"rotation":{"angle":0,"axis":"y","origin":[0,6,0]},"faces":{"north":{"uv":[13.5,1.25,14.75,2],"texture":"#0"},"east":{"uv":[14.75,1.25,16,2],"texture":"#0"},"south":{"uv":[14.75,2,16,2.75],"texture":"#0"},"west":{"uv":[13.5,2,14.75,2.75],"texture":"#0"},"up":{"uv":[14.75,1.25,13.5,0],"texture":"#0"},"down":{"uv":[16,0,14.75,1.25],"texture":"#0"}}},{"from":[10.5,16,7.5],"to":[12.5,17,8.5],"rotation":{"angle":0,"axis":"y","origin":[0,6,0]},"faces":{"north":{"uv":[15,3,15.5,3.25],"texture":"#0"},"east":{"uv":[15.75,3.25,16,3.5],"texture":"#0"},"south":{"uv":[15.5,3,16,3.25],"texture":"#0"},"west":{"uv":[15.5,3.25,15.75,3.5],"texture":"#0"},"up":{"uv":[15.5,3,15,2.75],"texture":"#0"},"down":{"uv":[16,2.75,15.5,3],"texture":"#0"}}},{"from":[10.5,14,7.5],"to":[12.5,15,8.5],"rotation":{"angle":0,"axis":"y","origin":[0,6,0]},"faces":{"north":{"uv":[15,4,15.5,4.25],"texture":"#0"},"east":{"uv":[15.75,4.25,16,4.5],"texture":"#0"},"south":{"uv":[15.5,4,16,4.25],"texture":"#0"},"west":{"uv":[15.5,4.25,15.75,4.5],"texture":"#0"},"up":{"uv":[15.5,4,15,3.75],"texture":"#0"},"down":{"uv":[16,3.75,15.5,4],"texture":"#0"}}},{"from":[11.5,15,7.5],"to":[12.5,16,8.5],"rotation":{"angle":0,"axis":"y","origin":[0,6,0]},"faces":{"north":{"uv":[15,3.5,15.25,3.75],"texture":"#0"},"east":{"uv":[15.75,3.5,16,3.75],"texture":"#0"},"south":{"uv":[15.25,3.5,15.5,3.75],"texture":"#0"},"west":{"uv":[15.5,3.5,15.75,3.75],"texture":"#0"},"up":{"uv":[15.25,3.5,15,3.25],"texture":"#0"},"down":{"uv":[15.5,3.25,15.25,3.5],"texture":"#0"}}},{"from":[5.5,17,7.5],"to":[10.5,22,8.5],"rotation":{"angle":0,"axis":"y","origin":[0,6,0]},"faces":{"north":{"uv":[8.5,0,9.75,1.25],"texture":"#0"},"east":{"uv":[1.5,4.25,1.75,5.5],"texture":"#0"},"south":{"uv":[9.75,0,11,1.25],"texture":"#0"},"west":{"uv":[1.75,4.25,2,5.5],"texture":"#0"},"up":{"uv":[8.5,0.75,7.25,0.5],"texture":"#0"},"down":{"uv":[8.5,3.25,7.25,3.5],"texture":"#0"}}},{"from":[5,22,7],"to":[11,24,9],"rotation":{"angle":0,"axis":"y","origin":[0,1,0]},"faces":{"north":{"uv":[0,5.75,1.5,6.25],"texture":"#0"},"east":{"uv":[3.5,7.75,4,8.25],"texture":"#0"},"south":{"uv":[5.75,3,7.25,3.5],"texture":"#0"},"west":{"uv":[7.75,4.5,8.25,5],"texture":"#0"},"up":{"uv":[7.5,4,6,3.5],"texture":"#0"},"down":{"uv":[7.5,4,6,4.5],"texture":"#0"}}},{"from":[6,24,7.5],"to":[8,26,8.5],"rotation":{"angle":0,"axis":"y","origin":[0,1,0]},"faces":{"north":{"uv":[0,5.75,0.5,6.25],"texture":"#0"},"east":{"uv":[3.5,7.75,3.75,8.25],"texture":"#0"},"south":{"uv":[5.75,3,6.25,3.5],"texture":"#0"},"west":{"uv":[7.75,4.5,8,5],"texture":"#0"},"up":{"uv":[6.5,3.75,6,3.5],"texture":"#0"},"down":{"uv":[6.5,4,6,4.25],"texture":"#0"}}},{"from":[8,23,7.5],"to":[10,25,9.5],"rotation":{"angle":22.5,"axis":"z","origin":[9,24,8.5]},"faces":{"north":{"uv":[0,5.75,0.5,6.25],"texture":"#0"},"east":{"uv":[3.5,7.75,4,8.25],"texture":"#0"},"south":{"uv":[5.75,3,6.25,3.5],"texture":"#0"},"west":{"uv":[7.75,4.5,8.25,5],"texture":"#0"},"up":{"uv":[6.5,4,6,3.5],"texture":"#0"},"down":{"uv":[6.5,4,6,4.5],"texture":"#0"}}},{"from":[6.5,-6,6.5],"to":[9.5,-4,9.5],"rotation":{"angle":0,"axis":"y","origin":[0,6,0]},"faces":{"north":{"uv":[7,6.5,7.75,7],"texture":"#0"},"east":{"uv":[7,7,7.75,7.5],"texture":"#0"},"south":{"uv":[7.25,0,8,0.5],"texture":"#0"},"west":{"uv":[7.25,2.75,8,3.25],"texture":"#0"},"up":{"uv":[0.75,7,0,6.25],"texture":"#0"},"down":{"uv":[1.5,6.25,0.75,7],"texture":"#0"}}},{"from":[7,-8,7],"to":[9,-6,9],"rotation":{"angle":0,"axis":"y","origin":[0,6,0]},"faces":{"north":{"uv":[6.25,7.25,6.75,7.75],"texture":"#0"},"east":{"uv":[0,7.5,0.5,8],"texture":"#0"},"south":{"uv":[0.5,7.5,1,8],"texture":"#0"},"west":{"uv":[7.5,3.5,8,4],"texture":"#0"},"up":{"uv":[8,4.5,7.5,4],"texture":"#0"},"down":{"uv":[7.25,7.5,6.75,8],"texture":"#0"}}},{"from":[6,9,8],"to":[10,15,8],"rotation":{"angle":-45,"axis":"z","origin":[8,9,8]},"faces":{"north":{"uv":[2.5,3,3.5,1.5],"texture":"#0"},"east":{"uv":[0,1.5,0,0],"texture":"#0"},"south":{"uv":[3.5,3,2.5,1.5],"texture":"#0"},"west":{"uv":[0,1.5,0,0],"texture":"#0"},"up":{"uv":[0,0,1,0],"texture":"#0"},"down":{"uv":[0,0,1,0],"texture":"#0"}}},{"from":[8,7,8.25],"to":[13,11,8.25],"rotation":{"angle":0,"axis":"y","origin":[8,9,8]},"faces":{"north":{"uv":[3.5,1.75,2.5,3],"rotation":90,"texture":"#0"},"east":{"uv":[0,0,1,0],"rotation":90,"texture":"#0"},"south":{"uv":[3.5,3,2.5,1.75],"rotation":90,"texture":"#0"},"west":{"uv":[0,0,1,0],"rotation":90,"texture":"#0"},"up":{"uv":[0,1.25,0,0],"rotation":90,"texture":"#0"},"down":{"uv":[0,1.25,0,0],"rotation":90,"texture":"#0"}}},{"from":[12,22,7],"to":[14,24,9],"rotation":{"angle":0,"axis":"y","origin":[0,10,0]},"faces":{"north":{"uv":[6.25,7.75,6.75,7.25],"texture":"#0"},"east":{"uv":[0,8,0.5,7.5],"texture":"#0"},"south":{"uv":[0.5,8,1,7.5],"texture":"#0"},"west":{"uv":[7.5,4,8,3.5],"texture":"#0"},"up":{"uv":[7.25,8,6.75,7.5],"texture":"#0"},"down":{"uv":[8,4,7.5,4.5],"texture":"#0"}}},{"from":[14,20,8.25],"to":[19,24,8.25],"rotation":{"angle":45,"axis":"z","origin":[14,22,8.25]},"faces":{"north":{"uv":[3.5,1.75,2.5,3],"rotation":90,"texture":"#0"},"east":{"uv":[0,0,1,0],"rotation":90,"texture":"#0"},"south":{"uv":[3.5,3,2.5,1.75],"rotation":90,"texture":"#0"},"west":{"uv":[0,0,1,0],"rotation":90,"texture":"#0"},"up":{"uv":[0,1.25,0,0],"rotation":90,"texture":"#0"},"down":{"uv":[0,1.25,0,0],"rotation":90,"texture":"#0"}}},{"from":[2,22,7],"to":[4,24,9],"rotation":{"angle":0,"axis":"y","origin":[16,10,0]},"faces":{"north":{"uv":[6.75,7.75,6.25,7.25],"texture":"#0"},"east":{"uv":[8,4,7.5,3.5],"texture":"#0"},"south":{"uv":[1,8,0.5,7.5],"texture":"#0"},"west":{"uv":[0.5,8,0,7.5],"texture":"#0"},"up":{"uv":[6.75,8,7.25,7.5],"texture":"#0"},"down":{"uv":[7.5,4,8,4.5],"texture":"#0"}}},{"from":[-3,20,8.25],"to":[2,24,8.25],"rotation":{"angle":-45,"axis":"z","origin":[2,22,8.25]},"faces":{"north":{"uv":[3.5,3,2.5,1.75],"rotation":90,"texture":"#0"},"east":{"uv":[0,0,1,0],"rotation":90,"texture":"#0"},"south":{"uv":[3.5,1.75,2.5,3],"rotation":90,"texture":"#0"},"west":{"uv":[0,0,1,0],"rotation":90,"texture":"#0"},"up":{"uv":[0,0,0,1.25],"rotation":90,"texture":"#0"},"down":{"uv":[0,0,0,1.25],"rotation":90,"texture":"#0"}}},{"from":[6,9,8],"to":[10,15,8],"rotation":{"angle":45,"axis":"z","origin":[8,9,8]},"faces":{"north":{"uv":[3.5,3,2.5,1.5],"texture":"#0"},"east":{"uv":[0,1.5,0,0],"texture":"#0"},"south":{"uv":[2.5,3,3.5,1.5],"texture":"#0"},"west":{"uv":[0,1.5,0,0],"texture":"#0"},"up":{"uv":[1,0,0,0],"texture":"#0"},"down":{"uv":[1,0,0,0],"texture":"#0"}}},{"from":[3,7,8.25],"to":[8,11,8.25],"rotation":{"angle":0,"axis":"y","origin":[8,9,8]},"faces":{"north":{"uv":[3.5,3,2.5,1.75],"rotation":90,"texture":"#0"},"east":{"uv":[0,0,1,0],"rotation":90,"texture":"#0"},"south":{"uv":[3.5,1.75,2.5,3],"rotation":90,"texture":"#0"},"west":{"uv":[0,0,1,0],"rotation":90,"texture":"#0"},"up":{"uv":[0,0,0,1.25],"rotation":90,"texture":"#0"},"down":{"uv":[0,0,0,1.25],"rotation":90,"texture":"#0"}}},{"from":[6,-12,8],"to":[10,-6,8],"rotation":{"angle":0,"axis":"y","origin":[8,-6,8]},"faces":{"north":{"uv":[3.5,1.5,2.5,3],"texture":"#0"},"east":{"uv":[0,0,0,1.5],"texture":"#0"},"south":{"uv":[2.5,1.5,3.5,3],"texture":"#0"},"west":{"uv":[0,0,0,1.5],"texture":"#0"},"up":{"uv":[1,0,0,0],"texture":"#0"},"down":{"uv":[1,0,0,0],"texture":"#0"}}},{"from":[3,-8,8.25],"to":[8,-4,8.25],"rotation":{"angle":45,"axis":"z","origin":[8,-6,8]},"faces":{"north":{"uv":[2.5,3,3.5,1.75],"rotation":90,"texture":"#0"},"east":{"uv":[1,0,0,0],"rotation":90,"texture":"#0"},"south":{"uv":[2.5,1.75,3.5,3],"rotation":90,"texture":"#0"},"west":{"uv":[1,0,0,0],"rotation":90,"texture":"#0"},"up":{"uv":[0,0,0,1.25],"rotation":90,"texture":"#0"},"down":{"uv":[0,0,0,1.25],"rotation":90,"texture":"#0"}}},{"from":[8,-7.5,8.25],"to":[13,-3.5,8.25],"rotation":{"angle":-45,"axis":"z","origin":[8,-6,8]},"faces":{"north":{"uv":[2.5,1.75,3.5,3],"rotation":90,"texture":"#0"},"east":{"uv":[1,0,0,0],"rotation":90,"texture":"#0"},"south":{"uv":[2.5,3,3.5,1.75],"rotation":90,"texture":"#0"},"west":{"uv":[1,0,0,0],"rotation":90,"texture":"#0"},"up":{"uv":[0,1.25,0,0],"rotation":90,"texture":"#0"},"down":{"uv":[0,1.25,0,0],"rotation":90,"texture":"#0"}}},{"from":[9.5,-6,7],"to":[13.5,-4,9],"rotation":{"angle":-45,"axis":"z","origin":[9.5,-4,8]},"faces":{"north":{"uv":[1,7,0,7.5],"texture":"#0"},"east":{"uv":[2.5,7.75,2,8.25],"texture":"#0"},"south":{"uv":[8,0.75,7,1.25],"texture":"#0"},"west":{"uv":[7.75,7.5,7.25,8],"texture":"#0"},"up":{"uv":[7,1.75,8,1.25],"texture":"#0"},"down":{"uv":[7,1.75,8,2.25],"texture":"#0"}}},{"from":[10.91421,-8.21764,7.025],"to":[14.91421,-6.26764,8.975],"rotation":{"angle":0,"axis":"y","origin":[9.5,-4,8]},"faces":{"north":{"uv":[2.5,6.75,2,7.75],"rotation":270,"texture":"#0"},"east":{"uv":[5,8.25,5.5,7.75],"rotation":90,"texture":"#0"},"south":{"uv":[3,7,2.5,8],"rotation":90,"texture":"#0"},"west":{"uv":[5.5,7.75,6,8.25],"rotation":90,"texture":"#0"},"up":{"uv":[1.5,7,1,8],"rotation":90,"texture":"#0"},"down":{"uv":[3.5,7,3,8],"rotation":90,"texture":"#0"}}},{"from":[8,20,3.5],"to":[10,22,7.5],"rotation":{"angle":22.5,"axis":"x","origin":[9,20,7.5]},"faces":{"north":{"uv":[5,7.75,5.5,8.25],"texture":"#0"},"east":{"uv":[3.5,2.25,4.5,2.75],"texture":"#0"},"south":{"uv":[5,7.75,5.5,8.25],"texture":"#0"},"west":{"uv":[4.25,3,5.25,3.5],"texture":"#0"},"up":{"uv":[5.5,4.25,4.5,3.75],"rotation":90,"texture":"#0"},"down":{"uv":[5.5,4.5,4.5,5],"rotation":270,"texture":"#0"}}},{"from":[6,20.5,4.5],"to":[7.5,22,7.5],"rotation":{"angle":45,"axis":"x","origin":[7,20.5,7.5]},"faces":{"north":{"uv":[5,7.75,5.375,8.125],"texture":"#0"},"east":{"uv":[3.5,2.25,4.25,2.625],"texture":"#0"},"south":{"uv":[5,7.75,5.375,8.125],"texture":"#0"},"west":{"uv":[4.25,3,5,3.375],"texture":"#0"},"up":{"uv":[5.25,4.125,4.5,3.75],"rotation":90,"texture":"#0"},"down":{"uv":[5.25,4.5,4.5,4.875],"rotation":270,"texture":"#0"}}},{"from":[0.5,19,7],"to":[5.5,22,9],"rotation":{"angle":0,"axis":"y","origin":[5.5,22,8]},"faces":{"north":{"uv":[5,0.75,6.25,1.5],"texture":"#0"},"east":{"uv":[3.5,7,4,7.75],"texture":"#0"},"south":{"uv":[5,1.5,6.25,2.25],"texture":"#0"},"west":{"uv":[4,7.25,4.5,8],"texture":"#0"},"up":{"uv":[7.25,5,6,4.5],"texture":"#0"},"down":{"uv":[7.25,5,6,5.5],"texture":"#0"}}},{"from":[-4.1194,20.93842,7.025],"to":[0.8806,23.88842,8.975],"rotation":{"angle":22.5,"axis":"z","origin":[5.5,22,8]},"faces":{"north":{"uv":[5,2.25,6.25,3],"texture":"#0"},"east":{"uv":[4.5,7.25,5,8],"texture":"#0"},"south":{"uv":[5.25,0,6.5,0.75],"texture":"#0"},"west":{"uv":[7.25,4.5,7.75,5.25],"texture":"#0"},"up":{"uv":[7.25,6,6,5.5],"texture":"#0"},"down":{"uv":[7.25,6,6,6.5],"texture":"#0"}}},{"from":[0.07605,8.87007,7.05],"to":[3.02605,13.82007,8.95],"rotation":{"angle":-45,"axis":"z","origin":[5.5,22,8]},"faces":{"north":{"uv":[4.5,5.25,5.25,6.5],"texture":"#0"},"east":{"uv":[2,4.25,2.5,5.5],"texture":"#0"},"south":{"uv":[5.25,5.25,6,6.5],"texture":"#0"},"west":{"uv":[2,5.5,2.5,6.75],"texture":"#0"},"up":{"uv":[5.75,7.75,5,7.25],"texture":"#0"},"down":{"uv":[8,5.25,7.25,5.75],"texture":"#0"}}},{"from":[10.5,19,7],"to":[15.5,22,9],"rotation":{"angle":0,"axis":"y","origin":[10.5,22,8]},"faces":{"north":{"uv":[6.25,0.75,5,1.5],"texture":"#0"},"east":{"uv":[4.5,7.25,4,8],"texture":"#0"},"south":{"uv":[6.25,1.5,5,2.25],"texture":"#0"},"west":{"uv":[4,7,3.5,7.75],"texture":"#0"},"up":{"uv":[6,5,7.25,4.5],"texture":"#0"},"down":{"uv":[6,5,7.25,5.5],"texture":"#0"}}},{"from":[15.1194,20.93842,7.025],"to":[20.1194,23.88842,8.975],"rotation":{"angle":-22.5,"axis":"z","origin":[10.5,22,8]},"faces":{"north":{"uv":[6.25,2.25,5,3],"texture":"#0"},"east":{"uv":[7.75,4.5,7.25,5.25],"texture":"#0"},"south":{"uv":[6.5,0,5.25,0.75],"texture":"#0"},"west":{"uv":[5,7.25,4.5,8],"texture":"#0"},"up":{"uv":[6,6,7.25,5.5],"texture":"#0"},"down":{"uv":[6,6,7.25,6.5],"texture":"#0"}}},{"from":[12.97395,8.87007,7.05],"to":[15.92395,13.82007,8.95],"rotation":{"angle":45,"axis":"z","origin":[10.5,22,8]},"faces":{"north":{"uv":[5.25,5.25,4.5,6.5],"texture":"#0"},"east":{"uv":[2.5,5.5,2,6.75],"texture":"#0"},"south":{"uv":[6,5.25,5.25,6.5],"texture":"#0"},"west":{"uv":[2.5,4.25,2,5.5],"texture":"#0"},"up":{"uv":[5,7.75,5.75,7.25],"texture":"#0"},"down":{"uv":[7.25,5.25,8,5.75],"texture":"#0"}}},{"from":[2.5,-6,7],"to":[6.5,-4,9],"rotation":{"angle":45,"axis":"z","origin":[6.5,-4,8]},"faces":{"north":{"uv":[0,7,1,7.5],"texture":"#0"},"east":{"uv":[7.25,7.5,7.75,8],"texture":"#0"},"south":{"uv":[7,0.75,8,1.25],"texture":"#0"},"west":{"uv":[2,7.75,2.5,8.25],"texture":"#0"},"up":{"uv":[8,1.75,7,1.25],"texture":"#0"},"down":{"uv":[8,1.75,7,2.25],"texture":"#0"}}},{"from":[1.08579,-8.21764,7.025],"to":[5.08579,-6.26764,8.975],"rotation":{"angle":0,"axis":"y","origin":[6.5,-4,8]},"faces":{"north":{"uv":[2.5,7.75,2,6.75],"rotation":270,"texture":"#0"},"east":{"uv":[5.5,8.25,6,7.75],"rotation":90,"texture":"#0"},"south":{"uv":[3,8,2.5,7],"rotation":90,"texture":"#0"},"west":{"uv":[5,7.75,5.5,8.25],"rotation":90,"texture":"#0"},"up":{"uv":[1.5,8,1,7],"rotation":90,"texture":"#0"},"down":{"uv":[3.5,8,3,7],"rotation":90,"texture":"#0"}}},{"from":[10,15,8],"to":[20,19,8],"rotation":{"angle":-22.5,"axis":"z","origin":[15,17,8]},"faces":{"north":{"uv":[16,0,12,12],"rotation":90,"texture":"#1"},"east":{"uv":[8.25,3.25,7.25,3.25],"rotation":270,"texture":"#0"},"south":{"uv":[12,0,16,12],"rotation":270,"texture":"#1"},"west":{"uv":[8.25,0.5,7.25,0.5],"rotation":270,"texture":"#0"},"up":{"uv":[1.5,4.25,1.5,7.25],"rotation":270,"texture":"#0"},"down":{"uv":[1.75,4.25,1.75,7.25],"rotation":270,"texture":"#0"}}},{"from":[-4,15,8],"to":[6,19,8],"rotation":{"angle":22.5,"axis":"z","origin":[1,17,8]},"faces":{"north":{"uv":[16,12,12,0],"rotation":90,"texture":"#1"},"east":{"uv":[8.25,0.5,7.25,0.5],"rotation":270,"texture":"#0"},"south":{"uv":[12,12,16,0],"rotation":270,"texture":"#1"},"west":{"uv":[8.25,3.25,7.25,3.25],"rotation":270,"texture":"#0"},"up":{"uv":[1.5,7.25,1.5,4.25],"rotation":270,"texture":"#0"},"down":{"uv":[1.75,7.25,1.75,4.25],"rotation":270,"texture":"#0"}}},{"from":[4,17,6],"to":[12,29,6],"rotation":{"angle":0,"axis":"y","origin":[0,6,0]},"faces":{"north":{"uv":[12.5,4,4.5,16],"texture":"#2"},"east":{"uv":[1.5,4.25,1.75,8.5],"texture":"#0"},"south":{"uv":[4.5,4,12.5,16],"texture":"#2"},"west":{"uv":[1.75,4.25,2,8.5],"texture":"#0"},"up":{"uv":[8.5,0.75,7.25,0.5],"texture":"#0"},"down":{"uv":[8.5,3.25,7.25,3.5],"texture":"#0"}}},{"from":[4,17,10],"to":[12,29,10],"rotation":{"angle":0,"axis":"y","origin":[0,6,16]},"faces":{"north":{"uv":[12.5,4,4.5,16],"texture":"#2"},"east":{"uv":[1.75,4.25,1.5,8.5],"texture":"#0"},"south":{"uv":[4.5,4,12.5,16],"texture":"#2"},"west":{"uv":[2,4.25,1.75,8.5],"texture":"#0"},"up":{"uv":[8.5,0.5,7.25,0.75],"texture":"#0"},"down":{"uv":[8.5,3.5,7.25,3.25],"texture":"#0"}}},{"from":[6,20,8.5],"to":[8,22,12.5],"rotation":{"angle":-22.5,"axis":"x","origin":[7,20,8.5]},"faces":{"north":{"uv":[5,7.75,5.5,8.25],"texture":"#0"},"east":{"uv":[4.25,3,5.25,3.5],"texture":"#0"},"south":{"uv":[5,7.75,5.5,8.25],"texture":"#0"},"west":{"uv":[3.5,2.25,4.5,2.75],"texture":"#0"},"up":{"uv":[4.5,3.75,5.5,4.25],"rotation":90,"texture":"#0"},"down":{"uv":[4.5,5,5.5,4.5],"rotation":270,"texture":"#0"}}},{"from":[8.5,20.5,8.5],"to":[10,22,11.5],"rotation":{"angle":-45,"axis":"x","origin":[9,20.5,8.5]},"faces":{"north":{"uv":[5,7.75,5.375,8.125],"texture":"#0"},"east":{"uv":[4.25,3,5,3.375],"texture":"#0"},"south":{"uv":[5,7.75,5.375,8.125],"texture":"#0"},"west":{"uv":[3.5,2.25,4.25,2.625],"texture":"#0"},"up":{"uv":[4.5,3.75,5.25,4.125],"rotation":90,"texture":"#0"},"down":{"uv":[4.5,4.875,5.25,4.5],"rotation":270,"texture":"#0"}}}],"gui_light":"front","display":{"thirdperson_righthand":{"rotation":[0,90,0],"translation":[0,1,1.75],"scale":[0.5,0.5,0.5]},"thirdperson_lefthand":{"rotation":[0,-90,0],"translation":[0,1,1.75],"scale":[0.5,0.5,0.5]},"firstperson_righthand":{"rotation":[0,90,20],"translation":[0.5,-0.25,0.25],"scale":[0.45,0.45,0.45]},"firstperson_lefthand":{"rotation":[0,90,20],"translation":[0.5,-0.25,0.25],"scale":[0.45,0.45,0.45]},"ground":{"translation":[0,2.25,0],"scale":[0.45,0.45,0.45]},"gui":{"rotation":[0,180,45],"translation":[-0.5,-0.5,0],"scale":[0.45,0.45,0.45]},"head":{"rotation":[-180,-90,0],"translation":[0,10.5,1.75],"scale":[0.6,0.6,0.6]},"fixed":{"rotation":[0,0,-45],"translation":[0,0,-1.5],"scale":[0.6,0.6,0.6]}}}