{"credit":"Made with Blockbench","ambientocclusion":false,"texture_size":[64,64],"textures":{"0":"custom_pickaxes:neptune_pickaxe","particle":"custom_pickaxes:neptune_pickaxe"},"elements":[{"from":[8,2.8,7.8],"to":[9,12.7,8.8],"faces":{"north":{"uv":[14.25,1.5,15,7.75],"texture":"#0"},"east":{"uv":[14.25,1.5,15,7.75],"texture":"#0"},"south":{"uv":[14.25,1.5,15,7.75],"texture":"#0"},"west":{"uv":[14.25,1.5,15,7.75],"texture":"#0"},"up":{"uv":[2,0.25,2.75,1],"texture":"#0"},"down":{"uv":[14.25,7,15,7.75],"texture":"#0"}}},{"from":[8,12.7,7.45],"to":[9,13.05,9.2],"faces":{"north":{"uv":[6,0.25,6.5,0.75],"texture":"#0"},"east":{"uv":[14,0.75,15.25,1],"texture":"#0"},"south":{"uv":[6,0.25,6.5,0.75],"texture":"#0"},"west":{"uv":[14,0.75,15.25,1],"texture":"#0"},"up":{"uv":[6.5,0.75,6,0.25],"texture":"#0"},"down":{"uv":[6,0.25,6.5,0.75],"texture":"#0"}}},{"from":[8,13.05,7.05],"to":[9,13.9,9.6],"faces":{"north":{"uv":[6,0.25,6.5,0.75],"texture":"#0"},"east":{"uv":[13.75,0,15.5,0.5],"texture":"#0"},"south":{"uv":[6,0.25,6.5,0.75],"texture":"#0"},"west":{"uv":[13.75,0,15.5,0.5],"texture":"#0"},"up":{"uv":[6.5,0.75,6,0.25],"texture":"#0"},"down":{"uv":[6,0.25,6.5,0.75],"texture":"#0"}}},{"from":[8.25,13.5,10.35],"to":[8.75,13.9,11.1],"faces":{"north":{"uv":[5.75,4,6.25,4.25],"texture":"#0"},"east":{"uv":[5.75,4,6.25,4.25],"texture":"#0"},"south":{"uv":[5.75,4,6.25,4.25],"texture":"#0"},"west":{"uv":[5.75,4,6.25,4.25],"texture":"#0"},"up":{"uv":[6.25,4.25,5.75,4],"texture":"#0"},"down":{"uv":[5.75,4,6.25,4.25],"texture":"#0"}}},{"from":[8.25,16.7,14.9],"to":[8.75,17.1,15.65],"faces":{"north":{"uv":[5.75,4,6.25,4.25],"texture":"#0"},"east":{"uv":[5.75,4,6.25,4.25],"texture":"#0"},"south":{"uv":[5.75,4,6.25,4.25],"texture":"#0"},"west":{"uv":[5.75,4,6.25,4.25],"texture":"#0"},"up":{"uv":[6.25,4.25,5.75,4],"texture":"#0"},"down":{"uv":[5.75,4,6.25,4.25],"texture":"#0"}}},{"from":[8.25,16.7,1.05],"to":[8.75,17.1,1.8],"faces":{"north":{"uv":[5.75,4,6.25,4.25],"texture":"#0"},"east":{"uv":[5.75,4,6.25,4.25],"texture":"#0"},"south":{"uv":[5.75,4,6.25,4.25],"texture":"#0"},"west":{"uv":[5.75,4,6.25,4.25],"texture":"#0"},"up":{"uv":[6.25,4.25,5.75,4],"texture":"#0"},"down":{"uv":[5.75,4,6.25,4.25],"texture":"#0"}}},{"from":[8,15.9,-0.1],"to":[9,16.3,0.65],"faces":{"north":{"uv":[5.75,4,6.25,4.25],"texture":"#0"},"east":{"uv":[5.75,4,6.25,4.25],"texture":"#0"},"south":{"uv":[5.75,4,6.25,4.25],"texture":"#0"},"west":{"uv":[5.75,4,6.25,4.25],"texture":"#0"},"up":{"uv":[6.25,4.25,5.75,4],"texture":"#0"},"down":{"uv":[5.75,4,6.25,4.25],"texture":"#0"}}},{"from":[8,15.9,16.05],"to":[9,16.3,16.8],"faces":{"north":{"uv":[5.75,4,6.25,4.25],"texture":"#0"},"east":{"uv":[5.75,4,6.25,4.25],"texture":"#0"},"south":{"uv":[5.75,4,6.25,4.25],"texture":"#0"},"west":{"uv":[5.75,4,6.25,4.25],"texture":"#0"},"up":{"uv":[6.25,4.25,5.75,4],"texture":"#0"},"down":{"uv":[5.75,4,6.25,4.25],"texture":"#0"}}},{"from":[8,15.55,16.05],"to":[9,15.9,17.2],"faces":{"north":{"uv":[5.75,4,6.25,4.25],"texture":"#0"},"east":{"uv":[2.25,6,3,6.25],"texture":"#0"},"south":{"uv":[5.75,4,6.25,4.25],"texture":"#0"},"west":{"uv":[8.75,6,9.5,6.25],"texture":"#0"},"up":{"uv":[6.25,4.25,5.75,4],"texture":"#0"},"down":{"uv":[5.75,4,6.25,4.25],"texture":"#0"}}},{"from":[8,15.55,-0.5],"to":[9,15.9,0.65],"faces":{"north":{"uv":[5.75,4,6.25,4.25],"texture":"#0"},"east":{"uv":[8.75,6,9.5,6.25],"texture":"#0"},"south":{"uv":[5.75,4,6.25,4.25],"texture":"#0"},"west":{"uv":[2.25,6,3,6.25],"texture":"#0"},"up":{"uv":[6.25,4.25,5.75,4],"texture":"#0"},"down":{"uv":[5.75,4,6.25,4.25],"texture":"#0"}}},{"from":[8,14.8,-1.2],"to":[9,15.15,-0.05],"faces":{"north":{"uv":[9.5,7,10,7.25],"texture":"#0"},"east":{"uv":[9.25,7,10,7.25],"texture":"#0"},"south":{"uv":[8.75,6.5,9.25,6.75],"texture":"#0"},"west":{"uv":[1.75,7,2.5,7.25],"texture":"#0"},"up":{"uv":[9.75,7.25,9.25,7],"texture":"#0"},"down":{"uv":[9.25,7,9.75,7.25],"texture":"#0"}}},{"from":[8.5,14.8,-0.05],"to":[8.5,15.15,1.85],"faces":{"north":{"uv":[9.5,7,10,7.25],"texture":"#0"},"east":{"uv":[7.75,7.5,9,7.75],"texture":"#0"},"south":{"uv":[8.75,6.5,9.25,6.75],"texture":"#0"},"west":{"uv":[2.5,7.5,3.75,7.75],"texture":"#0"},"up":{"uv":[9.75,7.25,9.25,7],"texture":"#0"},"down":{"uv":[9.25,7,9.75,7.25],"texture":"#0"}}},{"from":[8.5,14.35,-1.2],"to":[8.5,14.8,3.4],"faces":{"north":{"uv":[9.5,7,10,7.25],"texture":"#0"},"east":{"uv":[6.75,7.75,9.75,8],"texture":"#0"},"south":{"uv":[8.75,6.5,9.25,6.75],"texture":"#0"},"west":{"uv":[1.75,7.75,4.75,8],"texture":"#0"},"up":{"uv":[9.75,7.25,9.25,7],"texture":"#0"},"down":{"uv":[9.25,7,9.75,7.25],"texture":"#0"}}},{"from":[8.5,13.5,15.4],"to":[8.5,13.9,19.2],"faces":{"north":{"uv":[9.5,7,10,7.25],"texture":"#0"},"east":{"uv":[1,8.25,3,8.5],"texture":"#0"},"south":{"uv":[8.75,6.5,9.25,6.75],"texture":"#0"},"west":{"uv":[8.5,8.25,10.5,8.5],"texture":"#0"},"up":{"uv":[9.75,7.25,9.25,7],"texture":"#0"},"down":{"uv":[9.25,7,9.75,7.25],"texture":"#0"}}},{"from":[8.5,13.5,-2.5],"to":[8.5,13.9,1.3],"faces":{"north":{"uv":[9.5,7,10,7.25],"texture":"#0"},"east":{"uv":[8.5,8.25,10.5,8.5],"texture":"#0"},"south":{"uv":[8.75,6.5,9.25,6.75],"texture":"#0"},"west":{"uv":[1,8.25,3,8.5],"texture":"#0"},"up":{"uv":[9.75,7.25,9.25,7],"texture":"#0"},"down":{"uv":[9.25,7,9.75,7.25],"texture":"#0"}}},{"from":[8.5,13.1,-2.95],"to":[8.5,13.5,-0.6],"faces":{"north":{"uv":[9.5,7,10,7.25],"texture":"#0"},"east":{"uv":[9.5,8.5,10.75,8.75],"texture":"#0"},"south":{"uv":[8.75,6.5,9.25,6.75],"texture":"#0"},"west":{"uv":[0.75,8.5,2,8.75],"texture":"#0"},"up":{"uv":[9.75,7.25,9.25,7],"texture":"#0"},"down":{"uv":[9.25,7,9.75,7.25],"texture":"#0"}}},{"from":[8.5,13.1,17.3],"to":[8.5,13.5,19.65],"faces":{"north":{"uv":[9.5,7,10,7.25],"texture":"#0"},"east":{"uv":[0.75,8.5,2,8.75],"texture":"#0"},"south":{"uv":[8.75,6.5,9.25,6.75],"texture":"#0"},"west":{"uv":[9.5,8.5,10.75,8.75],"texture":"#0"},"up":{"uv":[9.75,7.25,9.25,7],"texture":"#0"},"down":{"uv":[9.25,7,9.75,7.25],"texture":"#0"}}},{"from":[8.5,12.7,-3.45],"to":[8.5,13.1,-1.1],"faces":{"north":{"uv":[9.5,7,10,7.25],"texture":"#0"},"east":{"uv":[9.75,8.75,11,9],"texture":"#0"},"south":{"uv":[8.75,6.5,9.25,6.75],"texture":"#0"},"west":{"uv":[0.5,8.75,1.75,9],"texture":"#0"},"up":{"uv":[9.75,7.25,9.25,7],"texture":"#0"},"down":{"uv":[9.25,7,9.75,7.25],"texture":"#0"}}},{"from":[8.5,12.7,17.75],"to":[8.5,13.1,20.1],"faces":{"north":{"uv":[9.5,7,10,7.25],"texture":"#0"},"east":{"uv":[0.5,8.75,1.75,9],"texture":"#0"},"south":{"uv":[8.75,6.5,9.25,6.75],"texture":"#0"},"west":{"uv":[9.75,8.75,11,9],"texture":"#0"},"up":{"uv":[9.75,7.25,9.25,7],"texture":"#0"},"down":{"uv":[9.25,7,9.75,7.25],"texture":"#0"}}},{"from":[8.5,12.3,17.75],"to":[8.5,12.7,20.1],"faces":{"north":{"uv":[9.5,7,10,7.25],"texture":"#0"},"east":{"uv":[0.5,9,1.75,9.25],"texture":"#0"},"south":{"uv":[8.75,6.5,9.25,6.75],"texture":"#0"},"west":{"uv":[9.75,9,11,9.25],"texture":"#0"},"up":{"uv":[9.75,7.25,9.25,7],"texture":"#0"},"down":{"uv":[9.25,7,9.75,7.25],"texture":"#0"}}},{"from":[8.5,12.3,-3.45],"to":[8.5,12.7,-1.1],"faces":{"north":{"uv":[9.5,7,10,7.25],"texture":"#0"},"east":{"uv":[9.75,9.25,11,9],"texture":"#0"},"south":{"uv":[8.75,6.5,9.25,6.75],"texture":"#0"},"west":{"uv":[0.5,9,1.75,9.25],"texture":"#0"},"up":{"uv":[9.75,7.25,9.25,7],"texture":"#0"},"down":{"uv":[9.25,7,9.75,7.25],"texture":"#0"}}},{"from":[8.5,14.35,13.25],"to":[8.5,14.8,17.95],"faces":{"north":{"uv":[9.5,7,10,7.25],"texture":"#0"},"east":{"uv":[1.75,7.75,4.75,8],"texture":"#0"},"south":{"uv":[8.75,6.5,9.25,6.75],"texture":"#0"},"west":{"uv":[6.75,7.75,9.75,8],"texture":"#0"},"up":{"uv":[9.75,7.25,9.25,7],"texture":"#0"},"down":{"uv":[9.25,7,9.75,7.25],"texture":"#0"}}},{"from":[8.5,13.9,11.8],"to":[8.5,14.35,18.75],"faces":{"north":{"uv":[9.5,7,10,7.25],"texture":"#0"},"east":{"uv":[1.25,8,5.5,8.25],"texture":"#0"},"south":{"uv":[8.75,6.5,9.25,6.75],"texture":"#0"},"west":{"uv":[6,8,10.25,8.25],"texture":"#0"},"up":{"uv":[9.75,7.25,9.25,7],"texture":"#0"},"down":{"uv":[9.25,7,9.75,7.25],"texture":"#0"}}},{"from":[8.5,13.9,-2],"to":[8.5,14.35,4.85],"faces":{"north":{"uv":[9.5,7,10,7.25],"texture":"#0"},"east":{"uv":[6,8,10.25,8.25],"texture":"#0"},"south":{"uv":[8.75,6.5,9.25,6.75],"texture":"#0"},"west":{"uv":[1.25,8,5.5,8.25],"texture":"#0"},"up":{"uv":[9.75,7.25,9.25,7],"texture":"#0"},"down":{"uv":[9.25,7,9.75,7.25],"texture":"#0"}}},{"from":[8.5,14.8,14.8],"to":[8.5,15.15,16.8],"faces":{"north":{"uv":[9.5,7,10,7.25],"texture":"#0"},"east":{"uv":[2.5,7.5,3.75,7.75],"texture":"#0"},"south":{"uv":[8.75,6.5,9.25,6.75],"texture":"#0"},"west":{"uv":[7.75,7.5,9,7.75],"texture":"#0"},"up":{"uv":[9.75,7.25,9.25,7],"texture":"#0"},"down":{"uv":[9.25,7,9.75,7.25],"texture":"#0"}}},{"from":[8,14.8,16.8],"to":[9,15.15,17.95],"faces":{"north":{"uv":[9.5,7,10,7.25],"texture":"#0"},"east":{"uv":[9.25,7,10,7.25],"texture":"#0"},"south":{"uv":[8.75,6.5,9.25,6.75],"texture":"#0"},"west":{"uv":[1.75,7,2.5,7.25],"texture":"#0"},"up":{"uv":[9.75,7.25,9.25,7],"texture":"#0"},"down":{"uv":[9.25,7,9.75,7.25],"texture":"#0"}}},{"from":[8,14.36,17.95],"to":[9,14.81,18.35],"faces":{"north":{"uv":[4,3,4.5,3.25],"texture":"#0"},"east":{"uv":[4,3,4.75,3.25],"texture":"#0"},"south":{"uv":[4,3,4.5,3.25],"texture":"#0"},"west":{"uv":[4,3,4.75,3.25],"texture":"#0"},"up":{"uv":[4.5,3.25,4,3],"texture":"#0"},"down":{"uv":[4,3,4.5,3.25],"texture":"#0"}}},{"from":[8,14.36,-1.6],"to":[9,14.81,-1.2],"faces":{"north":{"uv":[4,3,4.5,3.25],"texture":"#0"},"east":{"uv":[4,3,4.75,3.25],"texture":"#0"},"south":{"uv":[4,3,4.5,3.25],"texture":"#0"},"west":{"uv":[4,3,4.75,3.25],"texture":"#0"},"up":{"uv":[4.5,3.25,4,3],"texture":"#0"},"down":{"uv":[4,3,4.5,3.25],"texture":"#0"}}},{"from":[8,15.15,-0.85],"to":[9,15.55,0.65],"faces":{"north":{"uv":[8.75,6.5,9.25,6.75],"texture":"#0"},"east":{"uv":[8.75,6.5,9.75,6.75],"texture":"#0"},"south":{"uv":[5.75,4,6.25,4.25],"texture":"#0"},"west":{"uv":[2,6.5,3,6.75],"texture":"#0"},"up":{"uv":[9.25,6.75,8.75,6.5],"texture":"#0"},"down":{"uv":[8.75,6.5,9.25,6.75],"texture":"#0"}}},{"from":[8,15.15,16.05],"to":[9,15.55,17.55],"faces":{"north":{"uv":[8.75,6.5,9.25,6.75],"texture":"#0"},"east":{"uv":[8.75,6.5,9.75,6.75],"texture":"#0"},"south":{"uv":[9,6.5,9.5,6.75],"texture":"#0"},"west":{"uv":[2,6.5,3,6.75],"texture":"#0"},"up":{"uv":[9.25,6.75,8.75,6.5],"texture":"#0"},"down":{"uv":[9,6.5,9.5,6.75],"texture":"#0"}}},{"from":[8.25,13.5,5.55],"to":[8.75,13.9,6.3],"faces":{"north":{"uv":[5.75,4,6.25,4.25],"texture":"#0"},"east":{"uv":[5.75,4,6.25,4.25],"texture":"#0"},"south":{"uv":[5.75,4,6.25,4.25],"texture":"#0"},"west":{"uv":[5.75,4,6.25,4.25],"texture":"#0"},"up":{"uv":[6.25,4.25,5.75,4],"texture":"#0"},"down":{"uv":[5.75,4,6.25,4.25],"texture":"#0"}}},{"from":[8.15,17.1,3.4],"to":[8.85,17.5,3.8],"faces":{"north":{"uv":[6.25,3.75,6.75,4],"texture":"#0"},"east":{"uv":[6.25,3.75,6.75,4],"texture":"#0"},"south":{"uv":[6.25,3.75,6.75,4],"texture":"#0"},"west":{"uv":[6.25,3.75,6.75,4],"texture":"#0"},"up":{"uv":[6.75,4,6.25,3.75],"texture":"#0"},"down":{"uv":[6.25,3.75,6.75,4],"texture":"#0"}}},{"from":[8.15,17.1,12.9],"to":[8.85,17.5,13.3],"faces":{"north":{"uv":[6.25,3.75,6.75,4],"texture":"#0"},"east":{"uv":[6.25,3.75,6.75,4],"texture":"#0"},"south":{"uv":[6.25,3.75,6.75,4],"texture":"#0"},"west":{"uv":[6.25,3.75,6.75,4],"texture":"#0"},"up":{"uv":[6.75,4,6.25,3.75],"texture":"#0"},"down":{"uv":[6.25,3.75,6.75,4],"texture":"#0"}}},{"from":[8,15.15,0.65],"to":[9,16.7,3.4],"faces":{"north":{"uv":[3.25,5.25,4,6.25],"texture":"#0"},"east":{"uv":[6.75,5.25,8.5,6.25],"texture":"#0"},"south":{"uv":[4.25,5.25,5,6.25],"texture":"#0"},"west":{"uv":[3.25,5.25,5,6.25],"texture":"#0"},"up":{"uv":[5.75,1,7.5,0.25],"rotation":90,"texture":"#0"},"down":{"uv":[5.75,0.25,7.5,1],"rotation":90,"texture":"#0"}}},{"from":[8,15.15,13.3],"to":[9,16.7,16.05],"faces":{"north":{"uv":[4.25,5.25,5,6.25],"texture":"#0"},"east":{"uv":[3.25,5.25,5,6.25],"texture":"#0"},"south":{"uv":[7.75,5.25,8.5,6.25],"texture":"#0"},"west":{"uv":[6.75,5.25,8.5,6.25],"texture":"#0"},"up":{"uv":[7.5,1,5.75,0.25],"rotation":90,"texture":"#0"},"down":{"uv":[7.5,0.25,5.75,1],"rotation":90,"texture":"#0"}}},{"from":[8.25,14.8,13.3],"to":[8.75,15.2,14.85],"faces":{"north":{"uv":[4,6.5,5,6.75],"texture":"#0"},"east":{"uv":[4,6.5,5,6.75],"texture":"#0"},"south":{"uv":[6.75,6.5,7.75,6.75],"texture":"#0"},"west":{"uv":[6.75,6.5,7.75,6.75],"texture":"#0"},"up":{"uv":[5,6.75,4,6.5],"rotation":90,"texture":"#0"},"down":{"uv":[4,6.5,5,6.75],"rotation":90,"texture":"#0"}}},{"from":[8.25,14.8,1.85],"to":[8.75,15.2,3.4],"faces":{"north":{"uv":[4,6.5,5,6.75],"texture":"#0"},"east":{"uv":[4,6.5,5,6.75],"texture":"#0"},"south":{"uv":[6.75,6.5,7.75,6.75],"texture":"#0"},"west":{"uv":[6.75,6.5,7.75,6.75],"texture":"#0"},"up":{"uv":[5,6.75,4,6.5],"rotation":90,"texture":"#0"},"down":{"uv":[4,6.5,5,6.75],"rotation":90,"texture":"#0"}}},{"from":[8,13.9,4.85],"to":[9,14.35,11.8],"faces":{"north":{"uv":[4,6.5,5,6.75],"texture":"#0"},"east":{"uv":[2,3.75,6.75,4],"texture":"#0"},"south":{"uv":[6.75,6.5,7.75,6.75],"texture":"#0"},"west":{"uv":[2,3.75,6.75,4],"texture":"#0"},"up":{"uv":[5,6.75,4,6.5],"rotation":90,"texture":"#0"},"down":{"uv":[2,0.25,6.75,1],"rotation":90,"texture":"#0"}}},{"from":[8,14.35,3.4],"to":[9,17.1,13.3],"faces":{"north":{"uv":[7.75,2,8.75,3.75],"texture":"#0"},"east":{"uv":[1.25,2,7.5,3.75],"texture":"#0"},"south":{"uv":[7.75,2,8.75,3.75],"texture":"#0"},"west":{"uv":[1.25,2,7.5,3.75],"texture":"#0"},"up":{"uv":[7.5,1,1.25,0.25],"rotation":90,"texture":"#0"},"down":{"uv":[1.25,0.25,7.5,1],"rotation":90,"texture":"#0"}}},{"from":[9,14.35,8.15],"to":[9.25,14.75,8.55],"faces":{"north":{"uv":[14.75,12.25,15,12.5],"texture":"#0"},"east":{"uv":[14.75,12.25,15,12.5],"texture":"#0"},"south":{"uv":[15,12.25,14.75,12.5],"texture":"#0"},"west":{"uv":[14.75,12.25,15,12.5],"texture":"#0"},"up":{"uv":[15,12.5,14.75,12.25],"rotation":90,"texture":"#0"},"down":{"uv":[14.75,12.5,15,12.25],"rotation":90,"texture":"#0"}}},{"from":[9,14.75,7.75],"to":[9.25,15.15,8.95],"faces":{"north":{"uv":[14.5,11.75,14.75,12],"texture":"#0"},"east":{"uv":[14.5,11.75,15.25,12],"texture":"#0"},"south":{"uv":[14.75,11.75,14.5,12],"texture":"#0"},"west":{"uv":[14.5,11.75,15.25,12],"texture":"#0"},"up":{"uv":[15.25,12,14.5,11.75],"rotation":90,"texture":"#0"},"down":{"uv":[14.5,12,15.25,11.75],"rotation":90,"texture":"#0"}}},{"from":[9,15.15,7.35],"to":[9.25,15.55,9.35],"faces":{"north":{"uv":[14.25,11.25,14.5,11.5],"texture":"#0"},"east":{"uv":[14.25,11.25,15.5,11.5],"texture":"#0"},"south":{"uv":[14.5,11.25,14.25,11.5],"texture":"#0"},"west":{"uv":[14.25,11.25,15.5,11.5],"texture":"#0"},"up":{"uv":[15.5,11.5,14.25,11.25],"rotation":90,"texture":"#0"},"down":{"uv":[14.25,11.5,15.5,11.25],"rotation":90,"texture":"#0"}}},{"from":[9,18.2,7.35],"to":[9.25,18.6,9.35],"faces":{"north":{"uv":[14,10.75,14.25,11],"texture":"#0"},"east":{"uv":[14.25,8.25,15.5,8.5],"texture":"#0"},"south":{"uv":[14.25,10.75,14,11],"texture":"#0"},"west":{"uv":[14.25,8.25,15.5,8.5],"texture":"#0"},"up":{"uv":[15.5,8.5,14.25,8.25],"rotation":90,"texture":"#0"},"down":{"uv":[14.25,8.5,15.5,8.25],"rotation":90,"texture":"#0"}}},{"from":[9,15.55,6.95],"to":[9.25,15.95,9.75],"faces":{"north":{"uv":[14,10.75,14.25,11],"texture":"#0"},"east":{"uv":[14,10.75,15.75,11],"texture":"#0"},"south":{"uv":[14.25,10.75,14,11],"texture":"#0"},"west":{"uv":[14,10.75,15.75,11],"texture":"#0"},"up":{"uv":[15.75,11,14,10.75],"rotation":90,"texture":"#0"},"down":{"uv":[14,11,15.75,10.75],"rotation":90,"texture":"#0"}}},{"from":[8.95,17.8,6.95],"to":[9.25,18.2,9.75],"faces":{"north":{"uv":[14,10.75,14.25,11],"texture":"#0"},"east":{"uv":[14,8.75,15.75,9],"texture":"#0"},"south":{"uv":[14.25,10.75,14,11],"texture":"#0"},"west":{"uv":[14,8.75,15.75,9],"texture":"#0"},"up":{"uv":[15.75,9,14,8.75],"rotation":90,"texture":"#0"},"down":{"uv":[14,9,15.75,8.75],"rotation":90,"texture":"#0"}}},{"from":[8.95,15.95,6.55],"to":[9.25,17.8,10.15],"faces":{"north":{"uv":[13.75,9.25,14,10.5],"texture":"#0"},"east":{"uv":[13.75,9.25,16,10.5],"texture":"#0"},"south":{"uv":[13.75,9.25,14,10.5],"texture":"#0"},"west":{"uv":[13.75,9.25,16,10.5],"texture":"#0"},"up":{"uv":[16,9.5,13.75,9.25],"rotation":90,"texture":"#0"},"down":{"uv":[13.75,9.5,16,9.25],"rotation":90,"texture":"#0"}}},{"from":[7.75,18.2,7.35],"to":[8,18.6,9.35],"faces":{"north":{"uv":[14,10.75,14.25,11],"texture":"#0"},"east":{"uv":[14.25,8.25,15.5,8.5],"texture":"#0"},"south":{"uv":[14.25,10.75,14,11],"texture":"#0"},"west":{"uv":[14.25,8.25,15.5,8.5],"texture":"#0"},"up":{"uv":[15.5,8.5,14.25,8.25],"rotation":90,"texture":"#0"},"down":{"uv":[14.25,8.5,15.5,8.25],"rotation":90,"texture":"#0"}}},{"from":[7.75,17.8,6.95],"to":[8.05,18.2,9.75],"faces":{"north":{"uv":[14,10.75,14.25,11],"texture":"#0"},"east":{"uv":[14,8.75,15.75,9],"texture":"#0"},"south":{"uv":[14.25,10.75,14,11],"texture":"#0"},"west":{"uv":[14,8.75,15.75,9],"texture":"#0"},"up":{"uv":[15.75,9,14,8.75],"rotation":90,"texture":"#0"},"down":{"uv":[14,9,15.75,8.75],"rotation":90,"texture":"#0"}}},{"from":[7.75,15.95,6.55],"to":[8.05,17.8,10.15],"faces":{"north":{"uv":[13.75,9.25,14,10.5],"texture":"#0"},"east":{"uv":[13.75,9.25,16,10.5],"texture":"#0"},"south":{"uv":[13.75,9.25,14,10.5],"texture":"#0"},"west":{"uv":[13.75,9.25,16,10.5],"texture":"#0"},"up":{"uv":[16,9.5,13.75,9.25],"rotation":90,"texture":"#0"},"down":{"uv":[13.75,9.5,16,9.25],"rotation":90,"texture":"#0"}}},{"from":[7.75,15.55,6.95],"to":[8,15.95,9.75],"faces":{"north":{"uv":[14,10.75,14.25,11],"texture":"#0"},"east":{"uv":[14,10.75,15.75,11],"texture":"#0"},"south":{"uv":[14.25,10.75,14,11],"texture":"#0"},"west":{"uv":[14,10.75,15.75,11],"texture":"#0"},"up":{"uv":[15.75,11,14,10.75],"rotation":90,"texture":"#0"},"down":{"uv":[14,11,15.75,10.75],"rotation":90,"texture":"#0"}}},{"from":[7.75,15.15,7.35],"to":[8,15.55,9.35],"faces":{"north":{"uv":[14.25,11.25,14.5,11.5],"texture":"#0"},"east":{"uv":[14.25,11.25,15.5,11.5],"texture":"#0"},"south":{"uv":[14.5,11.25,14.25,11.5],"texture":"#0"},"west":{"uv":[14.25,11.25,15.5,11.5],"texture":"#0"},"up":{"uv":[15.5,11.5,14.25,11.25],"rotation":90,"texture":"#0"},"down":{"uv":[14.25,11.5,15.5,11.25],"rotation":90,"texture":"#0"}}},{"from":[7.75,14.75,7.75],"to":[8,15.15,8.95],"faces":{"north":{"uv":[14.5,11.75,14.75,12],"texture":"#0"},"east":{"uv":[14.5,11.75,15.25,12],"texture":"#0"},"south":{"uv":[14.75,11.75,14.5,12],"texture":"#0"},"west":{"uv":[14.5,11.75,15.25,12],"texture":"#0"},"up":{"uv":[15.25,12,14.5,11.75],"rotation":90,"texture":"#0"},"down":{"uv":[14.5,12,15.25,11.75],"rotation":90,"texture":"#0"}}},{"from":[7.75,14.35,8.15],"to":[8,14.75,8.55],"faces":{"north":{"uv":[14.75,12.25,15,12.5],"texture":"#0"},"east":{"uv":[14.75,12.25,15,12.5],"texture":"#0"},"south":{"uv":[15,12.25,14.75,12.5],"texture":"#0"},"west":{"uv":[14.75,12.25,15,12.5],"texture":"#0"},"up":{"uv":[15,12.5,14.75,12.25],"rotation":90,"texture":"#0"},"down":{"uv":[14.75,12.5,15,12.25],"rotation":90,"texture":"#0"}}},{"from":[8.5,5.2,8.8],"to":[8.5,12.1,9.1],"faces":{"north":{"uv":[8,8.25,8.25,9],"texture":"#missing"},"east":{"uv":[15.75,2,16,6.25],"texture":"#0"},"south":{"uv":[8,8.25,8.25,9],"texture":"#missing"},"west":{"uv":[16,2,15.75,6.25],"texture":"#0"},"up":{"uv":[8,8.25,8.25,8.5],"texture":"#missing"},"down":{"uv":[8,8.75,8.25,9],"texture":"#missing"}}},{"from":[8.5,5.2,7.5],"to":[8.5,12.1,7.8],"faces":{"north":{"uv":[8,8.25,8.25,9],"texture":"#missing"},"east":{"uv":[13.25,2,13.5,6.25],"texture":"#0"},"south":{"uv":[8,8.25,8.25,9],"texture":"#missing"},"west":{"uv":[13.5,2,13.25,6.25],"texture":"#0"},"up":{"uv":[8,8.25,8.25,8.5],"texture":"#missing"},"down":{"uv":[8,8.75,8.25,9],"texture":"#missing"}}},{"from":[7.7,4,8.1],"to":[8,5.2,8.5],"faces":{"north":{"uv":[13.25,6.5,13.5,7.25],"texture":"#0"},"east":{"uv":[13.25,6.5,13.5,7.25],"texture":"#0"},"south":{"uv":[13.25,6.5,13.5,7.25],"texture":"#0"},"west":{"uv":[13.25,6.5,13.5,7.25],"texture":"#0"},"up":{"uv":[14.5,6,14.75,6.25],"texture":"#0"},"down":{"uv":[13.25,7,13.5,7.25],"texture":"#0"}}},{"from":[8.3,4,8.8],"to":[8.7,5.2,9.1],"faces":{"north":{"uv":[13.25,6.5,13.5,7.25],"texture":"#0"},"east":{"uv":[13.25,6.5,13.5,7.25],"texture":"#0"},"south":{"uv":[13.25,6.5,13.5,7.25],"texture":"#0"},"west":{"uv":[13.25,6.5,13.5,7.25],"texture":"#0"},"up":{"uv":[14.5,6,14.75,6.25],"texture":"#0"},"down":{"uv":[13.25,7,13.5,7.25],"texture":"#0"}}},{"from":[8.3,4,7.5],"to":[8.7,5.2,7.8],"faces":{"north":{"uv":[13.25,6.5,13.5,7.25],"texture":"#0"},"east":{"uv":[13.25,6.5,13.5,7.25],"texture":"#0"},"south":{"uv":[13.25,6.5,13.5,7.25],"texture":"#0"},"west":{"uv":[13.25,6.5,13.5,7.25],"texture":"#0"},"up":{"uv":[14.5,6,14.75,6.25],"texture":"#0"},"down":{"uv":[13.25,7,13.5,7.25],"texture":"#0"}}},{"from":[9,4,8.1],"to":[9.3,5.2,8.5],"faces":{"north":{"uv":[13.25,6.5,13.5,7.25],"texture":"#0"},"east":{"uv":[13.25,6.5,13.5,7.25],"texture":"#0"},"south":{"uv":[13.25,6.5,13.5,7.25],"texture":"#0"},"west":{"uv":[13.25,6.5,13.5,7.25],"texture":"#0"},"up":{"uv":[14.5,6,14.75,6.25],"texture":"#0"},"down":{"uv":[13.25,7,13.5,7.25],"texture":"#0"}}},{"from":[8.3,2.5,8.1],"to":[8.7,2.8,8.5],"faces":{"north":{"uv":[14.5,7.75,14.75,8],"texture":"#0"},"east":{"uv":[14.5,7.75,14.75,8],"texture":"#0"},"south":{"uv":[14.5,7.75,14.75,8],"texture":"#0"},"west":{"uv":[14.75,7.75,14.5,8],"texture":"#0"},"up":{"uv":[14.5,7.75,14.75,8],"texture":"#0"},"down":{"uv":[14.5,7.75,14.75,8],"texture":"#0"}}}],"display":{"thirdperson_righthand":{"translation":[-0.5,-1.5,1.25],"scale":[0.85,0.85,0.85]},"thirdperson_lefthand":{"translation":[-0.5,-1.5,1.25],"scale":[0.85,0.85,0.85]},"firstperson_righthand":{"rotation":[20,0,4],"translation":[2,0,-1],"scale":[0.7,0.7,0.7]},"firstperson_lefthand":{"rotation":[15,0,5],"translation":[2.75,0,-1],"scale":[0.7,0.7,0.7]},"ground":{"translation":[0,1.75,0],"scale":[0.7,0.7,0.7]},"gui":{"rotation":[-90,133,90],"translation":[-3.25,-2.75,0],"scale":[0.8,0.8,0.8]},"fixed":{"rotation":[-90,48.5,90],"translation":[4,-4,0]}}}