{"credit":"Made with Blockbench","textures":{"0":"custom_pickaxes:pumpkin_pickaxe","particle":"custom_pickaxes:pumpkin_pickaxe"},"elements":[{"from":[7.5,4.1,7],"to":[8.5,20.1,8],"faces":{"north":{"uv":[7,0.25,7.5,8.25],"texture":"#0"},"east":{"uv":[7,0.25,7.5,8.25],"texture":"#0"},"south":{"uv":[7,0.25,7.5,8.25],"texture":"#0"},"west":{"uv":[7,0.25,7.5,8.25],"texture":"#0"},"up":{"uv":[7,7.75,7.5,8.25],"texture":"#0"},"down":{"uv":[7,7,7.5,7.5],"texture":"#0"}}},{"from":[7.275,6.575,6.775],"to":[8.725,16.225,8.225],"faces":{"north":{"uv":[7.75,3.5,8.5,8.25],"texture":"#0"},"east":{"uv":[8.75,3.5,9.5,8.25],"texture":"#0"},"south":{"uv":[7.75,3.5,8.5,8.25],"texture":"#0"},"west":{"uv":[8.75,3.5,9.5,8.25],"texture":"#0"},"up":{"uv":[7,7.75,7.5,8.25],"texture":"#0"},"down":{"uv":[7,7,7.5,7.5],"texture":"#0"}}},{"from":[6.5,16.55,6],"to":[9.5,19.55,9],"rotation":{"angle":0,"axis":"y","origin":[8,18.05,7.5]},"faces":{"north":{"uv":[3.5,3.5,6.75,6.75],"texture":"#0"},"east":{"uv":[3.5,3.5,6.75,6.75],"texture":"#0"},"south":{"uv":[6.75,3.5,3.5,6.75],"texture":"#0"},"west":{"uv":[3.5,3.5,6.75,6.75],"texture":"#0"},"up":{"uv":[0,0,3.25,3.25],"texture":"#0"},"down":{"uv":[0,0,3.25,3.25],"texture":"#0"}}},{"from":[7,5.6,6.5],"to":[9,6.6,8.5],"faces":{"north":{"uv":[5.75,7,6.75,7.5],"texture":"#0"},"east":{"uv":[5.75,7,6.75,7.5],"texture":"#0"},"south":{"uv":[5.75,7,6.75,7.5],"texture":"#0"},"west":{"uv":[5.75,7,6.75,7.5],"texture":"#0"},"up":{"uv":[5.75,7.75,6.75,8.75],"texture":"#0"},"down":{"uv":[5.75,7.75,6.75,8.75],"texture":"#0"}}},{"from":[7,19.6,6.5],"to":[9,20.6,8.5],"faces":{"north":{"uv":[5.75,7,6.75,7.5],"texture":"#0"},"east":{"uv":[5.75,7,6.75,7.5],"texture":"#0"},"south":{"uv":[5.75,7,6.75,7.5],"texture":"#0"},"west":{"uv":[5.75,7,6.75,7.5],"texture":"#0"},"up":{"uv":[5.75,7.75,6.75,8.75],"texture":"#0"},"down":{"uv":[5.75,7.75,6.75,8.75],"texture":"#0"}}},{"from":[9.5,19.55,6.4],"to":[12.2,19.55,8.6],"rotation":{"angle":0,"axis":"y","origin":[2.5,-0.05,0]},"faces":{"north":{"uv":[5.75,7,6.75,7.5],"texture":"#0"},"east":{"uv":[5.75,7,6.75,7.5],"texture":"#0"},"south":{"uv":[5.75,7,6.75,7.5],"texture":"#0"},"west":{"uv":[5.75,7,6.75,7.5],"texture":"#0"},"up":{"uv":[7.75,0,9,1.5],"rotation":270,"texture":"#0"},"down":{"uv":[7.75,0,9,1.5],"rotation":270,"texture":"#0"}}},{"from":[9.5,16.55,6.4],"to":[12.2,16.55,8.6],"rotation":{"angle":0,"axis":"y","origin":[2.5,-3.05,0]},"faces":{"north":{"uv":[5.75,7,6.75,7.5],"texture":"#0"},"east":{"uv":[5.75,7,6.75,7.5],"texture":"#0"},"south":{"uv":[5.75,7,6.75,7.5],"texture":"#0"},"west":{"uv":[5.75,7,6.75,7.5],"texture":"#0"},"up":{"uv":[7.75,1.75,9,3.25],"rotation":270,"texture":"#0"},"down":{"uv":[7.75,0,9,1.5],"rotation":270,"texture":"#0"}}},{"from":[3.8,16.55,6.4],"to":[6.5,16.55,8.6],"rotation":{"angle":0,"axis":"y","origin":[13.5,-3.05,0]},"faces":{"north":{"uv":[6.75,7,5.75,7.5],"texture":"#0"},"east":{"uv":[6.75,7,5.75,7.5],"texture":"#0"},"south":{"uv":[6.75,7,5.75,7.5],"texture":"#0"},"west":{"uv":[6.75,7,5.75,7.5],"texture":"#0"},"up":{"uv":[7.75,3.25,9,1.75],"rotation":270,"texture":"#0"},"down":{"uv":[7.75,1.5,9,0],"rotation":270,"texture":"#0"}}},{"from":[3.8,19.55,6.4],"to":[6.5,19.55,8.6],"rotation":{"angle":0,"axis":"y","origin":[13.5,-0.05,0]},"faces":{"north":{"uv":[6.75,7,5.75,7.5],"texture":"#0"},"east":{"uv":[6.75,7,5.75,7.5],"texture":"#0"},"south":{"uv":[6.75,7,5.75,7.5],"texture":"#0"},"west":{"uv":[6.75,7,5.75,7.5],"texture":"#0"},"up":{"uv":[7.75,1.5,9,0],"rotation":270,"texture":"#0"},"down":{"uv":[7.75,1.5,9,0],"rotation":270,"texture":"#0"}}},{"from":[7,3.1,6.5],"to":[9,4.1,8.5],"faces":{"north":{"uv":[5.75,7,6.75,7.5],"texture":"#0"},"east":{"uv":[5.75,7,6.75,7.5],"texture":"#0"},"south":{"uv":[5.75,7,6.75,7.5],"texture":"#0"},"west":{"uv":[5.75,7,6.75,7.5],"texture":"#0"},"up":{"uv":[5.75,7.75,6.75,8.75],"texture":"#0"},"down":{"uv":[5.75,7.75,6.75,8.75],"texture":"#0"}}},{"from":[-3,12.1,7.5],"to":[8,20.1,7.5],"rotation":{"angle":0,"axis":"y","origin":[12,12,7.5]},"faces":{"north":{"uv":[5.5,7,0.25,10.5],"texture":"#0"},"east":{"uv":[7,0.25,7.5,8.25],"texture":"#0"},"south":{"uv":[0.25,7,5.5,10.5],"texture":"#0"},"west":{"uv":[7,0.25,7.5,8.25],"texture":"#0"},"up":{"uv":[7,7.75,7.5,8.25],"texture":"#0"},"down":{"uv":[0.25,7,5.5,10.5],"texture":"#0"}}},{"from":[8,12.1,7.5],"to":[19,20.1,7.5],"rotation":{"angle":0,"axis":"y","origin":[12,12,7.5]},"faces":{"north":{"uv":[0.25,7,5.5,10.5],"texture":"#0"},"east":{"uv":[7,0.25,7.5,8.25],"texture":"#0"},"south":{"uv":[5.5,7,0.25,10.5],"texture":"#0"},"west":{"uv":[7,0.25,7.5,8.25],"texture":"#0"},"up":{"uv":[7,7.75,7.5,8.25],"texture":"#0"},"down":{"uv":[0.25,7,5.5,10.5],"texture":"#0"}}},{"from":[9.2,16.625,6.9],"to":[12.1,19.525,6.9],"rotation":{"angle":-22.5,"axis":"y","origin":[10.6,18.125,7.4]},"faces":{"north":{"uv":[3.5,7.25,5,8.5],"texture":"#0"},"east":{"uv":[7,0.25,7.5,8.25],"texture":"#0"},"south":{"uv":[5,7,3.5,8.75],"texture":"#0"},"west":{"uv":[7,0.25,7.5,8.25],"texture":"#0"},"up":{"uv":[7,7.75,7.5,8.25],"texture":"#0"},"down":{"uv":[0.25,7,5.5,10.5],"texture":"#0"}}},{"from":[9.2,16.55,8],"to":[12.1,19.55,8],"rotation":{"angle":22.5,"axis":"y","origin":[10.9,18.05,7.5]},"faces":{"north":{"uv":[3.5,7,5,8.75],"texture":"#0"},"east":{"uv":[7,0.25,7.5,8.25],"texture":"#0"},"south":{"uv":[5,7.25,3.5,8.5],"texture":"#0"},"west":{"uv":[7,0.25,7.5,8.25],"texture":"#0"},"up":{"uv":[7,7.75,7.5,8.25],"texture":"#0"},"down":{"uv":[0.25,7,5.5,10.5],"texture":"#0"}}},{"from":[3.9,16.625,6.9],"to":[6.8,19.525,6.9],"rotation":{"angle":22.5,"axis":"y","origin":[5.4,18.125,7.4]},"faces":{"north":{"uv":[5,7.25,3.5,8.5],"texture":"#0"},"east":{"uv":[7.5,0.25,7,8.25],"texture":"#0"},"south":{"uv":[3.5,7,5,8.75],"texture":"#0"},"west":{"uv":[7.5,0.25,7,8.25],"texture":"#0"},"up":{"uv":[7.5,7.75,7,8.25],"texture":"#0"},"down":{"uv":[5.5,7,0.25,10.5],"texture":"#0"}}},{"from":[3.9,16.55,8],"to":[6.8,19.55,8],"rotation":{"angle":-22.5,"axis":"y","origin":[5.1,18.05,7.5]},"faces":{"north":{"uv":[5,7,3.5,8.75],"texture":"#0"},"east":{"uv":[7.5,0.25,7,8.25],"texture":"#0"},"south":{"uv":[3.5,7.25,5,8.5],"texture":"#0"},"west":{"uv":[7.5,0.25,7,8.25],"texture":"#0"},"up":{"uv":[7.5,7.75,7,8.25],"texture":"#0"},"down":{"uv":[5.5,7,0.25,10.5],"texture":"#0"}}}],"display":{"thirdperson_righthand":{"rotation":[0,90,0],"translation":[0.75,1.2,1.5],"scale":[0.7,0.7,0.7]},"thirdperson_lefthand":{"rotation":[0,-90,0],"translation":[-0.5,1.2,1.5],"scale":[0.7,0.7,0.7]},"firstperson_righthand":{"rotation":[0,90,20],"translation":[1,1,0.25],"scale":[0.55,0.55,0.55]},"firstperson_lefthand":{"rotation":[0,90,20],"translation":[1,1,0.25],"scale":[0.55,0.55,0.55]},"ground":{"scale":[0.65,0.65,0.65]},"gui":{"rotation":[0,-180,45],"translation":[-3,-3,-0.5],"scale":[0.75,0.75,0.75]}}}