{"credit":"Made with Blockbench","texture_size":[64,64],"textures":{"0":"custom_pickaxes:warlock_pickaxe/warlock","1":"custom_pickaxes:warlock_pickaxe/warlock_animation","particle":"custom_pickaxes:warlock_pickaxe/warlock"},"elements":[{"from":[4,12,5.5],"to":[12,18,10.5],"rotation":{"angle":0,"axis":"y","origin":[0,15,16]},"faces":{"north":{"uv":[3,0,5,1.5],"texture":"#0"},"east":{"uv":[5,1.5,6.25,3],"texture":"#0"},"south":{"uv":[3,1.5,5,3],"texture":"#0"},"west":{"uv":[5,3,6.25,4.5],"texture":"#0"},"up":{"uv":[5,5.75,3,4.5],"texture":"#0"},"down":{"uv":[2,5,0,6.25],"texture":"#0"}}},{"from":[0,21,8],"to":[16,29,8],"rotation":{"angle":0,"axis":"y","origin":[0,15,16]},"faces":{"north":{"uv":[0,3,16,11],"texture":"#1"},"east":{"uv":[5,1.5,6.25,3],"texture":"#0"},"south":{"uv":[16,3,0,11],"texture":"#1"},"west":{"uv":[5,3,6.25,4.5],"texture":"#0"},"down":{"uv":[2,5,0,6.25],"texture":"#0"}}},{"from":[0,11,5.25],"to":[16,14,5.25],"rotation":{"angle":0,"axis":"y","origin":[0,15,16]},"faces":{"north":{"uv":[0,13,16,16],"texture":"#1"},"east":{"uv":[5,1.5,6.25,3],"texture":"#0"},"south":{"uv":[16,13,0,16],"texture":"#1"},"west":{"uv":[5,3,6.25,4.5],"texture":"#0"},"down":{"uv":[2,5,0,6.25],"texture":"#0"}}},{"from":[4,18,5.5],"to":[12,24,5.5],"rotation":{"angle":0,"axis":"y","origin":[0,15,16]},"faces":{"north":{"uv":[3,3,5,4.5],"texture":"#0"},"east":{"uv":[0,0,0,1.5],"texture":"#0"},"south":{"uv":[5,3,3,4.5],"texture":"#0"},"west":{"uv":[0,0,0,1.5],"texture":"#0"},"up":{"uv":[2,0,0,0],"texture":"#0"},"down":{"uv":[2,0,0,0],"texture":"#0"}}},{"from":[4,18,10.5],"to":[12,24,10.5],"rotation":{"angle":0,"axis":"y","origin":[0,15,0]},"faces":{"north":{"uv":[3,3,5,4.5],"texture":"#0"},"east":{"uv":[0,0,0,1.5],"texture":"#0"},"south":{"uv":[5,3,3,4.5],"texture":"#0"},"west":{"uv":[0,0,0,1.5],"texture":"#0"},"up":{"uv":[2,0,0,0],"texture":"#0"},"down":{"uv":[2,0,0,0],"texture":"#0"}}},{"from":[4,18,5.5],"to":[4,24,10.5],"rotation":{"angle":0,"axis":"y","origin":[0,15,16]},"faces":{"north":{"uv":[0,0,0,1.5],"texture":"#0"},"east":{"uv":[6.25,0,5,1.5],"texture":"#0"},"west":{"uv":[5,0,6.25,1.5],"texture":"#0"},"up":{"uv":[0,1.25,0,0],"texture":"#0"},"down":{"uv":[0,0,0,1.25],"texture":"#0"}}},{"from":[12,18,5.5],"to":[12,24,10.5],"rotation":{"angle":0,"axis":"y","origin":[16,15,16]},"faces":{"north":{"uv":[0,0,0,1.5],"texture":"#0"},"east":{"uv":[6.25,0,5,1.5],"texture":"#0"},"west":{"uv":[5,0,6.25,1.5],"texture":"#0"},"up":{"uv":[0,1.25,0,0],"texture":"#0"},"down":{"uv":[0,0,0,1.25],"texture":"#0"}}},{"from":[6.5,7.5,5.5],"to":[9.5,10.5,10.5],"rotation":{"angle":45,"axis":"z","origin":[8,9,8]},"faces":{"north":{"uv":[8.5,0.75,9.25,1.5],"texture":"#0"},"east":{"uv":[6.25,5.75,7.5,6.5],"texture":"#0"},"south":{"uv":[9.25,0.75,8.5,1.5],"texture":"#0"},"west":{"uv":[3.25,6.5,4.5,7.25],"texture":"#0"},"up":{"uv":[5.25,7.75,4.5,6.5],"texture":"#0"},"down":{"uv":[6,6.5,5.25,7.75],"texture":"#0"}}},{"from":[7.5,8.5,6.5],"to":[12.5,13.5,9.5],"rotation":{"angle":45,"axis":"z","origin":[8,9,8]},"faces":{"north":{"uv":[5,4.5,6.25,5.75],"texture":"#0"},"east":{"uv":[1.5,7,2.25,8.25],"texture":"#0"},"south":{"uv":[2,5.75,3.25,7],"texture":"#0"},"west":{"uv":[2.25,7,3,8.25],"texture":"#0"},"up":{"uv":[4.25,8,3,7.25],"texture":"#0"},"down":{"uv":[8.5,3.75,7.25,4.5],"texture":"#0"}}},{"from":[6.5,-11,6.5],"to":[9.5,9,9.5],"rotation":{"angle":0,"axis":"y","origin":[0,15,16]},"faces":{"north":{"uv":[0,0,0.75,5],"texture":"#0"},"east":{"uv":[0.75,0,1.5,5],"texture":"#0"},"south":{"uv":[0.75,0,0,5],"texture":"#0"},"west":{"uv":[2.25,0,3,5],"texture":"#0"},"up":{"uv":[3,9,2.25,8.25],"texture":"#0"},"down":{"uv":[9,4.5,8.25,5.25],"texture":"#0"}}},{"from":[6.5,-16,6.5],"to":[9.5,-11,9.5],"rotation":{"angle":0,"axis":"y","origin":[0,15,16]},"faces":{"north":{"uv":[6,6.5,6.75,7.75],"texture":"#0"},"east":{"uv":[6.75,6.5,7.5,7.75],"texture":"#0"},"south":{"uv":[0,7,0.75,8.25],"texture":"#0"},"west":{"uv":[0.75,7,1.5,8.25],"texture":"#0"},"up":{"uv":[9.25,4.25,8.5,3.5],"texture":"#0"},"down":{"uv":[4.5,8.5,3.75,9.25],"texture":"#0"}}},{"from":[6.75,-12.25,6],"to":[9.25,-9.75,10],"rotation":{"angle":-45,"axis":"z","origin":[8,-11,8]},"faces":{"north":{"uv":[4.5,8.5,5.125,9.125],"texture":"#0"},"east":{"uv":[2,5,3,5.625],"texture":"#0"},"south":{"uv":[5.25,8.5,5.875,9.125],"texture":"#0"},"west":{"uv":[7.75,0,8.75,0.625],"texture":"#0"},"up":{"uv":[8.375,1.75,7.75,0.75],"texture":"#0"},"down":{"uv":[8.375,1.75,7.75,2.75],"texture":"#0"}}},{"from":[-6,14,6.5],"to":[0,17,9.5],"rotation":{"angle":22.5,"axis":"z","origin":[0,17,8]},"faces":{"north":{"uv":[3.25,5.75,4.75,6.5],"texture":"#0"},"east":{"uv":[3,8,3.75,8.75],"texture":"#0"},"south":{"uv":[4.75,5.75,6.25,6.5],"texture":"#0"},"west":{"uv":[0,8.25,0.75,9],"texture":"#0"},"up":{"uv":[1.5,7,0,6.25],"texture":"#0"},"down":{"uv":[7.75,0,6.25,0.75],"texture":"#0"}}},{"from":[-6,14.75,7.25],"to":[-4,16.25,8.75],"rotation":{"angle":-22.5,"axis":"z","origin":[0,17,8]},"faces":{"north":{"uv":[10.875,0,10.375,0.375],"texture":"#0"},"east":{"uv":[11.25,0,10.875,0.375],"texture":"#0"},"south":{"uv":[10.875,0,10.375,0.375],"texture":"#0"},"west":{"uv":[11.25,0,10.875,0.375],"texture":"#0"},"up":{"uv":[10.875,0,10.375,0.375],"texture":"#0"},"down":{"uv":[10.875,0,10.375,0.375],"texture":"#0"}}},{"from":[-4,14.25,6.75],"to":[0,16.75,9.25],"rotation":{"angle":-22.5,"axis":"z","origin":[0,17,8]},"faces":{"north":{"uv":[10.375,0,9.375,0.625],"texture":"#0"},"east":{"uv":[10,0.625,9.375,1.25],"texture":"#0"},"south":{"uv":[10.375,0,9.375,0.625],"texture":"#0"},"west":{"uv":[10,0.625,9.375,1.25],"texture":"#0"},"up":{"uv":[10.375,0,9.375,0.625],"texture":"#0"},"down":{"uv":[10.375,0,9.375,0.625],"texture":"#0"}}},{"from":[0,13.5,6],"to":[4,17,10],"rotation":{"angle":0,"axis":"y","origin":[4,14,8]},"faces":{"north":{"uv":[7.25,4.5,8.25,5.375],"texture":"#0"},"east":{"uv":[7.5,5.5,8.5,6.375],"texture":"#0"},"south":{"uv":[7.5,6.5,8.5,7.375],"texture":"#0"},"west":{"uv":[7.5,7.5,8.5,8.375],"texture":"#0"},"up":{"uv":[7.25,4.75,6.25,3.75],"texture":"#0"},"down":{"uv":[7.25,4.75,6.25,5.75],"texture":"#0"}}},{"from":[16,14,6.5],"to":[22,17,9.5],"rotation":{"angle":-22.5,"axis":"z","origin":[16,17,8]},"faces":{"north":{"uv":[4.75,5.75,3.25,6.5],"texture":"#0"},"east":{"uv":[0.75,8.25,0,9],"texture":"#0"},"south":{"uv":[6.25,5.75,4.75,6.5],"texture":"#0"},"west":{"uv":[3.75,8,3,8.75],"texture":"#0"},"up":{"uv":[0,7,1.5,6.25],"texture":"#0"},"down":{"uv":[6.25,0,7.75,0.75],"texture":"#0"}}},{"from":[12,13.5,6],"to":[16,17,10],"rotation":{"angle":0,"axis":"y","origin":[12,14,8]},"faces":{"north":{"uv":[8.25,4.5,7.25,5.375],"texture":"#0"},"east":{"uv":[8.5,7.5,7.5,8.375],"texture":"#0"},"south":{"uv":[8.5,6.5,7.5,7.375],"texture":"#0"},"west":{"uv":[8.5,5.5,7.5,6.375],"texture":"#0"},"up":{"uv":[6.25,4.75,7.25,3.75],"texture":"#0"},"down":{"uv":[6.25,4.75,7.25,5.75],"texture":"#0"}}},{"from":[20,14.75,7.25],"to":[22,16.25,8.75],"rotation":{"angle":22.5,"axis":"z","origin":[16,17,8]},"faces":{"north":{"uv":[10.375,0,10.875,0.375],"texture":"#0"},"east":{"uv":[10.875,0,11.25,0.375],"texture":"#0"},"south":{"uv":[10.375,0,10.875,0.375],"texture":"#0"},"west":{"uv":[10.875,0,11.25,0.375],"texture":"#0"},"up":{"uv":[10.375,0,10.875,0.375],"texture":"#0"},"down":{"uv":[10.375,0,10.875,0.375],"texture":"#0"}}},{"from":[16,14.25,6.75],"to":[20,16.75,9.25],"rotation":{"angle":22.5,"axis":"z","origin":[16,17,8]},"faces":{"north":{"uv":[9.375,0,10.375,0.625],"texture":"#0"},"east":{"uv":[9.375,0.625,10,1.25],"texture":"#0"},"south":{"uv":[9.375,0,10.375,0.625],"texture":"#0"},"west":{"uv":[9.375,0.625,10,1.25],"texture":"#0"},"up":{"uv":[9.375,0,10.375,0.625],"texture":"#0"},"down":{"uv":[9.375,0,10.375,0.625],"texture":"#0"}}},{"from":[-1.83416,6.26538,6.975],"to":[0.16584,11.26538,8.975],"rotation":{"angle":-45,"axis":"z","origin":[0,17,8]},"faces":{"north":{"uv":[6.25,0.75,7.5,1.25],"rotation":90,"texture":"#0"},"east":{"uv":[7.5,3,6.25,3.5],"rotation":270,"texture":"#0"},"south":{"uv":[6.25,1.5,7.5,2],"rotation":270,"texture":"#0"},"west":{"uv":[7.5,2.75,6.25,2.25],"rotation":270,"texture":"#0"},"up":{"uv":[0.75,8.25,1.25,8.75],"rotation":270,"texture":"#0"},"down":{"uv":[1.5,8.25,2,8.75],"rotation":270,"texture":"#0"}}},{"from":[15.83416,6.26538,6.975],"to":[17.83416,11.26538,8.975],"rotation":{"angle":45,"axis":"z","origin":[16,17,8]},"faces":{"north":{"uv":[6.25,1.25,7.5,0.75],"rotation":90,"texture":"#0"},"east":{"uv":[7.5,2.25,6.25,2.75],"rotation":270,"texture":"#0"},"south":{"uv":[6.25,2,7.5,1.5],"rotation":270,"texture":"#0"},"west":{"uv":[7.5,3.5,6.25,3],"rotation":270,"texture":"#0"},"up":{"uv":[0.75,8.75,1.25,8.25],"rotation":270,"texture":"#0"},"down":{"uv":[1.5,8.75,2,8.25],"rotation":270,"texture":"#0"}}},{"from":[-5.34056,4.59307,7.475],"to":[-4.34056,7.59307,8.475],"rotation":{"angle":-22.5,"axis":"z","origin":[0,17,8]},"faces":{"north":{"uv":[6.25,0.75,7,1],"rotation":90,"texture":"#0"},"east":{"uv":[7,3,6.25,3.25],"rotation":270,"texture":"#0"},"south":{"uv":[6.25,1.5,7,1.75],"rotation":270,"texture":"#0"},"west":{"uv":[7,2.5,6.25,2.25],"rotation":270,"texture":"#0"},"up":{"uv":[0.75,8.25,1,8.5],"rotation":270,"texture":"#0"},"down":{"uv":[1.5,8.25,1.75,8.5],"rotation":270,"texture":"#0"}}},{"from":[20.34056,4.59307,7.475],"to":[21.34056,7.59307,8.475],"rotation":{"angle":22.5,"axis":"z","origin":[16,17,8]},"faces":{"north":{"uv":[6.25,1,7,0.75],"rotation":90,"texture":"#0"},"east":{"uv":[7,2.25,6.25,2.5],"rotation":270,"texture":"#0"},"south":{"uv":[6.25,1.75,7,1.5],"rotation":270,"texture":"#0"},"west":{"uv":[7,3.25,6.25,3],"rotation":270,"texture":"#0"},"up":{"uv":[0.75,8.5,1,8.25],"rotation":270,"texture":"#0"},"down":{"uv":[1.5,8.5,1.75,8.25],"rotation":270,"texture":"#0"}}},{"from":[3,9.5,6.75],"to":[7,12,9.25],"rotation":{"angle":22.5,"axis":"z","origin":[5,12,8]},"faces":{"north":{"uv":[7.75,2.75,8.75,3.375],"texture":"#0"},"east":{"uv":[8.5,5.25,9.125,5.875],"texture":"#0"},"south":{"uv":[4.25,7.75,5.25,8.375],"texture":"#0"},"west":{"uv":[6,8.5,6.625,9.125],"texture":"#0"},"up":{"uv":[6.25,8.375,5.25,7.75],"texture":"#0"},"down":{"uv":[7.25,7.75,6.25,8.375],"texture":"#0"}}},{"from":[-0.0391,10.80343,7.25],"to":[2.9609,12.30343,8.75],"rotation":{"angle":45,"axis":"z","origin":[5,12,8]},"faces":{"north":{"uv":[8.5,2.25,9.25,2.625],"texture":"#0"},"east":{"uv":[1.5,6.25,1.875,6.625],"texture":"#0"},"south":{"uv":[8.5,6,9.25,6.375],"texture":"#0"},"west":{"uv":[3.75,8,4.125,8.375],"texture":"#0"},"up":{"uv":[9.25,6.875,8.5,6.5],"texture":"#0"},"down":{"uv":[7.5,8.5,6.75,8.875],"texture":"#0"}}},{"from":[9,9.5,6.75],"to":[13,12,9.25],"rotation":{"angle":-22.5,"axis":"z","origin":[11,12,8]},"faces":{"north":{"uv":[8.75,2.75,7.75,3.375],"texture":"#0"},"east":{"uv":[6.625,8.5,6,9.125],"texture":"#0"},"south":{"uv":[5.25,7.75,4.25,8.375],"texture":"#0"},"west":{"uv":[9.125,5.25,8.5,5.875],"texture":"#0"},"up":{"uv":[5.25,8.375,6.25,7.75],"texture":"#0"},"down":{"uv":[6.25,7.75,7.25,8.375],"texture":"#0"}}},{"from":[13.0391,10.80343,7.25],"to":[16.0391,12.30343,8.75],"rotation":{"angle":-45,"axis":"z","origin":[11,12,8]},"faces":{"north":{"uv":[9.25,2.25,8.5,2.625],"texture":"#0"},"east":{"uv":[4.125,8,3.75,8.375],"texture":"#0"},"south":{"uv":[9.25,6,8.5,6.375],"texture":"#0"},"west":{"uv":[1.875,6.25,1.5,6.625],"texture":"#0"},"up":{"uv":[8.5,6.875,9.25,6.5],"texture":"#0"},"down":{"uv":[6.75,8.5,7.5,8.875],"texture":"#0"}}}],"display":{"thirdperson_righthand":{"rotation":[0,90,0],"translation":[0,4,1.5],"scale":[0.5,0.5,0.5]},"thirdperson_lefthand":{"rotation":[0,90,0],"translation":[0,4,1.5],"scale":[0.5,0.5,0.5]},"firstperson_righthand":{"rotation":[0,90,20],"translation":[1.25,2.75,0],"scale":[0.45,0.45,0.45]},"firstperson_lefthand":{"rotation":[0,90,20],"translation":[1.25,2.75,0],"scale":[0.45,0.45,0.45]},"ground":{"translation":[0,6.25,0],"scale":[0.5,0.5,0.5]},"gui":{"rotation":[0,0,-45],"translation":[0.5,0.25,0],"scale":[0.45,0.45,0.45]},"head":{"translation":[0,14,0],"scale":[0.5,0.5,0.5]},"fixed":{"rotation":[0,0,-45],"translation":[0.5,0.5,0],"scale":[0.5,0.5,0.5]}}}