{"parent":"minecraft:item/generated","textures":{"layer0":"minecraft:item/leather_horse_armor"},"overrides":[{"predicate":{"custom_model_data":10000},"model":"hmccosmetics:item/beanie"},{"predicate":{"custom_model_data":10001},"model":"hmccosmetics:item/paintbrush"},{"predicate":{"custom_model_data":10002},"model":"hmccosmetics:item/explorer_backpack"},{"predicate":{"custom_model_data":10003},"model":"hmccosmetics:item/earth_day_grabber"},{"predicate":{"custom_model_data":10004},"model":"hmccosmetics:item/explorer_backpack_thirdperson"},{"predicate":{"custom_model_data":10005},"model":"item/leather_horse_armor"}]}