{"parent":"minecraft:item/handheld","textures":{"layer0":"minecraft:item/netherite_pickaxe"},"overrides":[{"predicate":{"custom_model_data":10001},"model":"custom_pickaxes:chocolate_pickaxe"},{"predicate":{"custom_model_data":10002},"model":"custom_pickaxes:chaotics_pickaxe"},{"predicate":{"custom_model_data":10003},"model":"custom_pickaxes:celestial_pickaxe"},{"predicate":{"custom_model_data":10004},"model":"custom_pickaxes:candy_pickaxe"},{"predicate":{"custom_model_data":10005},"model":"custom_pickaxes:bloody_pickaxe"},{"predicate":{"custom_model_data":10006},"model":"custom_pickaxes:antler_pickaxe"},{"predicate":{"custom_model_data":10007},"model":"custom_pickaxes:angelic_pickaxe"},{"predicate":{"custom_model_data":10008},"model":"custom_pickaxes:orcish_pickaxe"},{"predicate":{"custom_model_data":10009},"model":"custom_pickaxes:pumpkin_pickaxe"},{"predicate":{"custom_model_data":10010},"model":"custom_pickaxes:sakura_pickaxe"},{"predicate":{"custom_model_data":10011},"model":"custom_pickaxes:shark_pickaxe"},{"predicate":{"custom_model_data":10012},"model":"custom_pickaxes:skeleton_pickaxe"},{"predicate":{"custom_model_data":10013},"model":"custom_pickaxes:soulless_pickaxe"},{"predicate":{"custom_model_data":10014},"model":"custom_pickaxes:warlock_pickaxe"},{"predicate":{"custom_model_data":10015},"model":"custom_pickaxes:winter_pickaxe"},{"predicate":{"custom_model_data":10016},"model":"custom_pickaxes:magma_pickaxe"},{"predicate":{"custom_model_data":10017},"model":"custom_pickaxes:necrodius_pickaxe"},{"predicate":{"custom_model_data":10018},"model":"custom_pickaxes:necrotic_pickaxe"},{"predicate":{"custom_model_data":10019},"model":"custom_pickaxes:neptune_pickaxe"},{"predicate":{"custom_model_data":10020},"model":"custom_pickaxes:paladin_pickaxe"},{"predicate":{"custom_model_data":10021},"model":"custom_pickaxes:penguin_pickaxe"},{"predicate":{"custom_model_data":10022},"model":"custom_pickaxes:ia_auto_gen/blue_pickaxe"},{"predicate":{"custom_model_data":10023},"model":"custom_pickaxes:ia_auto_gen/fire_pickaxe"},{"predicate":{"custom_model_data":10024},"model":"custom_pickaxes:ia_auto_gen/purple_pickaxe"},{"predicate":{"custom_model_data":10025},"model":"custom_pickaxes:ia_auto_gen/rainbow_pickaxe"},{"predicate":{"custom_model_data":10026},"model":"custom_pickaxes:ia_auto_gen/red_pickaxe"},{"predicate":{"custom_model_data":10027},"model":"custom_pickaxes:ia_auto_gen/water_pickaxe"},{"predicate":{"custom_model_data":10028},"model":"item/netherite_pickaxe"}]}