{"parent":"minecraft:item/handheld","textures":{"layer0":"minecraft:item/netherite_sword"},"overrides":[{"predicate":{"custom_model_data":10000},"model":"custom_swords:adventure_sword"},{"predicate":{"custom_model_data":10001},"model":"custom_swords:beat_sword"},{"predicate":{"custom_model_data":10002},"model":"custom_swords:candy_sword"},{"predicate":{"custom_model_data":10003},"model":"custom_swords:cupid_sword"},{"predicate":{"custom_model_data":10004},"model":"custom_swords:deem_sword"},{"predicate":{"custom_model_data":10005},"model":"custom_swords:fairy_sword"},{"predicate":{"custom_model_data":10006},"model":"custom_swords:fiend_sword"},{"predicate":{"custom_model_data":10007},"model":"custom_swords:ifrit_sword"},{"predicate":{"custom_model_data":10008},"model":"custom_swords:inferno_sword"},{"predicate":{"custom_model_data":10009},"model":"custom_swords:mystic_sword"},{"predicate":{"custom_model_data":10010},"model":"custom_swords:necrodius_sword"},{"predicate":{"custom_model_data":10011},"model":"custom_swords:neptune_sword"},{"predicate":{"custom_model_data":10012},"model":"custom_swords:nexus_sword"},{"predicate":{"custom_model_data":10013},"model":"custom_swords:ninja_sword"},{"predicate":{"custom_model_data":10014},"model":"custom_swords:violet_sword"},{"predicate":{"custom_model_data":10015},"model":"custom_swords:ia_auto_gen/sharp_light_sword"},{"predicate":{"custom_model_data":10016},"model":"custom_swords:ia_auto_gen/sinister_sword"},{"predicate":{"custom_model_data":10017},"model":"custom_swords:ia_auto_gen/snow_tank_sword"},{"predicate":{"custom_model_data":10018},"model":"custom_swords:ia_auto_gen/soul_feeder_sword"},{"predicate":{"custom_model_data":10019},"model":"custom_swords:ia_auto_gen/soul_reaper_sword"},{"predicate":{"custom_model_data":10020},"model":"custom_swords:ia_auto_gen/spitting_dragon"},{"predicate":{"custom_model_data":10021},"model":"custom_swords:ia_auto_gen/steam_sword"},{"predicate":{"custom_model_data":10022},"model":"custom_swords:ia_auto_gen/sun_sword"},{"predicate":{"custom_model_data":10023},"model":"custom_swords:ia_auto_gen/terror_sword"},{"predicate":{"custom_model_data":10024},"model":"custom_swords:ia_auto_gen/timeless_sword"},{"predicate":{"custom_model_data":10025},"model":"custom_swords:ia_auto_gen/transcended_sword"},{"predicate":{"custom_model_data":10026},"model":"custom_swords:ia_auto_gen/undead_edge_sword"},{"predicate":{"custom_model_data":10027},"model":"custom_swords:ia_auto_gen/undead_sword"},{"predicate":{"custom_model_data":10028},"model":"custom_swords:ia_auto_gen/unholy_sword"},{"predicate":{"custom_model_data":10029},"model":"custom_swords:ia_auto_gen/vampire_sword"},{"predicate":{"custom_model_data":10030},"model":"custom_swords:ia_auto_gen/vile_sword"},{"predicate":{"custom_model_data":10031},"model":"custom_swords:ia_auto_gen/void_sword"},{"predicate":{"custom_model_data":10032},"model":"custom_swords:ia_auto_gen/voodoo_sword"},{"predicate":{"custom_model_data":10033},"model":"custom_swords:ia_auto_gen/wrath_sword"},{"predicate":{"custom_model_data":10034},"model":"item/netherite_sword"}]}