{"parent":"minecraft:item/handheld","textures":{"layer0":"minecraft:item/netherite_hoe"},"overrides":[{"predicate":{"custom_model_data":10001},"model":"custom_hoes:sweet_hoe"},{"predicate":{"custom_model_data":10002},"model":"custom_hoes:fiend_hoe"},{"predicate":{"custom_model_data":10003},"model":"custom_hoes:cupid_hoe"},{"predicate":{"custom_model_data":10004},"model":"custom_hoes:inferno_hoe"},{"predicate":{"custom_model_data":10005},"model":"custom_hoes:ifrit_hoe"},{"predicate":{"custom_model_data":10006},"model":"custom_hoes:sakura_hoe"},{"predicate":{"custom_model_data":10007},"model":"custom_hoes:ia_auto_gen/adamantite_hoe"},{"predicate":{"custom_model_data":10008},"model":"custom_hoes:ia_auto_gen/advanced_hoe"},{"predicate":{"custom_model_data":10009},"model":"custom_hoes:ia_auto_gen/amethyst_hoe"},{"predicate":{"custom_model_data":10010},"model":"custom_hoes:ia_auto_gen/aquametal_hoe"},{"predicate":{"custom_model_data":10011},"model":"custom_hoes:ia_auto_gen/bluesteel_hoe"},{"predicate":{"custom_model_data":10012},"model":"custom_hoes:ia_auto_gen/dark_iron_hoe"},{"predicate":{"custom_model_data":10013},"model":"custom_hoes:ia_auto_gen/lava_forge_hoe"},{"predicate":{"custom_model_data":10014},"model":"custom_hoes:ia_auto_gen/meteorite_hoe"},{"predicate":{"custom_model_data":10015},"model":"custom_hoes:ia_auto_gen/mythril_hoe"},{"predicate":{"custom_model_data":10016},"model":"custom_hoes:ia_auto_gen/nuclear_core_hoe"},{"predicate":{"custom_model_data":10017},"model":"custom_hoes:ia_auto_gen/phantom_hoe"},{"predicate":{"custom_model_data":10018},"model":"custom_hoes:ia_auto_gen/prometheum_hoe"},{"predicate":{"custom_model_data":10019},"model":"custom_hoes:ia_auto_gen/spirit_hoe"},{"predicate":{"custom_model_data":10020},"model":"custom_hoes:ia_auto_gen/stardust_hoe"},{"predicate":{"custom_model_data":10021},"model":"custom_hoes:ia_auto_gen/void_hoe"},{"predicate":{"custom_model_data":10056},"model":"custom_wands:earth_wand"},{"predicate":{"custom_model_data":10057},"model":"custom_wands:fire_wand"},{"predicate":{"custom_model_data":10058},"model":"custom_wands:lightning_wand"},{"predicate":{"custom_model_data":10059},"model":"custom_wands:money_wand"},{"predicate":{"custom_model_data":10060},"model":"item/netherite_hoe"}]}