{"parent":"minecraft:item/generated","textures":{"layer0":"minecraft:item/paper"},"overrides":[{"predicate":{"custom_model_data":10000},"model":"_iainternal:ia_auto_gen/icon_left_blue"},{"predicate":{"custom_model_data":10001},"model":"_iainternal:ia_auto_gen/icon_right_blue"},{"predicate":{"custom_model_data":10002},"model":"_iainternal:ia_auto_gen/icon_search"},{"predicate":{"custom_model_data":10003},"model":"_iainternal:ia_auto_gen/icon_cancel"},{"predicate":{"custom_model_data":10004},"model":"_iainternal:ia_auto_gen/icon_arrow_chest"},{"predicate":{"custom_model_data":10005},"model":"_iainternal:ia_auto_gen/icon_back_orange"},{"predicate":{"custom_model_data":10006},"model":"_iainternal:ia_auto_gen/icon_next_orange"},{"predicate":{"custom_model_data":10007},"model":"customemojis:ia_auto_gen/pepe-boxing"},{"predicate":{"custom_model_data":10008},"model":"customicons:ia_auto_gen/icon_generator"},{"predicate":{"custom_model_data":10009},"model":"customicons:ia_auto_gen/icon_money"},{"predicate":{"custom_model_data":10010},"model":"lootcrat_plus:normal/amethyst_box"},{"predicate":{"custom_model_data":10011},"model":"lootcrat_plus:normal/diamond_box"},{"predicate":{"custom_model_data":10012},"model":"lootcrat_plus:normal/emerald_box"},{"predicate":{"custom_model_data":10013},"model":"lootcrat_plus:normal/gold_box"},{"predicate":{"custom_model_data":10014},"model":"lootcrat_plus:normal/iron_box"},{"predicate":{"custom_model_data":10015},"model":"lootcrat_plus:normal/amethyst_key"},{"predicate":{"custom_model_data":10016},"model":"lootcrat_plus:normal/diamond_key"},{"predicate":{"custom_model_data":10017},"model":"lootcrat_plus:normal/emerald_key"},{"predicate":{"custom_model_data":10018},"model":"lootcrat_plus:normal/gold_key"},{"predicate":{"custom_model_data":10019},"model":"lootcrat_plus:normal/iron_key"},{"predicate":{"custom_model_data":10020},"model":"lootcrat_plus:rare/amethyst_box"},{"predicate":{"custom_model_data":10021},"model":"lootcrat_plus:rare/diamond_box"},{"predicate":{"custom_model_data":10022},"model":"lootcrat_plus:rare/emerald_box"},{"predicate":{"custom_model_data":10023},"model":"lootcrat_plus:rare/gold_box"},{"predicate":{"custom_model_data":10024},"model":"lootcrat_plus:rare/iron_box"},{"predicate":{"custom_model_data":10025},"model":"lootcrat_plus:rare/amethyst_key"},{"predicate":{"custom_model_data":10026},"model":"lootcrat_plus:rare/diamond_key"},{"predicate":{"custom_model_data":10027},"model":"lootcrat_plus:rare/emerald_key"},{"predicate":{"custom_model_data":10028},"model":"lootcrat_plus:rare/gold_key"},{"predicate":{"custom_model_data":10029},"model":"lootcrat_plus:rare/iron_key"},{"predicate":{"custom_model_data":10030},"model":"lootcrat_plus:epic/amethyst_box"},{"predicate":{"custom_model_data":10031},"model":"lootcrat_plus:epic/diamond_box"},{"predicate":{"custom_model_data":10032},"model":"lootcrat_plus:epic/emerald_box"},{"predicate":{"custom_model_data":10033},"model":"lootcrat_plus:epic/gold_box"},{"predicate":{"custom_model_data":10034},"model":"lootcrat_plus:epic/iron_box"},{"predicate":{"custom_model_data":10035},"model":"lootcrat_plus:epic/amethyst_key"},{"predicate":{"custom_model_data":10036},"model":"lootcrat_plus:epic/diamond_key"},{"predicate":{"custom_model_data":10037},"model":"lootcrat_plus:epic/emerald_key"},{"predicate":{"custom_model_data":10038},"model":"lootcrat_plus:epic/gold_key"},{"predicate":{"custom_model_data":10039},"model":"lootcrat_plus:epic/iron_key"},{"predicate":{"custom_model_data":10040},"model":"lootcrat_plus:legendary/amethyst_box"},{"predicate":{"custom_model_data":10041},"model":"lootcrat_plus:legendary/diamond_box"},{"predicate":{"custom_model_data":10042},"model":"lootcrat_plus:legendary/emerald_box"},{"predicate":{"custom_model_data":10043},"model":"lootcrat_plus:legendary/gold_box"},{"predicate":{"custom_model_data":10044},"model":"lootcrat_plus:legendary/iron_box"},{"predicate":{"custom_model_data":10045},"model":"lootcrat_plus:legendary/amethyst_key"},{"predicate":{"custom_model_data":10046},"model":"lootcrat_plus:legendary/diamond_key"},{"predicate":{"custom_model_data":10047},"model":"lootcrat_plus:legendary/emerald_key"},{"predicate":{"custom_model_data":10048},"model":"lootcrat_plus:legendary/gold_key"},{"predicate":{"custom_model_data":10049},"model":"lootcrat_plus:legendary/iron_key"},{"predicate":{"custom_model_data":10066},"model":"customicons:ia_auto_gen/energy_shard"},{"predicate":{"custom_model_data":10067},"model":"customicons:ia_auto_gen/essence_stone"},{"predicate":{"custom_model_data":10068},"model":"customemojis:ia_auto_gen/pepe-nervous"},{"predicate":{"custom_model_data":10069},"model":"customemojis:ia_auto_gen/joeangry"},{"predicate":{"custom_model_data":10070},"model":"customemojis:ia_auto_gen/pepe-noted"},{"predicate":{"custom_model_data":10071},"model":"customemojis:ia_auto_gen/pepe-bruh"},{"predicate":{"custom_model_data":10072},"model":"customemojis:ia_auto_gen/pepe-sword"},{"predicate":{"custom_model_data":10073},"model":"customemojis:ia_auto_gen/kekw-suffer"},{"predicate":{"custom_model_data":10074},"model":"customemojis:ia_auto_gen/pepe-hands"},{"predicate":{"custom_model_data":10075},"model":"customemojis:ia_auto_gen/pepe-sus"},{"predicate":{"custom_model_data":10076},"model":"customemojis:ia_auto_gen/reverse"},{"predicate":{"custom_model_data":10077},"model":"customemojis:ia_auto_gen/kekw"},{"predicate":{"custom_model_data":10078},"model":"customemojis:ia_auto_gen/wat"},{"predicate":{"custom_model_data":10079},"model":"customemojis:ia_auto_gen/laughing"},{"predicate":{"custom_model_data":10080},"model":"customemojis:ia_auto_gen/poop"},{"predicate":{"custom_model_data":10081},"model":"customemojis:ia_auto_gen/pepe-dumb"},{"predicate":{"custom_model_data":10082},"model":"customemojis:ia_auto_gen/pepe-sad"},{"predicate":{"custom_model_data":10083},"model":"customemojis:ia_auto_gen/fuckboi"},{"predicate":{"custom_model_data":10084},"model":"customemojis:ia_auto_gen/rip"},{"predicate":{"custom_model_data":10085},"model":"customemojis:ia_auto_gen/pepe-craft"},{"predicate":{"custom_model_data":10086},"model":"customicons:ia_auto_gen/transparent"},{"predicate":{"custom_model_data":10087},"model":"customicons:ia_auto_gen/op_essence_stone"},{"predicate":{"custom_model_data":10088},"model":"hmccosmetics:item/backpack"},{"predicate":{"custom_model_data":10089},"model":"hmccosmetics:item/backpack_thirdperson"},{"predicate":{"custom_model_data":10090},"model":"hmccosmetics:item/lantern_cosmetic"},{"predicate":{"custom_model_data":10091},"model":"hmccosmetics:item/baseball_hat"},{"predicate":{"custom_model_data":10092},"model":"hmccosmetics:ia_auto_gen/hmccosmetics_icon"},{"predicate":{"custom_model_data":10093},"model":"hmccosmetics:ia_auto_gen/arrow_back"},{"predicate":{"custom_model_data":10094},"model":"hmccosmetics:ia_auto_gen/arrow_next"},{"predicate":{"custom_model_data":10095},"model":"hmccosmetics:item/kite"},{"predicate":{"custom_model_data":10096},"model":"hmccosmetics:item/future_wings"},{"predicate":{"custom_model_data":10097},"model":"hmccosmetics:item/future_wings_thirdperson"},{"predicate":{"custom_model_data":10098},"model":"hmccosmetics:item/frog_hat"},{"predicate":{"custom_model_data":10099},"model":"hmccosmetics:item/jetpack"},{"predicate":{"custom_model_data":10100},"model":"hmccosmetics:item/hammer"},{"predicate":{"custom_model_data":10101},"model":"hmccosmetics:item/garbage_truck_balloon_item"},{"predicate":{"custom_model_data":10102},"model":"hmccosmetics:item/jetpack_thirdperson"},{"predicate":{"custom_model_data":10103},"model":"hmccosmetics:item/hibiscus_flower"},{"predicate":{"custom_model_data":10105},"model":"animated_wings:demon_wings"},{"predicate":{"custom_model_data":10113},"model":"custom_cosmetics:demonic_wings"},{"predicate":{"custom_model_data":10114},"model":"custom_cosmetics:angelic_wings"},{"predicate":{"custom_model_data":10115},"model":"custom_cosmetics:nature_wings"},{"predicate":{"custom_model_data":10116},"model":"custom_cosmetics:scifi_wings"},{"predicate":{"custom_model_data":10117},"model":"custom_cosmetics:baloon"},{"predicate":{"custom_model_data":10118},"model":"custom_cosmetics:back2"},{"predicate":{"custom_model_data":10119},"model":"custom_cosmetics:bearhat"},{"predicate":{"custom_model_data":10120},"model":"custom_cosmetics:divingglasses"},{"predicate":{"custom_model_data":10121},"model":"custom_cosmetics:ear1"},{"predicate":{"custom_model_data":10122},"model":"custom_cosmetics:ear2"},{"predicate":{"custom_model_data":10123},"model":"custom_cosmetics:headphone"},{"predicate":{"custom_model_data":10124},"model":"custom_cosmetics:hornhat"},{"predicate":{"custom_model_data":10125},"model":"custom_cosmetics:mask"},{"predicate":{"custom_model_data":10126},"model":"custom_cosmetics:ender_backpack"},{"predicate":{"custom_model_data":10127},"model":"custom_cosmetics:ender_hand"},{"predicate":{"custom_model_data":10128},"model":"custom_cosmetics:ender_hat"},{"predicate":{"custom_model_data":10129},"model":"custom_cosmetics:frozen_backpack"},{"predicate":{"custom_model_data":10130},"model":"custom_cosmetics:frozen_hand"},{"predicate":{"custom_model_data":10131},"model":"custom_cosmetics:frozen_hat"},{"predicate":{"custom_model_data":10132},"model":"custom_cosmetics:knight_backpack"},{"predicate":{"custom_model_data":10133},"model":"custom_cosmetics:knight_hand"},{"predicate":{"custom_model_data":10134},"model":"custom_cosmetics:knight_hat"},{"predicate":{"custom_model_data":10135},"model":"custom_cosmetics:ninja_backpack"},{"predicate":{"custom_model_data":10136},"model":"custom_cosmetics:ninja_hand"},{"predicate":{"custom_model_data":10137},"model":"custom_cosmetics:ninja_hat"},{"predicate":{"custom_model_data":10138},"model":"custom_cosmetics:wizard_backpack"},{"predicate":{"custom_model_data":10139},"model":"custom_cosmetics:wizard_hand"},{"predicate":{"custom_model_data":10140},"model":"custom_cosmetics:wizard_hat"},{"predicate":{"custom_model_data":10141},"model":"custom_cosmetics:chef_hat"},{"predicate":{"custom_model_data":10142},"model":"custom_cosmetics:cowboy_hat"},{"predicate":{"custom_model_data":10143},"model":"custom_cosmetics:snow_fox_sleeping"},{"predicate":{"custom_model_data":10144},"model":"custom_cosmetics:witch_hat"},{"predicate":{"custom_model_data":10145},"model":"custom_crates:normal_crate"},{"predicate":{"custom_model_data":10146},"model":"custom_crates:crystal_crate"},{"predicate":{"custom_model_data":10147},"model":"custom_crates:magma_crate"},{"predicate":{"custom_model_data":10148},"model":"custom_crates:monthly_crate"},{"predicate":{"custom_model_data":10149},"model":"custom_crates:tree_crate"},{"predicate":{"custom_model_data":10150},"model":"custom_crates:void_crate"},{"predicate":{"custom_model_data":10151},"model":"custom_crates:vote_crate"},{"predicate":{"custom_model_data":10152},"model":"item/paper"}]}